{
"type": "FeatureCollection",
"name": "kasur",
"crs": { "type": "name", "properties": { "name": "urn:ogc:def:crs:EPSG::32643" } },
"features": [
{ "type": "Feature", "properties": { "PARENT_CHA": "BRBD Link Canal", "ZONE_NAME": "Lahore", "CIRCLE_NAM": "DCC", "CHANNEL_NA": "Kasur Minor(R)", "CHANNEL_TY": "M", "GCA": "1774", "CCA": "1571", "DESIGNED_D": 5.0, "Flowtype_E": "NP" }, "geometry": { "type": "MultiLineString", "coordinates": [ [ [ 452299.634600000455976, 3443976.101500000804663 ], [ 453085.365000000223517, 3444203.492900002747774 ], [ 454477.411500002257526, 3444597.626599999144673 ] ] ] } },
{ "type": "Feature", "properties": { "PARENT_CHA": "BRBD Link Canal", "ZONE_NAME": "Lahore", "CIRCLE_NAM": "DCC", "CHANNEL_NA": "Kasur Minor(L)", "CHANNEL_TY": "M", "GCA": "1043", "CCA": "4215", "DESIGNED_D": 3.0, "Flowtype_E": "NP" }, "geometry": { "type": "MultiLineString", "coordinates": [ [ [ 452299.634600000455976, 3443976.101500000804663 ], [ 452278.824699998833239, 3443971.622300000861287 ], [ 452055.232200001366436, 3443923.495000002905726 ], [ 451974.479799999855459, 3443906.113399999216199 ], [ 451555.673600001260638, 3443815.967199999839067 ], [ 451309.863300001248717, 3443763.057599999010563 ], [ 451125.441599999554455, 3443723.361700002104044 ], [ 450958.413200001232326, 3443692.178300002589822 ], [ 450846.349499999545515, 3443671.256500001996756 ], [ 450513.118400000035763, 3443609.0439 ], [ 450509.175300000235438, 3443608.307700000703335 ] ] ] } },
{ "type": "Feature", "properties": { "PARENT_CHA": "BRBD Link Canal", "ZONE_NAME": "Lahore", "CIRCLE_NAM": "DCC", "CHANNEL_NA": "Upper Depalpur Canal", "CHANNEL_TY": "MC", "GCA": "4654", "CCA": "4215", "DESIGNED_D": 2380.0, "Flowtype_E": "NP" }, "geometry": { "type": "MultiLineString", "coordinates": [ [ [ 454541.151199999265373, 3433858.14670000039041 ], [ 454525.646000000648201, 3433826.956700002774596 ], [ 454534.026300000958145, 3433711.0022 ], [ 454478.125800000503659, 3433655.101600000634789 ], [ 454399.86500000115484, 3433640.19480000063777 ], [ 454325.330900001339614, 3433647.648199999704957 ], [ 454220.983199999667704, 3433670.008500000461936 ], [ 454131.542300001718104, 3433632.741399997845292 ], [ 453956.387299999594688, 3433565.660800004377961 ], [ 453796.139000002294779, 3433401.68579999729991 ], [ 453635.890800001099706, 3433166.9035 ], [ 453322.847699999809265, 3432701.06560000218451 ], [ 453065.705199999734759, 3432451.376400001347065 ], [ 452838.376200001686811, 3432369.388900004327297 ], [ 452588.820700000971556, 3432376.418700002133846 ], [ 452580.478800000622869, 3432375.907800002023578 ], [ 452571.221800001338124, 3432375.816099999472499 ], [ 452562.503900000825524, 3432376.776900002732873 ], [ 451891.755300000309944, 3432529.521600002422929 ], [ 450209.694300000555813, 3432551.086500000208616 ], [ 448894.236400000751019, 3432572.6513 ], [ 448010.076100001111627, 3432529.521600002422929 ], [ 447550.025299999862909, 3432436.073700001463294 ], [ 447251.210900001227856, 3432381.063199998810887 ], [ 446831.008500001393259, 3432282.480100002139807 ], [ 445908.640100001357496, 3432063.262500001117587 ], [ 445118.629399999976158, 3431872.998099999502301 ], [ 444516.151599999517202, 3431689.2820999994874 ], [ 444511.497500000521541, 3431687.86290000192821 ], [ 444163.171500001102686, 3431504.877999998629093 ], [ 443704.055399999953806, 3431277.388000000268221 ], [ 442607.967300000600517, 3430739.684399999678135 ], [ 441631.988500000908971, 3430272.382300002500415 ], [ 441630.744099999777973, 3430271.710100000724196 ], [ 441613.153200000524521, 3430262.206999998539686 ], [ 441481.178000001236796, 3430190.910099998116493 ], [ 441271.980700001120567, 3430077.895400000736117 ], [ 440850.090200000442564, 3429871.086300002411008 ], [ 440597.783100000582635, 3429730.4561 ], [ 440415.791100000031292, 3429606.370699999853969 ], [ 440250.343900000676513, 3429461.604299999773502 ], [ 440047.67100000102073, 3429254.79530000127852 ], [ 439907.04079999960959, 3429064.530899999663234 ], [ 439505.831200000829995, 3428468.920800004154444 ], [ 439220.43470000103116, 3428063.574999999254942 ], [ 439071.532200000248849, 3427836.085000002756715 ], [ 438959.855300000868738, 3427600.322700001299381 ], [ 438475.922000001184642, 3426549.732600001618266 ], [ 438107.801900001242757, 3425743.177200002595782 ], [ 437958.899400000460446, 3425412.282700000330806 ], [ 437727.27320000063628, 3424936.62190000154078 ], [ 437619.732500000856817, 3424754.629899999126792 ], [ 437483.238499999977648, 3424589.182600000873208 ], [ 436763.542900000698864, 3423890.167999999597669 ], [ 436014.894100002013147, 3423174.6086 ], [ 435365.513600001111627, 3422545.909 ], [ 434928.308200001716614, 3422119.196600001305342 ], [ 434848.490900000557303, 3422041.2949 ], [ 434558.95820000115782, 3421772.443099999800324 ], [ 434401.783300000242889, 3421623.540500001981854 ], [ 434215.655200000852346, 3421544.953099999576807 ], [ 433880.624499999918044, 3421433.276200003921986 ], [ 433603.500300000421703, 3421379.505800001323223 ], [ 433276.742000000551343, 3421387.778200002387166 ], [ 432949.983599999919534, 3421375.369599999859929 ], [ 432693.540400001220405, 3421354.688700001686811 ], [ 432432.961000001057982, 3421296.782200003042817 ], [ 432238.56040000077337, 3421230.603299997746944 ], [ 432023.479000000283122, 3421147.879699999466538 ], [ 431841.486999999731779, 3421052.747500002384186 ], [ 431564.36290000192821, 3420879.027899999171495 ], [ 431179.698000000789762, 3420543.997199999168515 ], [ 430484.819500000216067, 3419915.297600001096725 ], [ 429831.302900000475347, 3419352.776900000870228 ], [ 429376.322900000959635, 3418935.022600002586842 ], [ 429268.782200001180172, 3418810.937200002372265 ], [ 429173.650000000372529, 3418686.851700000464916 ], [ 429004.0666000014171, 3418351.821000000461936 ], [ 428685.580599999986589, 3417723.121400002390146 ], [ 428578.039900000207126, 3417512.176200000569224 ], [ 428416.728799999691546, 3417206.098799999803305 ], [ 428094.106699999421835, 3416573.263000002130866 ], [ 427891.433799999766052, 3416184.462000001221895 ], [ 427796.301600000821054, 3415985.925199998542666 ], [ 427721.850300001911819, 3415837.022700000554323 ], [ 427684.624699999578297, 3415688.120200000703335 ], [ 427643.262900001369417, 3415456.494000002741814 ], [ 427614.309600000269711, 3415274.502000000327826 ], [ 427618.44579999987036, 3415034.603499997407198 ], [ 427630.854300000704825, 3414877.428600000217557 ], [ 427668.080000001005828, 3414740.934599999338388 ], [ 427742.531200001947582, 3414501.036100000143051 ], [ 427845.935800000093877, 3414285.954700002446771 ], [ 427990.702100001275539, 3414008.83050000295043 ], [ 428127.196100000292063, 3413760.659600000828505 ], [ 428185.10259999986738, 3413578.667700000107288 ], [ 428222.328300001099706, 3413421.492800002917647 ], [ 428247.145400000736117, 3413334.633000001311302 ], [ 428263.690100001171231, 3413218.819900002330542 ], [ 428276.098600001074374, 3413003.738400001078844 ], [ 428251.281499999575317, 3412809.337899999693036 ], [ 428201.647400001063943, 3412552.8947 ], [ 428094.106699999421835, 3412284.042900001630187 ], [ 427920.387000000104308, 3412015.191100001335144 ], [ 427697.033200002275407, 3411667.751800000667572 ], [ 427142.784900000318885, 3411092.8226000033319 ], [ 426228.688800001516938, 3410158.045600002631545 ], [ 425306.32039999961853, 3409239.813300000503659 ], [ 424462.53940000012517, 3408396.032299999147654 ], [ 423874.032300000078976, 3407811.528699999675155 ], [ 423854.52070000115782, 3407792.149800000712276 ], [ 423822.701600001193583, 3407759.973200000822544 ], [ 423821.082700000144541, 3407758.3361000046134 ], [ 423819.918200000189245, 3407757.158500000834465 ], [ 423486.400500000454485, 3407419.893500002101064 ], [ 422584.713000000454485, 3406567.84010000154376 ], [ 421583.757100000046194, 3405686.833500001579523 ], [ 420694.478100000880659, 3404896.822800002992153 ], [ 420235.361900000832975, 3404499.749400001019239 ], [ 420182.57660000026226, 3404458.3772 ], [ 420082.323200000450015, 3404379.800199998542666 ], [ 419904.467400001361966, 3404288.804200001060963 ], [ 419590.117599999532104, 3404214.352900002151728 ], [ 418977.962799999862909, 3404135.76549999974668 ], [ 418229.313900000415742, 3404057.178000003099442 ], [ 417749.5168999992311, 3404011.680000001564622 ], [ 417571.661100001074374, 3403990.999099999666214 ], [ 417410.350000000558794, 3403953.773500001057982 ], [ 417282.128400001674891, 3403891.730799999088049 ], [ 417046.366100000217557, 3403780.053900001570582 ], [ 416827.148400001227856, 3403614.606599999591708 ], [ 416388.713200000114739, 3403101.720099998638034 ], [ 415879.962899999693036, 3402518.518500002101064 ], [ 415007.228600000962615, 3401596.150100003927946 ], [ 414659.789400001056492, 3401285.936499997973442 ], [ 414494.342100000940263, 3401112.21680000051856 ], [ 414088.996299999766052, 3400611.738900002092123 ], [ 413480.977699999697506, 3399801.047300001606345 ], [ 412761.2820999994874, 3398870.406500002369285 ], [ 412139.770800000056624, 3398092.804400000721216 ] ] ] } },
{ "type": "Feature", "properties": { "PARENT_CHA": "Upper Depalpur Canal", "ZONE_NAME": "Lahore", "CIRCLE_NAM": "DCC", "CHANNEL_NA": "Chorkot Disty", "CHANNEL_TY": "D", "GCA": "27106", "CCA": "21702", "DESIGNED_D": 324.0, "Flowtype_E": "NP" }, "geometry": { "type": "MultiLineString", "coordinates": [ [ [ 444516.151599999517202, 3431689.2820999994874 ], [ 444429.865500001236796, 3431737.602300003170967 ], [ 444326.83390000090003, 3431805.105800000950694 ], [ 444277.094500000588596, 3431861.950800003483891 ], [ 444227.355100000277162, 3431961.42960000410676 ], [ 444188.27419999986887, 3432043.144300000742078 ], [ 444159.851700002327561, 3432099.98930000141263 ], [ 444099.453800001181662, 3432160.38710000179708 ], [ 444031.950400000438094, 3432210.126500001177192 ], [ 442852.416199999861419, 3432750.154200004413724 ], [ 442312.388600000180304, 3432981.087100001052022 ], [ 442212.909799999557436, 3433023.720900001004338 ], [ 442124.089400000870228, 3433037.932100001722574 ], [ 442028.163499999791384, 3433034.379300000146031 ], [ 441779.46650000102818, 3432973.981499999761581 ], [ 440660.330200000666082, 3432657.781099999323487 ], [ 440148.725100001320243, 3432650.675400003790855 ], [ 440035.035000000149012, 3432675.545099999755621 ], [ 439747.257100000977516, 3432831.868900001049042 ], [ 439395.52860000077635, 3433016.615199999883771 ], [ 439285.391300002112985, 3433066.354600001126528 ], [ 439224.99349999986589, 3433084.118699999526143 ], [ 438468.244200000539422, 3433037.932100001722574 ], [ 437722.153300000354648, 3432995.298400001600385 ], [ 437619.121700000017881, 3432973.981499999761581 ], [ 436979.615299999713898, 3432803.446400001645088 ], [ 436563.93610000051558, 3432757.259800000116229 ], [ 435885.348699999041855, 3432682.650800002738833 ], [ 435739.683299999684095, 3432664.886700000613928 ], [ 435618.887600001879036, 3432693.309200001880527 ], [ 435490.986400001682341, 3432764.365499999374151 ], [ 435320.45130000077188, 3432927.794900001958013 ], [ 435110.835300001315773, 3433105.435600001364946 ], [ 435025.567800001241267, 3433162.280600003898144 ], [ 434911.877700000070035, 3433180.044700002297759 ], [ 434808.846099998801947, 3433176.491900004446507 ], [ 434717.133800001814961, 3433132.334100000560284 ], [ 434712.92020000051707, 3433130.305300002917647 ], [ 434613.441399999894202, 3433045.037699999287724 ], [ 434471.32880000025034, 3432892.266799999400973 ], [ 434436.818799998611212, 3432864.658800000324845 ], [ 434364.744400001130998, 3432806.999200001358986 ], [ 434222.63190000038594, 3432725.284499999135733 ], [ 434087.625, 3432711.073300002142787 ], [ 433817.611100002191961, 3432757.259800000116229 ], [ 432904.53800000064075, 3432913.58360000140965 ], [ 431014.441200001165271, 3433219.125600000843406 ], [ 430513.494400000199676, 3433304.393100004643202 ], [ 430410.462799999862909, 3433290.181900002062321 ], [ 430293.220000000670552, 3433240.442500002682209 ], [ 429113.685900000855327, 3432629.3586 ], [ 428964.467699999921024, 3432558.302300002425909 ], [ 428847.22480000089854, 3432536.985400000587106 ], [ 428690.901000001467764, 3432565.4079 ], [ 428297.074800001457334, 3432691.352300001308322 ], [ 427990.996700000949204, 3432789.235200000926852 ], [ 427720.982900001108646, 3432878.055500002577901 ], [ 427660.585099999792874, 3432906.478000000119209 ], [ 427575.317500000819564, 3433005.956800000742078 ], [ 426896.730100000277162, 3433812.445500001311302 ], [ 426747.512000001035631, 3434014.955900000408292 ], [ 426651.586000001057982, 3434093.117799999192357 ], [ 426534.343100001104176, 3434142.857200004160404 ], [ 426406.441900000907481, 3434160.621200004592538 ], [ 426296.30460000038147, 3434153.515600003302097 ], [ 425162.957100000232458, 3433773.364499999210238 ], [ 422551.639000001363456, 3432924.24210000038147 ], [ 422359.787100000306964, 3432849.632999999448657 ], [ 422274.519600001163781, 3432835.421700002625585 ], [ 422178.593600001186132, 3432835.421700002625585 ], [ 422072.009200002066791, 3432849.632999999448657 ], [ 421958.319200001657009, 3432913.58360000140965 ], [ 421254.862100000493228, 3433528.2204 ], [ 420324.024900000542402, 3434334.709100000560284 ], [ 420225.012600000016391, 3434366.551100000739098 ], [ 420223.652700000442564, 3434366.9397 ], [ 420174.806699999608099, 3434380.895700002089143 ], [ 419290.156100001186132, 3434626.039800001308322 ], [ 418689.730600001290441, 3434796.574899999424815 ], [ 417009.249700001440942, 3434622.486999999731779 ], [ 416916.876600000075996, 3434565.642000002786517 ], [ 415129.811300000175834, 3433126.752499999478459 ], [ 414620.90639999974519, 3432727.489700000733137 ], [ 414255.819200000725687, 3432441.059399999678135 ], [ 414149.234800001606345, 3432430.400999998673797 ], [ 412887.985900000669062, 3432355.791899999603629 ], [ 412600.207999999634922, 3432334.475000001490116 ], [ 412419.01450000051409, 3432274.077200002968311 ], [ 411125.790300001390278, 3431982.746500000357628 ], [ 411040.522800001315773, 3431922.348600002005696 ], [ 410930.385599999688566, 3431794.447299998253584 ], [ 410134.555300001986325, 3430518.987199999392033 ], [ 409701.112099999561906, 3429829.741399999707937 ], [ 408837.778300002217293, 3429158.259600004181266 ], [ 408738.299600000493228, 3429136.942700002342463 ], [ 408297.750700000673532, 3429229.315900001674891 ], [ 407306.515700000338256, 3429435.379100002348423 ], [ 406929.917400000616908, 3429524.199400000274181 ], [ 406830.4386, 3429534.857899999246001 ], [ 406784.252100001089275, 3429534.857899999246001 ], [ 406716.748599999584258, 3429499.329700000584126 ], [ 406567.530399999581277, 3429399.8509 ], [ 405046.926199999637902, 3428486.777799999341369 ], [ 404663.222300000488758, 3428220.316800002008677 ] ] ] } },
{ "type": "Feature", "properties": { "PARENT_CHA": "Chorkot Disty", "ZONE_NAME": "Lahore", "CIRCLE_NAM": "DCC", "CHANNEL_NA": "Bhila Minor", "CHANNEL_TY": "M", "GCA": "9074", "CCA": "7607", "DESIGNED_D": 41.0, "Flowtype_E": "NP" }, "geometry": { "type": "MultiLineString", "coordinates": [ [ [ 434717.133800001814961, 3433132.334100000560284 ], [ 434695.395000000484288, 3433222.875400001183152 ], [ 434618.855900001712143, 3433726.757799999788404 ], [ 434523.182000000029802, 3434342.259600000455976 ], [ 434319.077800000086427, 3435528.615500001236796 ], [ 434309.510400000028312, 3435608.343700001016259 ], [ 434245.727900001220405, 3435697.639300003647804 ], [ 433945.949799999594688, 3436029.308700002729893 ], [ 433607.902099999599159, 3436421.57149999961257 ], [ 433540.930399999953806, 3436459.841 ], [ 433320.880500001832843, 3436641.621400002390146 ], [ 433288.989200000651181, 3436670.3235 ], [ 433237.963200001046062, 3436676.701800001785159 ], [ 432743.648199999704957, 3436644.810499999672174 ], [ 432182.361600000411272, 3436498.110600000247359 ], [ 431681.668400000780821, 3436370.545399999246001 ], [ 430906.710099999792874, 3436172.819500001147389 ], [ 429972.295400002039969, 3435566.885000001639128 ], [ 429771.380300001241267, 3435586.019799999892712 ], [ 429245.174100002273917, 3435732.719700001180172 ], [ 428980.476400000974536, 3435822.015300001949072 ], [ 428903.937300002202392, 3435946.391300002112985 ], [ 428846.532999999821186, 3436054.821700001135468 ], [ 428795.506900001317263, 3436093.091300001367927 ], [ 428699.833100001327693, 3436112.226000001654029 ], [ 428097.087800001725554, 3436134.549900002777576 ] ] ] } },
{ "type": "Feature", "properties": { "PARENT_CHA": "Chorkot Disty", "ZONE_NAME": "Lahore", "CIRCLE_NAM": "DCC", "CHANNEL_NA": "Khingranwala Minor", "CHANNEL_TY": "M", "GCA": "6046", "CCA": "5851", "DESIGNED_D": 36.0, "Flowtype_E": "NP" }, "geometry": { "type": "MultiLineString", "coordinates": [ [ [ 434436.818799998611212, 3432864.658800000324845 ], [ 434458.945100001059473, 3432767.356100000441074 ], [ 434458.945100001059473, 3432688.1272 ], [ 434443.610500000417233, 3432593.563700001686811 ], [ 434420.60850000102073, 3432511.77900000102818 ], [ 434333.712300001643598, 3432427.43860000371933 ], [ 433794.44469999987632, 3432028.738299999386072 ], [ 433349.740500000305474, 3431709.267000000923872 ], [ 433168.280799999833107, 3431635.149600001052022 ], [ 432864.144100000150502, 3431499.693700002506375 ], [ 432764.468999999575317, 3431446.022600004449487 ], [ 432570.230400000698864, 3431290.12049999833107 ], [ 432419.439900000579655, 3431193.001200001686811 ], [ 432025.851200001314282, 3431011.541500000283122 ], [ 431696.156800000928342, 3431011.541500000283122 ], [ 431612.327500000596046, 3430846.438699999824166 ], [ 431466.137400000356138, 3430447.738400001078844 ], [ 431326.442700000479817, 3430217.847699999809265 ], [ 431224.048000001348555, 3430049.627900002524257 ], [ 431167.974700000137091, 3430013.058300001546741 ], [ 431094.835600000806153, 3429993.554599998518825 ], [ 430529.227000000886619, 3429998.430500002577901 ], [ 430224.480900000780821, 3430022.810200003907084 ], [ 429746.639100001193583, 3430098.387199999764562 ], [ 429405.323500000871718, 3430149.584599999710917 ], [ 429271.2352, 3430191.030000001192093 ], [ 429161.526600000448525, 3430256.855200000107288 ], [ 429044.504099999554455, 3430322.680300001055002 ], [ 428929.919599999673665, 3430366.563799999654293 ], [ 428815.335099999792874, 3430393.381400000303984 ], [ 428749.510000000707805, 3430405.5713 ], [ 428688.560700000263751, 3430415.323100002482533 ], [ 428612.983700000680983, 3430444.57880000025034 ], [ 428583.728100000880659, 3430456.76860000193119 ], [ 428459.391700000502169, 3430461.644500000402331 ], [ 428381.376699999906123, 3430449.454700004309416 ], [ 428349.683100001886487, 3430442.140800001099706 ], [ 428281.419999999925494, 3430432.388900000602007 ], [ 428142.455800001509488, 3430386.067500002682209 ], [ 427557.343399999663234, 3430264.169100003316998 ], [ 427208.713899999856949, 3430176.402200000360608 ], [ 427162.392500000074506, 3430154.4605 ], [ 426955.165100000798702, 3430010.620400002226233 ], [ 426423.688000001944602, 3429679.056700000539422 ], [ 425926.342400000430644, 3429357.244800001382828 ], [ 425492.384000000543892, 3429069.564500000327826 ] ] ] } },
{ "type": "Feature", "properties": { "PARENT_CHA": "Chorkot Disty", "ZONE_NAME": "Lahore", "CIRCLE_NAM": "DCC", "CHANNEL_NA": "Marali Minor", "CHANNEL_TY": "M", "GCA": "5009", "CCA": "4839", "DESIGNED_D": 30.0, "Flowtype_E": "NP" }, "geometry": { "type": "MultiLineString", "coordinates": [ [ [ 428297.074800001457334, 3432691.352300001308322 ], [ 428238.931600001640618, 3432628.021500002592802 ], [ 428113.389700001105666, 3432524.001000000163913 ], [ 428048.825199999846518, 3432430.741200001910329 ], [ 427962.739300000481308, 3432326.720700001344085 ], [ 427894.587899999693036, 3432229.874100001528859 ], [ 427794.15430000051856, 3432082.810599999502301 ], [ 427722.416000001132488, 3432003.898499999195337 ], [ 427657.851600001566112, 3431960.855500001460314 ], [ 427568.178700000047684, 3431942.92090000025928 ], [ 426793.405300000682473, 3431907.05180000141263 ], [ 426040.153400000184774, 3431885.530300000682473 ], [ 425954.067500000819564, 3431878.356500001624227 ], [ 425846.460100001655519, 3431806.618200002238154 ], [ 425598.963000001385808, 3431580.6426 ], [ 425086.034300002269447, 3431103.583100004121661 ], [ 424992.774500001221895, 3431010.323300000280142 ], [ 424917.449300001375377, 3430981.628000000491738 ], [ 424411.694500001147389, 3430795.108500001952052 ], [ 424314.847799999639392, 3430762.82630000077188 ], [ 424113.980600002221763, 3430816.630000000819564 ], [ 423249.534400000236928, 3431117.930700000375509 ], [ 423098.88399999961257, 3431171.734400004148483 ], [ 422919.538300001062453, 3431157.3868000023067 ], [ 422388.674999998882413, 3431125.104599999263883 ], [ 422029.983599999919534, 3431322.384800001978874 ], [ 421746.617400000803173, 3431465.861400000751019 ], [ 421682.053000000305474, 3431483.796 ], [ 421624.662400000728667, 3431483.796 ], [ 421567.27170000039041, 3431458.687599999830127 ], [ 420810.432900002226233, 3431132.278400003910065 ], [ 420512.719000000506639, 3431039.0186 ] ] ] } },
{ "type": "Feature", "properties": { "PARENT_CHA": "Chorkot Disty", "ZONE_NAME": "Lahore", "CIRCLE_NAM": "DCC", "CHANNEL_NA": "Chaharke Minor", "CHANNEL_TY": "M", "GCA": "4763", "CCA": "4296", "DESIGNED_D": 50.0, "Flowtype_E": "NP" }, "geometry": { "type": "MultiLineString", "coordinates": [ [ [ 420223.652700000442564, 3434366.9397 ], [ 420115.505499999970198, 3434284.64809999987483 ], [ 419910.763000001199543, 3434075.549300001934171 ], [ 419684.239199998788536, 3433805.463300002738833 ], [ 419418.509500000625849, 3433448.252800004556775 ], [ 419161.492200001142919, 3433108.467300001531839 ], [ 419061.299000001512468, 3432982.136700000613928 ], [ 419013.38060000166297, 3432881.943600000813603 ], [ 418900.118700001388788, 3432563.939099999144673 ], [ 418624.477800001390278, 3431767.164599997922778 ], [ 418621.320300000719726, 3431758.037399999797344 ], [ 418447.071299999952316, 3431222.221700001507998 ], [ 418407.865200000815094, 3431135.097200000658631 ], [ 418242.328700000420213, 3430786.599199997261167 ], [ 417950.461600000038743, 3430194.152599999681115 ], [ 417863.337100001052022, 3429976.341300001367927 ], [ 417767.500099999830127, 3429819.517200002446771 ], [ 417676.019400000572205, 3429436.169399999082088 ], [ 417427.714600000530481, 3428425.5252 ], [ 417379.796100001782179, 3428373.250400001183152 ], [ 416643.593999999575317, 3427658.829500000923872 ], [ 416407.440200000070035, 3427519.66750000230968 ], [ 416399.645399999804795, 3427515.074100000783801 ], [ 416247.177500000223517, 3427515.074100000783801 ], [ 415977.091599999926984, 3427515.074100000783801 ], [ 415881.254600000567734, 3427515.074100000783801 ], [ 415785.417700000107288, 3427484.580500001087785 ], [ 415707.005599999800324, 3427423.593299999833107 ], [ 415628.593600002117455, 3427384.387300001457334 ] ] ] } },
{ "type": "Feature", "properties": { "PARENT_CHA": "Chaharke Minor", "ZONE_NAME": "Lahore", "CIRCLE_NAM": "DCC", "CHANNEL_NA": "Sub Chaharke Sub Minor", "CHANNEL_TY": "SM", "GCA": "2821", "CCA": "2401", "DESIGNED_D": 17.0, "Flowtype_E": "NP" }, "geometry": { "type": "MultiLineString", "coordinates": [ [ [ 418624.477800001390278, 3431767.164599997922778 ], [ 418429.64640000090003, 3431731.900100003927946 ], [ 418163.916600001044571, 3431644.77560000307858 ], [ 417980.955199999734759, 3431583.788400001823902 ], [ 417619.388500000350177, 3431396.470800001174212 ], [ 417118.422600002028048, 3431126.384799998253584 ], [ 416661.018899999558926, 3430873.723700003698468 ], [ 416491.126200000755489, 3430773.530500000342727 ], [ 416277.671099999919534, 3430385.826500000432134 ], [ 416186.190400000661612, 3430259.496000001206994 ], [ 415977.091599999926984, 3429880.504400003701448 ], [ 415833.336099999956787, 3429671.405600000172853 ], [ 415432.563400000333786, 3429453.594300001859665 ], [ 415079.70920000039041, 3429253.207900000736117 ], [ 414565.674600000493228, 3428987.478200001642108 ], [ 414452.412700000219047, 3428917.778599999845028 ], [ 413955.803099999204278, 3428800.160499999299645 ] ] ] } },
{ "type": "Feature", "properties": { "PARENT_CHA": "Chorkot Disty", "ZONE_NAME": "Lahore", "CIRCLE_NAM": "DCC", "CHANNEL_NA": "Rohi Minor", "CHANNEL_TY": "M", "GCA": "3955", "CCA": "3333", "DESIGNED_D": 23.0, "Flowtype_E": "NP" }, "geometry": { "type": "MultiLineString", "coordinates": [ [ [ 414620.90639999974519, 3432727.489700000733137 ], [ 414694.134900001809001, 3432652.179500004276633 ], [ 414687.57010000012815, 3432606.226100003346801 ], [ 414618.640100001357496, 3432166.386900002136827 ], [ 414507.039100000634789, 3431418.003599999472499 ], [ 414349.484699999913573, 3430439.853600000962615 ], [ 414339.637599999085069, 3430390.617900000885129 ], [ 414283.837100000120699, 3430370.923600001260638 ], [ 413443.547100000083447, 3430170.698300000280142 ], [ 412649.210500000044703, 3429970.472900001332164 ], [ 411152.44410000089556, 3429612.693200001493096 ], [ 411034.27830000128597, 3429573.304600002244115 ], [ 410965.348299999721348, 3429540.480799999088049 ], [ 410847.182500000111759, 3429451.856500001624227 ], [ 409921.550599999725819, 3428890.5691 ], [ 409613.006699999794364, 3428693.62610000371933 ], [ 409553.923800001852214, 3428673.931800002232194 ], [ 408995.918700000271201, 3428588.5899 ], [ 408943.400600001215935, 3428601.719399999827147 ], [ 408831.799599999561906, 3428565.613200001418591 ], [ 408099.828300000168383, 3428220.963000001385808 ] ] ] } },
{ "type": "Feature", "properties": { "PARENT_CHA": "Upper Depalpur Canal", "ZONE_NAME": "Lahore", "CIRCLE_NAM": "DCC", "CHANNEL_NA": "Sodi Disty", "CHANNEL_TY": "D", "GCA": "9660", "CCA": "9215", "DESIGNED_D": 69.36, "Flowtype_E": "NP" }, "geometry": { "type": "MultiLineString", "coordinates": [ [ [ 441630.744099999777973, 3430271.710100000724196 ], [ 441612.601999999955297, 3430265.245800001546741 ], [ 441459.857599999755621, 3430209.011499999091029 ], [ 440856.473000000230968, 3429905.803200002759695 ], [ 440692.740500001236796, 3429819.388800002634525 ], [ 440592.681800000369549, 3429751.166900001466274 ], [ 440466.850300001911819, 3429673.84880000166595 ], [ 440209.123200002126396, 3429457.0548 ], [ 440122.708800000138581, 3429378.22069999948144 ], [ 440052.970900001004338, 3429305.45070000179112 ], [ 439899.850700000301003, 3429091.688799999654293 ], [ 439834.660899999551475, 3429012.854599999263883 ], [ 439490.519400000572205, 3428494.368300000205636 ], [ 439432.99900000076741, 3428426.474899999797344 ], [ 439354.082499999552965, 3428375.007600001990795 ], [ 439158.50690000038594, 3428340.696100000292063 ], [ 438835.978799999691546, 3428299.522299999371171 ], [ 438417.378399999812245, 3428254.917400000616908 ], [ 437710.5614, 3428176.000900002196431 ], [ 436911.10329999960959, 3428090.22210000269115 ], [ 436482.209500000812113, 3428038.754900000989437 ], [ 436389.568400000222027, 3428028.461400000378489 ], [ 436331.2389000011608, 3427997.58110000193119 ], [ 436283.2027000002563, 3427952.976100001484156 ], [ 436211.148600000888109, 3427850.041600001975894 ], [ 435909.207299999892712, 3427428.010100001469254 ], [ 435641.577600000426173, 3427023.134300000965595 ], [ 435586.679200001060963, 3426937.355500003322959 ], [ 435545.505400001071393, 3426892.750600000843406 ], [ 435418.55280000064522, 3426817.265300001949072 ], [ 434711.735800000838935, 3426408.958400001749396 ], [ 434560.765200001187623, 3426309.455000001937151 ], [ 434348.033800001256168, 3426199.658200001344085 ], [ 434279.410800000652671, 3426141.328600004315376 ], [ 433970.607300000265241, 3425856.543100001290441 ], [ 433527.988800000399351, 3425468.823100002482533 ], [ 433147.131100000813603, 3425115.414599999785423 ], [ 432889.794800001196563, 3424864.94060000218451 ], [ 432292.774600000120699, 3424333.112300001084805 ], [ 432237.876199999824166, 3424271.351500000804663 ], [ 431932.503800000064075, 3423753.2478 ], [ 431863.880800002254546, 3423636.588700003921986 ], [ 431812.413499999791384, 3423567.965700000524521 ], [ 431733.497100000269711, 3423519.929600002244115 ], [ 431582.526500000618398, 3423485.618100000545382 ], [ 431235.980200000107288, 3423403.270400002598763 ], [ 430494.851700001396239, 3423235.144099999219179 ], [ 430282.120400000363588, 3423180.245700001716614 ], [ 430203.203900000080466, 3423125.347300002351403 ], [ 430138.012100000865757, 3423053.293100001290441 ], [ 430004.197200000286102, 3422833.699500000104308 ], [ 429671.375600000843406, 3422356.769500002264977 ] ] ] } },
{ "type": "Feature", "properties": { "PARENT_CHA": "Sodi Disty", "ZONE_NAME": "Lahore", "CIRCLE_NAM": "DCC", "CHANNEL_NA": "Jaggu Minor", "CHANNEL_TY": "M", "GCA": "1797", "CCA": "1444", "DESIGNED_D": 8.62, "Flowtype_E": "NP" }, "geometry": { "type": "MultiLineString", "coordinates": [ [ [ 439432.99900000076741, 3428426.474899999797344 ], [ 439301.10010000038892, 3428218.286899998784065 ], [ 439137.281700002029538, 3427957.689600002020597 ], [ 439062.995700000785291, 3427843.986500000581145 ], [ 438471.739400000311434, 3426579.607699999585748 ], [ 438304.97480000089854, 3426214.241600001230836 ], [ 438024.507100000977516, 3425600.244699999690056 ], [ 437711.979300000704825, 3424943.734900001436472 ], [ 437674.006099998950958, 3424883.898400001227856 ] ] ] } },
{ "type": "Feature", "properties": { "PARENT_CHA": "Upper Depalpur Canal", "ZONE_NAME": "Lahore", "CIRCLE_NAM": "DCC", "CHANNEL_NA": "Ditch Gohar Disty", "CHANNEL_TY": "D", "GCA": "2604", "CCA": "2502", "DESIGNED_D": 14.5, "Flowtype_E": "NP" }, "geometry": { "type": "MultiLineString", "coordinates": [ [ [ 441481.178000001236796, 3430190.910099998116493 ], [ 441480.842500001192093, 3430186.8454 ], [ 441477.481599999591708, 3430146.131300002336502 ], [ 440746.129800000227988, 3429787.625500002875924 ], [ 440608.863499999977648, 3429711.116400001570582 ], [ 440431.706399999558926, 3429590.327500000596046 ], [ 440235.817499999888241, 3429418.924600001424551 ], [ 440148.118999999947846, 3429329.436400001868606 ], [ 440067.08669999986887, 3429246.750400001183152 ], [ 439935.621400000527501, 3429068.885600000619888 ], [ 439813.323000000789762, 3428887.329100001603365 ], [ 439529.316700000315905, 3428465.711500002071261 ], [ 439169.95990000013262, 3427955.320700000971556 ], [ 439080.740200000815094, 3427819.012700000777841 ], [ 439062.726900001056492, 3427780.9847 ], [ 439016.208100000396371, 3427680.62220000103116 ], [ 438661.736800001002848, 3426911.086200002580881 ], [ 438511.972100001759827, 3426576.024900002405047 ], [ 438266.334099999628961, 3426014.917099999263883 ] ] ] } },
{ "type": "Feature", "properties": { "PARENT_CHA": "Upper Depalpur Canal", "ZONE_NAME": "Lahore", "CIRCLE_NAM": "DCC", "CHANNEL_NA": "Bakerke Disty", "CHANNEL_TY": "D", "GCA": "6572", "CCA": "5710", "DESIGNED_D": 96.0, "Flowtype_E": "NP" }, "geometry": { "type": "MultiLineString", "coordinates": [ [ [ 436022.817099999636412, 3423175.3108000010252 ], [ 436019.670600001700222, 3423138.498500000685453 ], [ 435776.974000001326203, 3422913.779400002211332 ], [ 435740.041900000534952, 3422879.9233 ], [ 435434.721100000664592, 3422586.694399999454618 ], [ 435084.05559999961406, 3422246.609400000423193 ], [ 434830.125500001013279, 3421995.702200001105666 ], [ 434429.580900000408292, 3421614.807000001892447 ], [ 434133.329100001603365, 3421415.290500001981854 ], [ 433626.980200000107288, 3420854.528000000864267 ], [ 433235.504600000567734, 3420446.426000002771616 ], [ 433008.781200001016259, 3420190.984400000423193 ], [ 432800.195800000801682, 3419893.22099999897182 ], [ 432739.736200001090765, 3419807.066200001165271 ], [ 432505.455400001257658, 3419441.285800002515316 ], [ 432130.606100000441074, 3418869.943000001832843 ], [ 431717.969700001180172, 3418256.2785 ], [ 431479.060700001195073, 3417908.580600000917912 ], [ 431288.090900001116097, 3417608.692699998617172 ], [ 431166.276200001128018, 3417417.402100004255772 ], [ 430812.587700001895428, 3416911.053300000727177 ], [ 430489.129100000485778, 3416397.146999999880791 ], [ 430097.653500000946224, 3415795.574400000274181 ], [ 429759.079900001175702, 3415266.553300002589822 ], [ 429435.621299999766052, 3414791.945700002834201 ], [ 429198.317499999888241, 3414377.797700004652143 ], [ 429098.559200000017881, 3414214.556900000199676 ], [ 429029.840400000102818, 3414082.480200003832579 ] ] ] } },
{ "type": "Feature", "properties": { "PARENT_CHA": "Bakerke Disty", "ZONE_NAME": "Lahore", "CIRCLE_NAM": "DCC", "CHANNEL_NA": "Usman Sub Minor", "CHANNEL_TY": "SM", "GCA": "1516", "CCA": "1516", "DESIGNED_D": 9.0, "Flowtype_E": "NP" }, "geometry": { "type": "MultiLineString", "coordinates": [ [ [ 431479.060700001195073, 3417908.580600000917912 ], [ 431318.214900000020862, 3417908.580600000917912 ], [ 430840.455300000496209, 3417797.103399999439716 ], [ 430709.867700001224875, 3417762.067600002512336 ], [ 430590.693200000561774, 3417752.246999999508262 ], [ 430195.745200000703335, 3417752.246999999508262 ] ] ] } },
{ "type": "Feature", "properties": { "PARENT_CHA": "Bakerke Disty", "ZONE_NAME": "Lahore", "CIRCLE_NAM": "DCC", "CHANNEL_NA": "Lower Ganja Minor", "CHANNEL_TY": "M", "GCA": "8185", "CCA": "7755", "DESIGNED_D": 55.0, "Flowtype_E": "NP" }, "geometry": { "type": "MultiLineString", "coordinates": [ [ [ 431288.090900001116097, 3417608.692699998617172 ], [ 431391.003100000321865, 3417410.999200001358986 ], [ 431558.221200000494719, 3417128.818600002676249 ], [ 431714.988200000487268, 3416857.089100001379848 ], [ 431835.176300002261996, 3416653.292000003159046 ], [ 431876.980800000019372, 3416572.295700002461672 ], [ 431887.432000000029802, 3416509.588900001719594 ], [ 431853.465800002217293, 3416402.46479999832809 ], [ 431694.08600000012666, 3415994.87050000205636 ], [ 431649.668700000271201, 3415898.197600001469254 ], [ 431584.34910000115633, 3415822.426800003275275 ], [ 430970.344899999909103, 3415284.19340000115335 ], [ 430711.679400001652539, 3415059.494000004604459 ], [ 430591.49129999987781, 3414965.433800000697374 ], [ 430536.62290000077337, 3414894.888699999079108 ], [ 430505.269500000402331, 3414813.892400000244379 ], [ 430492.205500000156462, 3414738.1217 ], [ 430481.754400000907481, 3414476.843300001695752 ], [ 430479.141599998809397, 3413996.091099999845028 ], [ 430468.252400000579655, 3413724.078400000929832 ], [ 430459.759800000116229, 3413608.013000002130866 ], [ 430417.296900000423193, 3413517.425300000235438 ], [ 430365.8602, 3413460.654400000348687 ], [ 430035.13020000141114, 3413095.626500001177192 ], [ 429497.2659, 3412489.82149999961257 ], [ 428868.814000001177192, 3411767.950999999418855 ], [ 428680.969500001519918, 3411587.826200000941753 ], [ 428540.433700000867248, 3411295.196599999442697 ], [ 428350.765700000338256, 3411099.867000002413988 ], [ 428098.818800000473857, 3410918.691700004041195 ], [ 427770.438500000163913, 3410709.207699997350574 ], [ 427713.821200001053512, 3410641.2668999992311 ], [ 427575.108900001272559, 3410499.723700001835823 ], [ 427518.491600000299513, 3410386.489100003615022 ], [ 427484.521200000308454, 3410123.218699999153614 ], [ 427498.675500001758337, 3409987.337200002744794 ], [ 427498.675500001758337, 3409891.087799999862909 ], [ 427493.01380000077188, 3409797.669300002977252 ], [ 427427.903900001198053, 3409627.817399999126792 ], [ 427371.28660000115633, 3409460.796400001272559 ], [ 427283.529799999669194, 3409392.855700001120567 ], [ 426873.054400000721216, 3409047.490199999883771 ], [ 426578.644500000402331, 3408801.205 ], [ 426371.991399999707937, 3408608.706200001761317 ], [ 426289.896300001069903, 3408535.103700000792742 ], [ 426250.26420000102371, 3408458.67030000127852 ], [ 426224.786500000394881, 3408351.097500002011657 ], [ 426213.462999999523163, 3408218.046900000423193 ], [ 426213.462999999523163, 3407824.556700000539422 ], [ 426213.462999999523163, 3407473.529500003904104 ], [ 426173.830900001339614, 3407411.250499999150634 ], [ 426077.58150000218302, 3407331.98619999922812 ], [ 425927.545699999667704, 3407190.443000001832843 ] ] ] } },
{ "type": "Feature", "properties": { "PARENT_CHA": "Lower Ganga Minor", "ZONE_NAME": "Lahore", "CIRCLE_NAM": "DCC", "CHANNEL_NA": "Lower Ganja Sub Minor", "CHANNEL_TY": "SM", "GCA": "1252", "CCA": "1228", "DESIGNED_D": 14.0, "Flowtype_E": "NP" }, "geometry": { "type": "MultiLineString", "coordinates": [ [ [ 430365.8602, 3413460.654400000348687 ], [ 430392.774200000800192, 3413363.5154 ], [ 430418.356100001372397, 3413310.219700001180172 ], [ 430497.233600000850856, 3413263.319599999114871 ], [ 430610.220400000922382, 3413205.760299999266863 ], [ 430684.834300002083182, 3413165.25560000166297 ], [ 430770.107300000265241, 3413090.641699999570847 ], [ 430870.303100000135601, 3413001.105000000447035 ], [ 430924.195600000210106, 3412984.249399997293949 ], [ 431061.769400000572205, 3412987.688799999654293 ], [ 431185.585800001397729, 3412991.128100000321865 ], [ 431250.933400001376867, 3412984.249399997293949 ], [ 431288.766200000420213, 3412826.039500003680587 ], [ 431323.159599999897182, 3412681.587099999189377 ] ] ] } },
{ "type": "Feature", "properties": { "PARENT_CHA": "Upper Depalpur Canal", "ZONE_NAME": "Lahore", "CIRCLE_NAM": "DCC", "CHANNEL_NA": "Usmanwala Disty", "CHANNEL_TY": "D", "GCA": "8003", "CCA": "7667", "DESIGNED_D": 43.0, "Flowtype_E": "NP" }, "geometry": { "type": "MultiLineString", "coordinates": [ [ [ 434928.308200001716614, 3422119.196600001305342 ], [ 434877.497200000099838, 3422092.734999999403954 ], [ 434373.327600000426173, 3421624.577500000596046 ], [ 434196.501700000837445, 3421549.917700003832579 ], [ 434049.512500000186265, 3421500.921299999579787 ], [ 433899.949799999594688, 3421451.067100001499057 ], [ 433606.74550000205636, 3421394.176699999719858 ], [ 433277.826200001873076, 3421402.503800000995398 ], [ 432915.063400002196431, 3421388.727900000289083 ], [ 432701.92879999987781, 3421371.53969999961555 ], [ 432431.376600001938641, 3421311.416999999433756 ], [ 432249.638500000350177, 3421249.54869999922812 ], [ 432235.026999999769032, 3421244.57460000179708 ], [ 432019.441100000403821, 3421161.656899999827147 ], [ 431842.981200000271201, 3421069.416500004008412 ], [ 431564.767199999652803, 3420895.013700000941753 ], [ 431179.313500001095235, 3420559.296000003814697 ], [ 430337.534900001250207, 3419797.686699999496341 ], [ 429810.296000001952052, 3419343.8608 ], [ 429366.243500001728535, 3418936.139900002628565 ], [ 429253.991399999707937, 3418806.618400003761053 ], [ 429168.785300001502037, 3418695.479900000616908 ], [ 428993.331399999558926, 3418348.851300001144409 ], [ 428478.699400002136827, 3417332.9543999992311 ], [ 428187.537999999709427, 3416780.494600001722574 ], [ 428092.567200000397861, 3416594.205600000917912 ], [ 427774.67200000025332, 3415984.365900004282594 ], [ 427702.57050000037998, 3415840.16300000436604 ], [ 427644.568199999630451, 3415608.153600001707673 ], [ 427614.453000001609325, 3415439.508400002494454 ], [ 427590.147500001825392, 3415286.731200000271201 ], [ 427595.289600000716746, 3414988.492600001394749 ], [ 427602.159700000658631, 3414901.470599999651313 ], [ 427756.136699999682605, 3414405.322000004351139 ], [ 427881.737200001254678, 3414144.07320000231266 ], [ 427985.0152000002563, 3413946.369599999859929 ], [ 428048.102600001730025, 3413843.6031 ], [ 428105.237100000493228, 3413720.312900003045797 ], [ 428177.407000001519918, 3413482.753599999472499 ], [ 428213.49199999962002, 3413320.371300002560019 ], [ 428243.562800001353025, 3413070.783700004220009 ], [ 428234.541600001044571, 3412863.295199999585748 ], [ 428180.414099999703467, 3412577.622600002214313 ], [ 428072.159200000576675, 3412309.992499999701977 ], [ 427861.66370000038296, 3411970.192500002682209 ], [ 427702.28840000089258, 3411714.590700000524521 ], [ 427353.467199999839067, 3411344.719900000840425 ], [ 426520.506099999882281, 3410490.709300002083182 ], [ 426392.234299999661744, 3410360.388399999588728 ] ] ] } },
{ "type": "Feature", "properties": { "PARENT_CHA": "Upper Depalpur Canal", "ZONE_NAME": "Lahore", "CIRCLE_NAM": "DCC", "CHANNEL_NA": "Fateh Mohammad Disty", "CHANNEL_TY": "D", "GCA": "18165", "CCA": "16890", "DESIGNED_D": 129.0, "Flowtype_E": "NP" }, "geometry": { "type": "MultiLineString", "coordinates": [ [ [ 423874.032300000078976, 3407811.528699999675155 ], [ 423874.973500001244247, 3407805.323999999091029 ], [ 423904.099700001068413, 3407613.309200001880527 ], [ 423959.068500000052154, 3407318.10670000128448 ], [ 424038.467799999751151, 3406945.54080000333488 ], [ 424066.970100001432002, 3406809.136900002136827 ], [ 424085.293000000528991, 3406739.917000001296401 ], [ 424081.221200000494719, 3406672.733000000938773 ], [ 424048.647199999541044, 3406581.118400001898408 ], [ 424012.001400000415742, 3406485.432099999859929 ], [ 423993.678400000557303, 3406436.570999998599291 ], [ 423985.534900001250207, 3406379.566400000825524 ], [ 423985.534900001250207, 3406045.682200001552701 ], [ 423973.319600000977516, 3405098.9983000010252 ], [ 423946.853199999779463, 3405039.957800002768636 ], [ 423598.717900001443923, 3404693.858300000429153 ], [ 423154.896200000308454, 3404252.072500003501773 ], [ 423083.640399999916553, 3404178.780800001695752 ], [ 422784.36610000114888, 3403798.071400001645088 ], [ 422481.020100000314415, 3403437.720800001174212 ], [ 422297.791000002063811, 3403205.6305 ], [ 422179.71000000089407, 3403073.29839999973774 ], [ 422122.705400000326335, 3403034.616700001060963 ], [ 422061.628999999724329, 3403006.11430000141263 ], [ 421986.3014000011608, 3402981.683800000697374 ], [ 421882.471599999815226, 3402949.109700003638864 ], [ 421786.785300000570714, 3402916.535700000822544 ], [ 421711.457700000144541, 3402873.782200001180172 ], [ 421617.807300000451505, 3402824.9211 ], [ 421560.802699999883771, 3402788.275300001725554 ], [ 421469.188099999912083, 3402721.091200003400445 ], [ 421377.573499999940395, 3402641.691999999806285 ], [ 421296.138400001451373, 3402562.292700001969934 ], [ 421200.45200000051409, 3402460.498699998483062 ], [ 421143.447399999946356, 3402364.812400002032518 ], [ 421082.371000002138317, 3402260.9825 ], [ 421033.509900000877678, 3402179.547400001436472 ], [ 420982.612900000065565, 3402067.574000000953674 ], [ 420954.110600001178682, 3401992.246499998494983 ], [ 420925.608300001360476, 3401914.882999997586012 ], [ 420793.27620000205934, 3401523.994200000539422 ], [ 420630.40580000076443, 3401047.598500004038215 ], [ 420455.320199999958277, 3400544.736300002783537 ], [ 420388.136199999600649, 3400316.717800000682473 ], [ 420371.849200000055134, 3400257.677300002425909 ], [ 420314.844500000588596, 3400210.852100001648068 ], [ 420046.108500000089407, 3400029.65880000218749 ], [ 419673.542500001378357, 3399795.532700000330806 ], [ 419624.681400000117719, 3399756.851000001654029 ], [ 419524.92339999973774, 3399663.200500002130866 ], [ 419199.182699999772012, 3399317.100999999791384 ], [ 418794.042700001969934, 3398924.176300002261996 ], [ 418671.889899999834597, 3398824.418299999088049 ], [ 418653.567000000737607, 3398787.772400001063943 ], [ 418649.495299999602139, 3398740.947200000286102 ], [ 418665.782300001010299, 3398405.027100000530481 ], [ 418708.234500001184642, 3398228.565899999812245 ], [ 418552.626299999654293, 3398092.408700002357364 ], [ 418267.344700001180172, 3398001.637299999594688 ], [ 418111.736500000581145, 3397871.963800001889467 ], [ 417988.546699999831617, 3397748.774000002071261 ], [ 417774.585500000976026, 3397651.518900003284216 ], [ 417593.042600000277162, 3397593.165899999439716 ], [ 417366.114099999889731, 3397567.231200000271201 ], [ 417028.963000000454485, 3397580.198500003665686 ], [ 416938.191599998623133, 3397599.64950000308454 ], [ 416497.301799999549985, 3397482.943399999290705 ], [ 416484.334500000812113, 3396348.300600001588464 ], [ 416497.301799999549985, 3396153.790400002151728 ], [ 416432.465100000612438, 3396017.633200000971556 ], [ 416244.438600001856685, 3395803.672000002115965 ], [ 416179.601800002157688, 3395252.559800002723932 ], [ 416147.183500002138317, 3395126.128100004047155 ], [ 415446.946700000204146, 3394600.950600001960993 ], [ 415278.371200000867248, 3394568.532199999317527 ], [ 414422.526300001889467, 3394555.564900001510978 ], [ 414318.787500000558794, 3394523.146500000730157 ], [ 414221.532400000840425, 3394393.472999999299645 ], [ 413890.865100000984967, 3394075.773 ], [ 413775.056400001049042, 3393948.735999999567866 ], [ 413621.191500000655651, 3393817.387900002300739 ], [ 413478.58500000089407, 3393678.534200001507998 ], [ 413414.787400000728667, 3393592.219800001010299 ], [ 413369.753800000995398, 3393483.388599999248981 ], [ 413366.001000002026558, 3393171.905999999493361 ], [ 413362.248200000263751, 3393014.288300001993775 ], [ 411722.273800000548363, 3391775.863799998536706 ], [ 411043.016700000502169, 3391265.482700003311038 ], [ 410138.59150000102818, 3390837.663300001993775 ] ] ] } },
{ "type": "Feature", "properties": { "PARENT_CHA": "Fateh Mohammad Disty", "ZONE_NAME": "Lahore", "CIRCLE_NAM": "DCC", "CHANNEL_NA": "Haji Chand Minor", "CHANNEL_TY": "M", "GCA": "3541", "CCA": "3286", "DESIGNED_D": 21.0, "Flowtype_E": "NP" }, "geometry": { "type": "MultiLineString", "coordinates": [ [ [ 416497.301799999549985, 3397482.943399999290705 ], [ 416279.681700001470745, 3397440.876000000163913 ], [ 416089.338000001385808, 3397389.513399999588728 ], [ 416019.847500001080334, 3397377.428099999204278 ], [ 415515.285600000992417, 3397377.428099999204278 ], [ 414956.339800001122057, 3397392.534699998795986 ], [ 414391.351400000043213, 3397407.641400001943111 ], [ 414249.348999999463558, 3397392.534699998795986 ], [ 414077.13329999987036, 3397371.38539999909699 ], [ 413270.438600001856685, 3397280.7456 ], [ 413046.860299999825656, 3397253.553600000217557 ], [ 412787.026000001467764, 3396975.591399999335408 ] ] ] } },
{ "type": "Feature", "properties": { "PARENT_CHA": "Upper Depalpur Canal", "ZONE_NAME": "Lahore", "CIRCLE_NAM": "DCC", "CHANNEL_NA": "Kanganpur Disty", "CHANNEL_TY": "D", "GCA": "18552", "CCA": "16890", "DESIGNED_D": 237.0, "Flowtype_E": "NP" }, "geometry": { "type": "MultiLineString", "coordinates": [ [ [ 423821.082700000144541, 3407758.3361000046134 ], [ 423819.684500000439584, 3407758.549200000241399 ], [ 423802.367700001224875, 3407755.225300000980496 ], [ 423749.843200000934303, 3407750.423100000247359 ], [ 423276.015900001861155, 3407650.0581 ], [ 422854.215400000102818, 3407532.89130000025034 ], [ 422760.481900000944734, 3407450.874500002712011 ], [ 421787.997499999590218, 3406564.312400000169873 ], [ 420831.135300001129508, 3405701.183599999174476 ], [ 420350.751400002278388, 3405287.194299999624491 ], [ 419698.522900001145899, 3404674.021400002762675 ], [ 419245.477900000289083, 3404275.654200000688434 ], [ 419155.650000001303852, 3404213.165300002321601 ], [ 419038.483199999667704, 3404174.109700003638864 ], [ 418851.446600002236664, 3404166.774900000542402 ], [ 418839.299700001254678, 3404166.298500003293157 ], [ 417929.304200001060963, 3404056.942900003865361 ], [ 416281.157800000160933, 3403904.626000002026558 ], [ 415031.378600002266467, 3403783.5537 ], [ 414829.493599999696016, 3403763.910800002515316 ], [ 414308.849999998696148, 3403713.253600001335144 ], [ 413375.421200000680983, 3403611.709000000730157 ], [ 412246.714300001971424, 3403490.636700002476573 ], [ 411207.835300002247095, 3403381.280999999493361 ], [ 410094.750700000673532, 3403256.303099999204278 ], [ 409727.628100000321865, 3403213.341900000348687 ], [ 409614.366900000721216, 3403213.341900000348687 ], [ 409477.672300001606345, 3403260.208599999547005 ], [ 409204.19480000063777, 3403379.614299999549985 ], [ 409200.377500000409782, 3403381.280999999493361 ], [ 408981.666100000031292, 3403510.164500001817942 ], [ 408844.971500000916421, 3403564.842299999669194 ], [ 408735.615800000727177, 3403603.897900002077222 ], [ 408622.354600001126528, 3403607.803500002250075 ], [ 408489.56560000218451, 3403592.181200001388788 ], [ 408216.1764000011608, 3403506.258900001645088 ], [ 407556.136699999682605, 3403307.075300000607967 ], [ 406708.630199999548495, 3403045.402799999341369 ], [ 405771.295800001360476, 3402756.391400001943111 ], [ 405561.013400000520051, 3402701.053899999707937 ], [ 405548.67890000063926, 3402697.808000000193715 ], [ 404708.983400001190603, 3402307.252000002190471 ], [ 403681.82120000012219, 3401838.584799997508526 ], [ 403240.492899999953806, 3401635.495600001886487 ], [ 403006.159300002269447, 3401533.951099999248981 ], [ 402904.614700000733137, 3401487.084400003775954 ], [ 402744.486800001002848, 3401463.651000004261732 ], [ 402631.22550000064075, 3401408.973200002685189 ], [ 402529.680900000035763, 3401350.389799999073148 ], [ 402346.119600000791252, 3401151.206200001761317 ], [ 401303.335100001655519, 3399971.727100001648068 ], [ 401193.979400001466274, 3399854.560300001874566 ], [ 401104.151499999687076, 3399819.41020000167191 ], [ 400201.967199999839067, 3399737.393500002101064 ], [ 399674.716600000858307, 3399690.526699999347329 ], [ 399530.210800001397729, 3399678.810100000351667 ], [ 399420.855200001969934, 3399628.037799999117851 ], [ 399354.460600001737475, 3399565.548800002783537 ], [ 399295.877200000919402, 3399452.287600001320243 ], [ 399073.260300001129508, 3399038.2982 ], [ 398815.493400000967085, 3398569.631000000983477 ], [ 398686.609899998642504, 3398307.958499999716878 ], [ 398639.743200001306832, 3398163.4528 ], [ 398487.426300002261996, 3397749.46340000256896 ] ] ] } },
{ "type": "Feature", "properties": { "PARENT_CHA": "Kanganpur Disty", "ZONE_NAME": "Lahore", "CIRCLE_NAM": "DCC", "CHANNEL_NA": "Attari Akike Minor", "CHANNEL_TY": "M", "GCA": "8384", "CCA": "8213", "DESIGNED_D": 52.0, "Flowtype_E": "NP" }, "geometry": { "type": "MultiLineString", "coordinates": [ [ [ 418851.446600002236664, 3404166.774900000542402 ], [ 418813.159400000236928, 3404220.555700002238154 ], [ 418762.260499999858439, 3404277.81700000166893 ], [ 418711.361600000411272, 3404322.353500002995133 ], [ 418673.1875, 3404347.802900003269315 ], [ 418590.476800001226366, 3404360.527699999511242 ], [ 418450.504800002090633, 3404379.614700000733137 ], [ 418196.01039999909699, 3404465.506600001826882 ], [ 417515.237700000405312, 3404672.283400002866983 ], [ 417422.98350000102073, 3404694.551600001752377 ], [ 416866.276900000870228, 3404723.182199999690056 ], [ 416707.217899999581277, 3404735.906999999657273 ], [ 415946.915700001642108, 3404901.328400000929832 ], [ 415533.362200001254678, 3405025.394400000572205 ], [ 414607.638700000010431, 3405792.058900000527501 ], [ 414489.935000000521541, 3405871.58840000256896 ], [ 414426.311400000937283, 3405890.675499999895692 ], [ 413634.197400000877678, 3405932.030900001525879 ], [ 412323.551099999807775, 3406030.64750000089407 ], [ 411995.889499999582767, 3406313.772500002756715 ], [ 411658.684299999848008, 3406580.991699999198318 ], [ 411540.980600001290441, 3406603.260000001639128 ], [ 410363.943799999542534, 3406921.377999998629093 ], [ 409199.631700000725687, 3407201.321900002658367 ], [ 409156.918200000189245, 3407189.685399999842048 ], [ 409081.655299999751151, 3407118.983800003305078 ], [ 408974.462700000032783, 3407050.562999999150634 ], [ 408915.164700000546873, 3406988.984300002455711 ], [ 408835.340399999171495, 3406881.791700001806021 ], [ 408753.235400000587106, 3406792.844600001350045 ], [ 408641.481400000862777, 3406703.897500002756715 ], [ 408586.744700000621378, 3406642.318800000473857 ], [ 408543.411600000225008, 3406557.933100001886487 ], [ 408522.885300001129508, 3406437.05629999935627 ], [ 408474.99070000089705, 3406336.70580000244081 ], [ 408390.605100001208484, 3406229.5132 ], [ 408274.289700000546873, 3406104.075000002980232 ], [ 408178.500500001013279, 3406037.934900000691414 ], [ 408030.255400000140071, 3405983.198200000450015 ], [ 407986.922200000844896, 3405960.391300002112985 ], [ 407911.659300000406802, 3405880.567000003531575 ], [ 407818.150899999774992, 3405757.409500000998378 ], [ 407724.642400000244379, 3405654.778300004079938 ], [ 407578.678000001236796, 3405517.936699999496341 ], [ 407514.818600001744926, 3405467.761399999260902 ], [ 407409.906700000166893, 3405438.112400000914931 ], [ 407316.39820000063628, 3405403.902000000700355 ], [ 407261.661500000394881, 3405353.726700000464916 ], [ 407186.398599999956787, 3405308.112800002098083 ], [ 407120.258500001393259, 3405305.832100002095103 ], [ 407038.153500000946224, 3405308.112800002098083 ], [ 406978.855500001460314, 3405326.358400002121925 ], [ 406894.469800000078976, 3405365.130200002342463 ], [ 406805.522700000554323, 3405392.498500000685453 ], [ 406687.730299999937415, 3405405.183900002390146 ] ] ] } },
{ "type": "Feature", "properties": { "PARENT_CHA": "Kanganpur Disty", "ZONE_NAME": "Lahore", "CIRCLE_NAM": "DCC", "CHANNEL_NA": "Makhanewala Minor", "CHANNEL_TY": "M", "GCA": "2273", "CCA": "2233", "DESIGNED_D": 19.9, "Flowtype_E": "NP" }, "geometry": { "type": "MultiLineString", "coordinates": [ [ [ 414829.493599999696016, 3403763.910800002515316 ], [ 414816.422100001946092, 3403193.6184 ], [ 414816.422100001946092, 3402627.511299999430776 ], [ 414813.052400001324713, 3402128.797900004312396 ], [ 414799.573700000531971, 3401687.36909999884665 ], [ 414526.629200000315905, 3401326.812800001353025 ], [ 413977.370500000193715, 3400639.397000001743436 ], [ 413798.777200002223253, 3400406.888699999079108 ], [ 413279.845700002275407, 3400403.519099999219179 ], [ 413013.640500000678003, 3400410.258400000631809 ], [ 412912.549999999813735, 3400433.846200004220009 ], [ 412413.836600000038743, 3400666.354500003159046 ], [ 411878.056699999608099, 3400905.602100001648068 ] ] ] } },
{ "type": "Feature", "properties": { "PARENT_CHA": "Kanganpur Disty", "ZONE_NAME": "Lahore", "CIRCLE_NAM": "DCC", "CHANNEL_NA": "Hasso Ke Minor", "CHANNEL_TY": "M", "GCA": "2366", "CCA": "2318", "DESIGNED_D": 6.38, "Flowtype_E": "NP" }, "geometry": { "type": "MultiLineString", "coordinates": [ [ [ 409204.19480000063777, 3403379.614299999549985 ], [ 409075.144999999552965, 3403110.434100000187755 ], [ 408927.765500001609325, 3402797.252699999138713 ], [ 408857.760200001299381, 3402627.766300002112985 ], [ 408839.337800001725554, 3402568.814500004053116 ], [ 408791.439500000327826, 3402344.060900004580617 ], [ 408773.017100000753999, 3402218.78830000013113 ], [ 408721.434200000017881, 3402093.515799999237061 ], [ 408629.322100002318621, 3401960.874199999496341 ], [ 408176.130199998617172, 3401478.206500001251698 ], [ 408047.461400001309812, 3401342.995200000703335 ] ] ] } },
{ "type": "Feature", "properties": { "PARENT_CHA": "Kanganpur Disty", "ZONE_NAME": "Lahore", "CIRCLE_NAM": "DCC", "CHANNEL_NA": "Jandran Link Disty", "CHANNEL_TY": "D", "GCA": "1191", "CCA": "1116", "DESIGNED_D": 43.0, "Flowtype_E": "NP" }, "geometry": { "type": "MultiLineString", "coordinates": [ [ [ 405561.013400000520051, 3402701.053899999707937 ], [ 405295.884100000374019, 3402894.122500002384186 ], [ 405032.084099999628961, 3403114.755300000309944 ], [ 404801.858600001782179, 3403301.813500003889203 ], [ 404576.429400001652539, 3403488.871700001880527 ], [ 404442.13120000064373, 3403599.188100000843406 ], [ 404279.054900000803173, 3403675.929899998009205 ], [ 403353.356500000692904, 3404088.417300000786781 ], [ 403046.389200000092387, 3404237.104599999263883 ], [ 402398.880000001750886, 3404539.275499999523163 ], [ 402087.703700000420213, 3404717.648100003600121 ] ] ] } },
{ "type": "Feature", "properties": { "PARENT_CHA": "Jandran Link Disty", "ZONE_NAME": "Lahore", "CIRCLE_NAM": "DCC", "CHANNEL_NA": "Jandran Disty", "CHANNEL_TY": "D", "GCA": "2974", "CCA": "2719", "DESIGNED_D": 16.0, "Flowtype_E": "NP" }, "geometry": { "type": "MultiLineString", "coordinates": [ [ [ 402087.703700000420213, 3404717.648100003600121 ], [ 401855.647499999031425, 3404630.651600001379848 ], [ 401528.682900000363588, 3404525.700000001117587 ], [ 401456.134400000795722, 3404483.024500001221895 ], [ 401265.124400001019239, 3404292.014399999752641 ], [ 401164.740500000305474, 3404191.630699999630451 ], [ 400878.993500000797212, 3403926.0066 ], [ 400679.560300000943244, 3403730.643500000238419 ], [ 400581.878900000825524, 3403559.7010000012815 ], [ 400463.500000000931323, 3403380.091700004413724 ], [ 400382.348199999891222, 3403027.081499999389052 ], [ 400326.167399999685585, 3402846.500500001013279 ], [ 400266.371899999678135, 3402643.195500003173947 ], [ 400191.856300000101328, 3402509.851800002157688 ], [ 400081.666100000962615, 3402376.049500001594424 ], [ 399936.080400000326335, 3402261.941800000146031 ], [ 399725.130099999718368, 3402158.456700000911951 ], [ 399475.697300000116229, 3402053.855900000780821 ], [ 399275.050400000065565, 3401959.674600001424551 ] ] ] } },
{ "type": "Feature", "properties": { "PARENT_CHA": "Jandran Link Disty", "ZONE_NAME": "Lahore", "CIRCLE_NAM": "DCC", "CHANNEL_NA": "Jethpur Disty", "CHANNEL_TY": "D", "GCA": "2212", "CCA": "2015", "DESIGNED_D": 12.0, "Flowtype_E": "NP" }, "geometry": { "type": "MultiLineString", "coordinates": [ [ [ 402087.703700000420213, 3404717.648100003600121 ], [ 401862.988800001330674, 3404612.003000000491738 ], [ 401536.909500000067055, 3404507.335600001737475 ], [ 401468.473100000992417, 3404467.078900001943111 ], [ 401279.266500000841916, 3404277.872300002723932 ], [ 401178.624600001610816, 3404177.230600001290441 ], [ 400892.802100001834333, 3403911.53630000166595 ], [ 400695.54420000128448, 3403718.304099997505546 ], [ 400598.928100001998246, 3403549.2259 ], [ 400482.183700000867248, 3403372.096400002017617 ], [ 400401.67020000051707, 3403021.862999999895692 ], [ 400345.310800000093877, 3402840.707800002768636 ], [ 400284.925800000317395, 3402635.398600002750754 ], [ 400208.438000000081956, 3402498.525700002908707 ], [ 400095.719200000166893, 3402361.652899999171495 ], [ 399946.769400000572205, 3402244.90850000269711 ], [ 399733.408800001256168, 3402140.24100000038743 ], [ 399483.817199999466538, 3402035.573600003495812 ], [ 399286.559400000609457, 3401942.983100002631545 ], [ 399133.319000001065433, 3401805.588999999687076 ], [ 399007.554600002244115, 3401640.109500002115965 ], [ 398921.50520000141114, 3401577.227299999445677 ], [ 398765.9545, 3401524.273900002241135 ], [ 398567.3791000014171, 3401458.082100002095103 ], [ 398445.19410000089556, 3401439.774300001561642 ], [ 398292.218600001186132, 3401492.107999999076128 ], [ 398147.294499999843538, 3401528.338999999687076 ], [ 397958.087899999693036, 3401600.801100000739098 ], [ 397873.548800000920892, 3401608.852400001138449 ], [ 397667.170700001530349, 3401590.465700002387166 ], [ 397303.115800000727177, 3401398.509500002488494 ], [ 397107.850000000558794, 3401279.364200001582503 ], [ 396972.156800000928342, 3401199.934100000187755 ] ] ] } },
{ "type": "Feature", "properties": { "PARENT_CHA": "Upper Depalpur Canal", "ZONE_NAME": "Lahore", "CIRCLE_NAM": "DCC", "CHANNEL_NA": "Kul Disty", "CHANNEL_TY": "D", "GCA": "3732", "CCA": "3537", "DESIGNED_D": 25.0, "Flowtype_E": "NP" }, "geometry": { "type": "MultiLineString", "coordinates": [ [ [ 423821.082700000144541, 3407758.3361000046134 ], [ 423819.684500000439584, 3407758.549200000241399 ], [ 423805.535700000822544, 3407768.817200003191829 ], [ 423694.105200000107288, 3407826.226700000464916 ], [ 423575.940700001083314, 3407857.439999999478459 ], [ 423378.050200001336634, 3407880.610100001096725 ], [ 423296.99959999974817, 3407888.923000002279878 ], [ 423201.38160000089556, 3407850.75139999948442 ], [ 423096.594200000166893, 3407815.07909999974072 ], [ 422987.347800001502037, 3407799.472500000149012 ], [ 422855.806200000457466, 3407788.32490000128746 ], [ 422773.314000002108514, 3407772.718200001865625 ], [ 422695.28080000076443, 3407774.947800001129508 ], [ 422572.657300000078976, 3407772.718200001865625 ], [ 422429.968100002035499, 3407799.472500000149012 ], [ 422336.328300001099706, 3407826.226700000464916 ], [ 422262.045699999667704, 3407847.358600003644824 ], [ 422174.760400000959635, 3407905.548800002783537 ], [ 422114.49199999962002, 3407949.191400002688169 ], [ 422060.458300000056624, 3407988.677600003778934 ], [ 422023.050299999304116, 3408009.459800001233816 ], [ 421935.765100000426173, 3408024.007400002330542 ], [ 421879.653100000694394, 3408019.850900001823902 ], [ 421800.680700000375509, 3407965.817200003191829 ], [ 421750.803399999625981, 3407932.56560000218451 ], [ 421698.847900000400841, 3407915.939899999648333 ], [ 421640.657700000330806, 3407924.25280000269413 ], [ 421605.32799999974668, 3407949.191400002688169 ], [ 421578.31110000051558, 3407963.739 ], [ 421532.59020000230521, 3407984.521200001239777 ], [ 421472.321800000965595, 3407999.06870000064373 ], [ 421424.52280000038445, 3407999.06870000064373 ], [ 421378.801900001242757, 3407999.06870000064373 ], [ 421326.846400000154972, 3407974.130100000649691 ], [ 421270.734400000423193, 3407942.956800000742078 ], [ 421233.326500001363456, 3407915.939899999648333 ], [ 421150.197600000537932, 3407915.939899999648333 ], [ 421037.973699999973178, 3407926.331000000238419 ], [ 420961.0795, 3407947.113199999555945 ], [ 420913.280500000342727, 3407974.130100000649691 ], [ 420865.481400000862777, 3408011.53800000064075 ], [ 420801.056599999777973, 3408036.476700002327561 ], [ 420751.179300001822412, 3408036.476700002327561 ], [ 420684.676200000569224, 3408032.320200001820922 ], [ 420618.173100000247359, 3408030.242000004276633 ], [ 420584.9216, 3408030.242000004276633 ], [ 420541.279000001959503, 3408036.476700002327561 ], [ 420493.479899999685585, 3408042.711300002411008 ], [ 420422.82039999961853, 3408061.415300002321601 ], [ 420358.395499999634922, 3408061.415300002321601 ], [ 420264.875600000843406, 3408030.242000004276633 ], [ 420177.590300000272691, 3407967.895400000736117 ], [ 420109.009100002236664, 3407891.001200001686811 ], [ 420077.835699999704957, 3407851.515000000596046 ], [ 420032.114900000393391, 3407809.9506 ], [ 419994.706899999640882, 3407787.090199999511242 ], [ 419907.421699999831617, 3407766.30800000205636 ], [ 419818.058200000785291, 3407730.978200001642108 ], [ 419703.756000000983477, 3407666.553400000557303 ], [ 419651.800499999895692, 3407633.301899999380112 ], [ 419568.671699999831617, 3407591.737500002607703 ], [ 419365.006000000052154, 3407529.390800002962351 ], [ 419128.088899999856949, 3407429.636200001463294 ], [ 419026.256100000813603, 3407379.758899999782443 ], [ 418968.065899999812245, 3407315.334100002422929 ], [ 418899.484600001014769, 3407209.344799999147654 ], [ 418830.90330000128597, 3407153.232899999246001 ], [ 418741.539800002239645, 3407101.277400003746152 ], [ 418552.421800000593066, 3406951.645500000566244 ], [ 418473.449400000274181, 3406905.924599999561906 ], [ 418371.616600001230836, 3406866.438400002196431 ], [ 418313.154400000348687, 3406858.643400002270937 ] ] ] } },
{ "type": "Feature", "properties": { "PARENT_CHA": "Upper Depalpur Canal", "ZONE_NAME": "Lahore", "CIRCLE_NAM": "DCC", "CHANNEL_NA": "Chahal Disty", "CHANNEL_TY": "D", "GCA": "3237", "CCA": "2991", "DESIGNED_D": 20.58, "Flowtype_E": "NP" }, "geometry": { "type": "MultiLineString", "coordinates": [ [ [ 420182.57660000026226, 3404458.3772 ], [ 420148.979300001636147, 3404397.307300001382828 ], [ 420004.753500001505017, 3404302.814600002020597 ], [ 419800.848100000992417, 3404235.675000000745058 ], [ 419325.897800001315773, 3404146.155599998310208 ], [ 418831.054200001060963, 3404088.962599998340011 ], [ 418704.235000000335276, 3404074.042700000107288 ] ] ] } },
{ "type": "Feature", "properties": { "PARENT_CHA": "Upper Depalpur Canal", "ZONE_NAME": "Lahore", "CIRCLE_NAM": "DCC", "CHANNEL_NA": "Kaler Kalan Disty", "CHANNEL_TY": "D", "GCA": "15777", "CCA": "11323", "DESIGNED_D": 165.0, "Flowtype_E": "NP" }, "geometry": { "type": "MultiLineString", "coordinates": [ [ [ 412139.770800000056624, 3398092.804400000721216 ], [ 412030.565099999308586, 3398082.014200003817677 ], [ 411852.325000001117587, 3398082.014200003817677 ], [ 411763.205000000074506, 3398105.012900002300739 ], [ 411697.083700001239777, 3398125.136800004169345 ], [ 411656.835899999365211, 3398188.383300000801682 ], [ 411628.087500001303852, 3398234.380700001493096 ], [ 411564.841000000946224, 3398277.503300001844764 ], [ 411487.220300000160933, 3398294.752399997785687 ], [ 411398.100300000980496, 3398297.6272 ], [ 411314.729899999685585, 3398291.877499999478459 ], [ 411265.857600000686944, 3398274.628500001505017 ], [ 411185.362100001424551, 3398268.878800000995398 ], [ 411073.243300000205636, 3398314.876300001516938 ], [ 410938.125799999572337, 3398380.997600004076958 ], [ 410826.007000001147389, 3398409.746000001206994 ], [ 410624.768199999816716, 3398438.494400000199676 ], [ 410515.524299999698997, 3398458.618300002068281 ], [ 410455.585700001567602, 3398494.206799998879433 ], [ 410423.529400000348687, 3398513.240199999883771 ], [ 410176.293100002221763, 3398682.855800000950694 ], [ 410095.797600002028048, 3398763.351399999111891 ], [ 410038.300800000317395, 3398855.346300000324845 ], [ 409977.929100001230836, 3398976.089500000700355 ], [ 409903.183299999684095, 3399093.958000002428889 ], [ 409851.436099999584258, 3399162.954200001433492 ], [ 409793.939299999736249, 3399211.826500002294779 ], [ 409719.193500000052154, 3399243.449700001627207 ], [ 409615.699200000613928, 3399292.322000002488494 ], [ 409483.456600002013147, 3399338.319400003179908 ], [ 409359.838400000706315, 3399352.693599998950958 ], [ 409262.093900000676513, 3399378.567200001329184 ], [ 409187.348000000230968, 3399415.940100001171231 ], [ 409098.228000001050532, 3399482.061499999836087 ], [ 409023.482100000604987, 3399579.806000001728535 ], [ 408945.861400001682341, 3399657.426699999719858 ], [ 408899.864000000059605, 3399714.923500001430511 ], [ 408827.992999999783933, 3399763.795800002291799 ], [ 408753.247100001201034, 3399786.79450000077486 ], [ 408698.625200001522899, 3399792.54420000128448 ], [ 408623.879300000146031, 3399781.044800000265241 ], [ 408451.388899999670684, 3399717.798400001600385 ], [ 408235.775900001637638, 3399643.052500003948808 ], [ 407945.417000002227724, 3399545.307900002226233 ], [ 407801.674999999813735, 3399493.5608000010252 ], [ 407701.055600000545382, 3399415.940100001171231 ], [ 407496.941900001838803, 3399306.69620000384748 ], [ 407399.197300000116229, 3399229.075500000268221 ], [ 407333.076000002212822, 3399197.452300000935793 ], [ 407275.579200000502169, 3399191.702600000426173 ], [ 407100.213899999856949, 3399200.327100001275539 ], [ 406993.844800000078976, 3399180.203199999406934 ], [ 406930.598300000652671, 3399131.330900002270937 ], [ 406873.101500000804663, 3399070.959300000220537 ], [ 406792.606000000610948, 3399022.08699999935925 ], [ 406697.736300001852214, 3398984.714099999517202 ], [ 406464.874200001358986, 3398892.719200000166893 ], [ 406252.135999999940395, 3398809.348799999803305 ], [ 406122.768200001679361, 3398746.102300003170967 ], [ 406036.523000000976026, 3398705.854600001126528 ], [ 405976.151300000026822, 3398625.358999999240041 ], [ 405947.402900001034141, 3398513.240199999883771 ], [ 405941.653200000524521, 3398352.249199999496341 ], [ 405904.280300000682473, 3398248.754899999126792 ], [ 405806.535800000652671, 3398090.638699999079108 ], [ 405694.417000000365078, 3397952.646400002762675 ], [ 405596.672399999573827, 3397857.776600003242493 ], [ 405487.42850000038743, 3397811.779200000688434 ], [ 405386.809100001119077, 3397791.655300004407763 ], [ 405214.318599999882281, 3397785.905599998310208 ], [ 405102.199900000356138, 3397762.906900001689792 ], [ 405041.828200001269579, 3397699.660399999469519 ], [ 405033.203700002282858, 3397587.541600000113249 ], [ 405021.704300001263618, 3397484.047400003299117 ], [ 404975.706900000572205, 3397374.803499998524785 ], [ 404967.082399998791516, 3397277.058900002390146 ], [ 405004.455300001427531, 3397147.691100001335144 ], [ 405082.076000000350177, 3396796.960500001907349 ], [ 405105.767699999734759, 3396683.240499999374151 ], [ 405110.824400001205504, 3396658.9682 ], [ 405171.196000001393259, 3396405.982300000265241 ], [ 405194.19480000063777, 3396331.236400000751019 ], [ 405222.943199999630451, 3396276.614399999380112 ], [ 405289.064500000327826, 3396247.866000002250075 ], [ 405372.434899999760091, 3396221.992500003427267 ], [ 405427.056800001300871, 3396210.493100002408028 ], [ 405478.803999999538064, 3396167.37050000205636 ], [ 405516.176900001242757, 3396109.873700000345707 ], [ 405553.549800001084805, 3396020.753699999302626 ], [ 405585.173000000417233, 3395917.259400002658367 ], [ 405608.171799999661744, 3395833.889000002294779 ], [ 405608.171799999661744, 3395707.39610000140965 ], [ 405599.547199999913573, 3395589.527600003406405 ], [ 405602.422100000083447, 3395511.906899999827147 ], [ 405639.794999999925494, 3395440.035900000482798 ], [ 405654.16920000128448, 3395336.541600003838539 ], [ 405665.668600001372397, 3395123.803500002250075 ], [ 405674.293100000359118, 3395008.809800000861287 ], [ 405680.042800000868738, 3394925.43949999846518 ], [ 405697.291800001636147, 3394830.569700002670288 ], [ 405677.167899998836219, 3394750.074200004339218 ], [ 405645.544700002297759, 3394672.453500000759959 ], [ 405657.044100000523031, 3394589.083100000396371 ], [ 405657.044100000523031, 3394488.46370000205934 ], [ 405645.544700002297759, 3394390.719200000166893 ], [ 405613.921400001272559, 3394218.228700000792742 ], [ 405565.049200000241399, 3394134.85840000025928 ], [ 405521.926599999889731, 3394057.237700000405312 ], [ 405481.678800000809133, 3393945.118899999186397 ], [ 405444.305900000967085, 3393833.000099999830127 ], [ 405366.685200001113117, 3393686.383300002664328 ], [ 405191.319900001399219, 3393485.144399998709559 ], [ 405030.328900001011789, 3393344.27730000205338 ], [ 404900.96100000012666, 3393203.4101 ], [ 404808.966100001707673, 3393091.291300002485514 ], [ 404760.09389999974519, 3393068.292600000277162 ], [ 404693.972500000149012, 3393045.2939000017941 ], [ 404636.475700000301003, 3393016.545499997213483 ], [ 404590.47829999960959, 3392976.297700002789497 ], [ 404558.855000001378357, 3392915.926100000739098 ], [ 404544.480800000019372, 3392832.555700000375509 ], [ 404524.356900000013411, 3392749.185300001874566 ], [ 404504.233099998906255, 3392706.062700001522899 ], [ 404475.484700000844896, 3392657.190400000661612 ], [ 404386.36460000090301, 3392611.193 ], [ 404268.496200000867248, 3392539.322000000625849 ], [ 404176.501300000585616, 3392467.451000003144145 ], [ 404107.505099999718368, 3392409.954200001433492 ], [ 404035.634100001305342, 3392315.0844 ], [ 403960.888200000859797, 3392211.590200001373887 ], [ 403661.904800000600517, 3391817.737000001594424 ], [ 403509.538300001993775, 3391673.994999999180436 ], [ 403429.042799999006093, 3391579.125300003215671 ], [ 403302.549800000153482, 3391406.634900001809001 ], [ 403196.180700002238154, 3391260.018000001087785 ], [ 403052.438699999824166, 3391018.531400000676513 ], [ 402793.70299999974668, 3390575.80599999986589 ], [ 402739.081100000068545, 3390515.434300001710653 ], [ 402687.334000000730157, 3390400.440700003877282 ], [ 402641.336500001139939, 3390248.074200000613928 ], [ 402615.462900001555681, 3390150.329600002616644 ], [ 402552.216500000096858, 3390081.333499999716878 ], [ 402451.597000000067055, 3389992.213400000706315 ], [ 402342.353100000880659, 3389934.716600002720952 ], [ 402261.857600000686944, 3389885.844300001859665 ], [ 402210.555200000293553, 3389839.6721 ], [ 402175.612400000914931, 3389808.223600003868341 ], [ 402069.243300001136959, 3389693.230000000447035 ], [ 401937.000600000843406, 3389572.486700000241399 ], [ 401873.754100000485778, 3389463.242800001055002 ], [ 401816.257300001569092, 3389342.499500002712011 ], [ 401799.008300000801682, 3389239.005200000479817 ], [ 401758.760499999858439, 3389115.3871 ], [ 401718.51280000153929, 3389020.517399998381734 ], [ 401620.768199999816716, 3388908.398600000888109 ], [ 401465.526800000108778, 3388744.532700002193451 ], [ 401367.782200001180172, 3388638.163599999621511 ], [ 401275.787299999967217, 3388566.292600000277162 ], [ 401198.166600001044571, 3388537.54420000128448 ], [ 401074.548500000499189, 3388534.669300002977252 ], [ 400950.930400000885129, 3388528.919700000435114 ], [ 400867.560000001452863, 3388500.171300001442432 ], [ 400812.938000000081956, 3388442.674400001764297 ], [ 400692.194700000807643, 3388313.306600000709295 ], [ 400574.32630000077188, 3388267.3092 ], [ 400444.958500000648201, 3388224.186599999666214 ], [ 400289.7171, 3388155.190400002524257 ], [ 400125.85120000038296, 3388066.070400001481175 ], [ 400022.837900000624359, 3387968.694100001826882 ], [ 399866.7352, 3387874.536900004372001 ], [ 399775.055800001136959, 3387820.024900002405047 ], [ 399658.598200000822544, 3387797.724500000476837 ], [ 399462.850399999879301, 3387765.512800002470613 ] ] ] } },
{ "type": "Feature", "properties": { "PARENT_CHA": "Kaler Kalan Disty", "ZONE_NAME": "Lahore", "CIRCLE_NAM": "DCC", "CHANNEL_NA": "Malkana Minor", "CHANNEL_TY": "M", "GCA": "4657", "CCA": "4464", "DESIGNED_D": 31.79, "Flowtype_E": "NP" }, "geometry": { "type": "MultiLineString", "coordinates": [ [ [ 410455.585700001567602, 3398494.206799998879433 ], [ 410360.116600000299513, 3398381.579500002786517 ], [ 410199.127799999900162, 3398212.117700001224875 ], [ 410181.412500001490116, 3398191.7972 ], [ 410055.085300002247095, 3398046.892400000244379 ], [ 410000.010200000368059, 3397974.871200002729893 ], [ 409923.752399999648333, 3397877.430600000545382 ], [ 409898.333100001327693, 3397754.570800000801682 ], [ 409889.860000000335276, 3397534.270500000566244 ], [ 409877.150400000624359, 3397195.346800001338124 ], [ 409851.731100000441074, 3397080.960100000724196 ], [ 409771.236800001002848, 3396877.606000000610948 ], [ 409635.667300000786781, 3396614.940200001001358 ], [ 409610.248100001364946, 3396525.972699999809265 ], [ 409610.248100001364946, 3396364.983999999240041 ], [ 409601.775000000372529, 3396170.102900002151728 ], [ 409576.355700000189245, 3396072.662399999797344 ], [ 409508.571000000461936, 3395962.512199999764562 ], [ 409220.485900000669062, 3395572.750000001862645 ], [ 409161.689200000837445, 3395487.437100002542138 ], [ 409004.422100001014769, 3395259.245699999853969 ], [ 408851.906500000506639, 3395055.891500003635883 ], [ 408822.250700000673532, 3394988.106799999251962 ], [ 408792.594800001010299, 3394865.247000001370907 ], [ 408729.046700000762939, 3394471.248299999162555 ], [ 408673.971600001677871, 3394195.872900001704693 ], [ 408640.079200000502169, 3394128.08809999935329 ], [ 408470.61739999987185, 3393937.443600002676249 ], [ 407826.662500001490116, 3393268.069500003010035 ], [ 407195.417300000786781, 3392679.1897 ], [ 406737.870400000363588, 3392285.191000001505017 ], [ 405856.668999999761581, 3391497.193600000813603 ], [ 405627.895600001327693, 3391323.49520000256598 ] ] ] } },
{ "type": "Feature", "properties": { "PARENT_CHA": "Malkana Minor", "ZONE_NAME": "Lahore", "CIRCLE_NAM": "DCC", "CHANNEL_NA": "Bhila Gulab Singh Sub Minor", "CHANNEL_TY": "SM", "GCA": "1720", "CCA": "1610", "DESIGNED_D": 6.46, "Flowtype_E": "NP" }, "geometry": { "type": "MultiLineString", "coordinates": [ [ [ 409161.689200000837445, 3395487.437100002542138 ], [ 409023.540799998678267, 3395487.4572 ], [ 408341.181800002232194, 3395496.029500000178814 ] ] ] } },
{ "type": "Feature", "properties": { "PARENT_CHA": "Kaler Kalan Disty", "ZONE_NAME": "Lahore", "CIRCLE_NAM": "DCC", "CHANNEL_NA": "Dograi Minor", "CHANNEL_TY": "M", "GCA": "6910", "CCA": "6644", "DESIGNED_D": 40.0, "Flowtype_E": "NP" }, "geometry": { "type": "MultiLineString", "coordinates": [ [ [ 405105.767699999734759, 3396683.240499999374151 ], [ 404903.136500000953674, 3396492.668900003656745 ], [ 404640.276200001128018, 3396201.13289999961853 ], [ 404353.519500000402331, 3395847.4662000015378 ], [ 404186.244699999690056, 3395656.295099999755621 ], [ 404028.528500000014901, 3395522.475300000980496 ], [ 403823.019500002264977, 3395383.876199999824166 ], [ 403646.18620000127703, 3395269.173500001430511 ], [ 403536.262800000607967, 3395221.380699999630451 ], [ 403364.208700002171099, 3395197.484300002455711 ], [ 403244.726800001226366, 3395149.691500000655651 ], [ 403091.789900001138449, 3395044.547399999573827 ], [ 402957.96999999973923, 3394991.975299999117851 ], [ 402422.690799999982119, 3394872.4934 ], [ 401734.474700001068413, 3394724.335700001567602 ], [ 401528.965700001455843, 3394671.763600002974272 ], [ 401423.821500000543892, 3394614.412300001829863 ], [ 401361.690900000743568, 3394537.943800000473857 ], [ 401313.898100000806153, 3394413.682600002735853 ], [ 401218.312599998898804, 3394146.043000001460314 ], [ 401098.830599999986589, 3393902.299700001254678 ], [ 401027.141400000080466, 3393739.80430000461638 ], [ 400984.127899999730289, 3393410.034000001847744 ], [ 400917.218000000342727, 3392836.520600004121661 ], [ 400869.425200001336634, 3392549.76380000449717 ], [ 400812.073800000362098, 3392396.826900001615286 ], [ 400291.132500000298023, 3391627.362999999895692 ], [ 400085.623499999754131, 3391345.385600000619888 ], [ 399913.569400001317263, 3391178.110800003632903 ], [ 399794.087500000372529, 3391087.304500002413988 ], [ 399708.06040000077337, 3391025.173900000751019 ], [ 399526.447800001129508, 3391010.836000001057982 ], [ 399263.587500000372529, 3390991.718900000676513 ] ] ] } },
{ "type": "Feature", "properties": { "PARENT_CHA": "Upper Depalpur Canal", "ZONE_NAME": "Lahore", "CIRCLE_NAM": "DCC", "CHANNEL_NA": "Lalluggudar Disty", "CHANNEL_TY": "D", "GCA": "18353", "CCA": "16851", "DESIGNED_D": 152.0, "Flowtype_E": "NP" }, "geometry": { "type": "MultiLineString", "coordinates": [ [ [ 412139.770800000056624, 3398092.804400000721216 ], [ 411950.520900000818074, 3397752.928800001740456 ], [ 411842.760200000368059, 3397526.631300004199147 ], [ 411743.242099999450147, 3397264.009200002998114 ], [ 411604.080900001339614, 3396852.0921 ], [ 411420.38810000102967, 3396284.314400002360344 ], [ 411236.695300000719726, 3395638.606499997898936 ], [ 411136.499300001189113, 3395415.948599999770522 ], [ 411025.170300000347197, 3395254.521600000560284 ], [ 410869.309799999929965, 3395054.129499999806285 ], [ 410513.057199998758733, 3394720.14270000346005 ], [ 410156.80449999962002, 3394347.190700000151992 ], [ 409733.754500000737607, 3393890.742000002413988 ], [ 408715.094600000418723, 3392727.354500001296401 ], [ 408264.212299999780953, 3392215.241300001740456 ], [ 408241.946600000374019, 3392076.080100001767278 ], [ 408230.813699999824166, 3391936.9189 ], [ 408241.946600000374019, 3391831.156400000676513 ], [ 408314.310399999842048, 3391680.862300001084805 ], [ 408414.506400001235306, 3391536.134700002148747 ], [ 408436.772200001403689, 3391413.672800002619624 ], [ 408414.506400001235306, 3391268.945200003683567 ], [ 408280.911700000986457, 3391018.4551 ], [ 407963.624200001358986, 3390506.341900000348687 ], [ 407935.791900000534952, 3390395.012900004163384 ], [ 407935.791900000534952, 3390300.383300002664328 ], [ 407930.22550000064075, 3390194.620800001546741 ], [ 407896.826799998991191, 3390061.026100002229214 ], [ 407783.91160000115633, 3389729.337600002065301 ], [ 407718.700500000268221, 3389537.779999999329448 ], [ 407479.343200000934303, 3388864.239900000393391 ], [ 407445.944600000977516, 3388725.078699998557568 ], [ 407468.21030000038445, 3388624.882600001990795 ], [ 407379.147199999541044, 3388546.95240000076592 ], [ 407340.182100001722574, 3388469.022099999710917 ], [ 407256.685300000011921, 3388218.531900001689792 ], [ 407145.356399999931455, 3387917.943800000473857 ], [ 407061.859699999913573, 3387823.314200000837445 ], [ 406944.964300001040101, 3387773.216099999845028 ], [ 405647.98200000077486, 3387483.760900001972914 ], [ 405486.554999999701977, 3387428.096400000154972 ], [ 405380.79250000230968, 3387322.333900002762675 ], [ 405119.169499999843538, 3387005.046399999409914 ], [ 404885.378700000233948, 3386737.856900000944734 ], [ 404885.378700000233948, 3385351.811499999836087 ], [ 403872.285199999809265, 3384589.208200002089143 ], [ 403861.152300001122057, 3384466.746300002560019 ], [ 403844.45299999974668, 3383203.162700003013015 ], [ 403850.019399999640882, 3383052.868600003421307 ], [ 403872.285199999809265, 3382986.0713 ], [ 403989.180600000545382, 3382819.0778 ], [ 404139.474700000137091, 3382496.223900001496077 ], [ 404184.006299999542534, 3382384.894900001585484 ], [ 404234.104299999773502, 3381984.110700001940131 ], [ 404200.705600000917912, 3381850.516000002622604 ], [ 404161.740500000305474, 3381271.605400001630187 ], [ 403799.921400000341237, 3380870.82120000384748 ], [ 403304.50760000012815, 3380664.862600000575185 ], [ 402458.407599999569356, 3380319.742900000885129 ], [ 402295.446999999694526, 3380255.253200000151992 ], [ 401808.806800001300871, 3379951.951800003647804 ], [ 401725.51210000179708, 3379883.6864 ], [ 401610.438699999824166, 3379743.352900002151728 ], [ 401531.851900001056492, 3379673.186200002208352 ], [ 401425.198500001803041, 3379572.146099999547005 ], [ 401346.611800000071526, 3379457.072699997574091 ], [ 401259.605000001378357, 3379333.579199999570847 ], [ 401178.211600000970066, 3379215.699100002646446 ], [ 401133.304900001734495, 3379173.59910000115633 ], [ 401018.231499999761581, 3379097.81900000013411 ], [ 400762.824599999003112, 3378977.13230000063777 ], [ 400504.611000001430511, 3378901.35219999961555 ], [ 400100.45060000102967, 3378766.632099999114871 ], [ 399648.576900000683963, 3378620.685300001874566 ], [ 399230.383200000971556, 3378497.191800000146031 ], [ 399073.209700000472367, 3378438.251800002530217 ], [ 399005.849700001068413, 3378368.08500000461936 ], [ 398930.069600000977516, 3378216.524900002405047 ], [ 398843.062800000421703, 3378022.864699998870492 ], [ 398722.376100000925362, 3377770.264499999582767 ], [ 398590.462600000202656, 3377492.404200004413724 ], [ 398410.835800000466406, 3377259.4507 ] ] ] } },
{ "type": "Feature", "properties": { "PARENT_CHA": "Lalluggudar Disty", "ZONE_NAME": "Lahore", "CIRCLE_NAM": "DCC", "CHANNEL_NA": "Kahan Singh Minor", "CHANNEL_TY": "M", "GCA": "1698", "CCA": "1573", "DESIGNED_D": 10.0, "Flowtype_E": "NP" }, "geometry": { "type": "MultiLineString", "coordinates": [ [ [ 407783.91160000115633, 3389729.337600002065301 ], [ 407180.440900000743568, 3389903.351099999621511 ], [ 405622.777400000020862, 3390445.648800000548363 ], [ 405475.027400000020862, 3390489.894899999722838 ], [ 404661.137900001369417, 3390272.418400002643466 ], [ 404460.136900001205504, 3390203.22130000218749 ], [ 403886.982900000177324, 3389839.757800001651049 ] ] ] } },
{ "type": "Feature", "properties": { "PARENT_CHA": "Lalluggudar Disty", "ZONE_NAME": "Lahore", "CIRCLE_NAM": "DCC", "CHANNEL_NA": "Kanda Minor", "CHANNEL_TY": "M", "GCA": "1499", "CCA": "1465", "DESIGNED_D": 9.75, "Flowtype_E": "NP" }, "geometry": { "type": "MultiLineString", "coordinates": [ [ [ 407468.21030000038445, 3388624.882600001990795 ], [ 407538.733799999579787, 3388305.708800001069903 ], [ 407689.418499999679625, 3387585.771000001579523 ], [ 407796.572000000625849, 3387080.1403 ], [ 407903.725600000470877, 3386574.509600004181266 ], [ 407903.725600000470877, 3386464.007500000298023 ], [ 407833.40610000025481, 3386269.791700001806021 ], [ 407769.783599999733269, 3386186.077999997884035 ], [ 407639.190300000831485, 3385931.58840000256896 ], [ 407565.522199999541044, 3385847.874700002372265 ], [ 407444.974500000476837, 3385740.721100000664592 ], [ 407351.215200001373887, 3385640.264699999243021 ], [ 407277.547100001014769, 3385576.642300004139543 ], [ 407173.74210000038147, 3385449.39750000089407 ], [ 407049.845900000073016, 3385295.36430000141263 ], [ 406952.738000000827014, 3385241.787499999627471 ], [ 406852.281499999575317, 3385184.862200003117323 ], [ 406718.339600000530481, 3385121.239800002425909 ], [ 406604.489000000059605, 3385077.708699999377131 ], [ 406504.032599999569356, 3385014.086300004273653 ], [ 406423.667399999685585, 3384960.509500002488494 ], [ 406356.696400000713766, 3384906.932700000703335 ] ] ] } },
{ "type": "Feature", "properties": { "PARENT_CHA": "Lalluggudar Disty", "ZONE_NAME": "Lahore", "CIRCLE_NAM": "DCC", "CHANNEL_NA": "Wanan Wala Minor", "CHANNEL_TY": "M", "GCA": "1134", "CCA": "1049", "DESIGNED_D": 10.62, "Flowtype_E": "NP" }, "geometry": { "type": "MultiLineString", "coordinates": [ [ [ 404885.378700000233948, 3386737.856900000944734 ], [ 404789.576000000350177, 3386618.040699997916818 ], [ 404719.256500001996756, 3386551.069700004532933 ], [ 404648.937000000849366, 3386524.281300002709031 ], [ 404558.526200001128018, 3386500.841499999165535 ], [ 403995.970200001262128, 3386440.567600000649691 ], [ 403604.190100000239909, 3386407.08220000192523 ], [ 403386.534500000067055, 3386356.854000000283122 ], [ 403332.957700001075864, 3386296.580100001767278 ], [ 403209.061499999836087, 3386152.592500001192093 ], [ 402760.355999999679625, 3385670.401599999517202 ], [ 402345.136099999770522, 3385211.65059999935329 ], [ 402060.509500000625849, 3384883.492900000885129 ], [ 401846.202499999664724, 3384672.534399999305606 ], [ 401611.804100001230836, 3384401.301999999210238 ], [ 401514.69620000012219, 3384257.314400002360344 ], [ 401437.67960000038147, 3384032.96169999986887 ], [ 401400.845599999651313, 3383875.580000003799796 ], [ 401317.13190000038594, 3383721.546799998730421 ], [ 401146.356000000610948, 3383540.725199999287724 ], [ 400975.580000001005828, 3383383.343400001525879 ], [ 400834.940999999642372, 3383256.098600002005696 ], [ 400607.239800001494586, 3383041.791600000113249 ], [ 400346.053000002168119, 3382921.24379999935627 ], [ 400131.746000001206994, 3382797.3476 ], [ 399819.172000001184642, 3382644.207300003618002 ], [ 399810.646200001239777, 3382640.030300002545118 ], [ 399632.812300002202392, 3382552.903600001707673 ], [ 399388.368300001136959, 3382435.704400001093745 ], [ 399284.563400001265109, 3382385.476199999451637 ], [ 399147.272900002077222, 3382385.476199999451637 ], [ 399046.816499999724329, 3382439.05290000140667 ] ] ] } },
{ "type": "Feature", "properties": { "PARENT_CHA": "Upper Depalpur Canal", "ZONE_NAME": "Lahore", "CIRCLE_NAM": "DCC", "CHANNEL_NA": "Katora Branch", "CHANNEL_TY": "BC", "GCA": "783", "CCA": "676", "DESIGNED_D": 891.0, "Flowtype_E": "NP" }, "geometry": { "type": "MultiLineString", "coordinates": [ [ [ 441630.744099999777973, 3430271.710100000724196 ], [ 441486.118500000797212, 3430417.588300002738833 ], [ 441292.47510000038892, 3430554.8991 ], [ 441134.039700000546873, 3430688.688999999314547 ], [ 440972.083400000818074, 3430780.229500001296401 ], [ 440732.669800000265241, 3430840.082900000736117 ], [ 440531.984899999573827, 3430868.249200001358986 ], [ 440355.94550000037998, 3430857.686899999156594 ], [ 440225.676300000399351, 3430833.041300000622869 ], [ 439993.304300001822412, 3430836.562100002542138 ], [ 439739.807599999941885, 3430850.645300000905991 ], [ 439574.330500000156462, 3430843.603700002655387 ], [ 439197.606200000271201, 3430748.542400002479553 ], [ 439060.295500000938773, 3430713.334500001743436 ], [ 438982.838100002147257, 3430706.293000001460314 ], [ 438775.111700001172721, 3430709.813799999654293 ], [ 438676.5296, 3430702.772200001403689 ], [ 438532.177300000563264, 3430660.522700002416968 ], [ 438363.179399999789894, 3430625.314800001680851 ], [ 438225.868700000457466, 3430614.752499999478459 ], [ 438116.529100000858307, 3430622.7043999992311 ], [ 438097.537100001238286, 3430624.08559999987483 ], [ 438032.225400000810623, 3430628.83559999987483 ], [ 437789.291000000201166, 3430653.48110000230372 ], [ 437585.08530000038445, 3430671.085100002586842 ], [ 437482.982400000095367, 3430657.001900000497699 ], [ 437363.275600000284612, 3430600.669300002977252 ], [ 437211.881700000725687, 3430516.170399999246001 ], [ 437095.695700000971556, 3430473.921000003814697 ], [ 436898.531600000336766, 3430392.942800002172589 ], [ 436613.347800000570714, 3430273.235999999567866 ], [ 436352.809500002302229, 3430199.299499999731779 ], [ 436169.728500002063811, 3430139.446100000292063 ], [ 436081.708800001069903, 3430111.279799999669194 ], [ 435983.126699999906123, 3430058.467999998480082 ], [ 435884.544600000604987, 3430002.135400000959635 ], [ 435810.608099999837577, 3429970.448300002142787 ], [ 435733.150799999944866, 3429931.719600001350045 ], [ 435624.006300000473857, 3429938.761199999600649 ], [ 434986.743700000457466, 3429949.323500001803041 ], [ 434557.207500000484288, 3429956.3651 ], [ 434402.292900000698864, 3429952.8443 ], [ 434212.17030000127852, 3429924.678000003099442 ], [ 433930.50730000063777, 3429896.511700000613928 ], [ 433793.196500000543892, 3429861.303800001740456 ], [ 433648.844200002029538, 3429766.242600001394749 ], [ 433247.474399999715388, 3429488.100300000980496 ], [ 433074.955800000578165, 3429382.476699998602271 ], [ 432832.02140000090003, 3429062.084900001063943 ], [ 432504.588100002147257, 3428653.673499999567866 ], [ 432258.132900000549853, 3428326.240200001746416 ], [ 432082.093500001356006, 3428104.430600002408028 ], [ 431958.866000001318753, 3427998.806900002062321 ], [ 431821.555200001224875, 3427928.391200002282858 ], [ 431356.811200000345707, 3427734.7478 ], [ 430913.191899999976158, 3427541.104499999433756 ], [ 429955.537500000558794, 3427125.651499999687076 ] ] ] } },
{ "type": "Feature", "properties": { "PARENT_CHA": "Katora Branch", "ZONE_NAME": "Lahore", "CIRCLE_NAM": "DCC", "CHANNEL_NA": "Ditch Jaggian Disty", "CHANNEL_TY": "D", "GCA": "2319", "CCA": "2308", "DESIGNED_D": 12.2, "Flowtype_E": "NP" }, "geometry": { "type": "MultiLineString", "coordinates": [ [ [ 438116.529100000858307, 3430622.7043999992311 ], [ 438111.765400001779199, 3430614.168900003656745 ], [ 438031.184399999678135, 3430616.879599999636412 ], [ 437788.169999999925494, 3430641.533200001344085 ], [ 437585.393600000068545, 3430659.014000000432134 ], [ 437486.435500000603497, 3430645.36460000090301 ], [ 437368.761099999770522, 3430589.988400001078844 ], [ 437216.888400000520051, 3430505.222300002351403 ], [ 437100.027500000782311, 3430462.727400001138449 ], [ 436903.133399999700487, 3430381.860099997371435 ], [ 436617.322600000537932, 3430261.890099998563528 ], [ 436356.313299999572337, 3430187.820000004023314 ], [ 436173.421600001864135, 3430128.0285 ], [ 436086.409600000828505, 3430100.184599999338388 ], [ 435988.93790000025183, 3430047.967700002714992 ], [ 435889.902400000952184, 3429991.376000002026558 ], [ 435815.659300000406802, 3429959.557500001043081 ], [ 435735.61570000089705, 3429919.535599999129772 ], [ 435623.520300000905991, 3429926.767600003629923 ], [ 434986.545900001190603, 3429937.325100000947714 ], [ 434557.245500001125038, 3429944.36290000192821 ], [ 434403.3125, 3429940.864400001242757 ], [ 434213.647400001063943, 3429912.765900000929832 ], [ 433932.606599999591708, 3429884.661800000816584 ], [ 433798.120600000955164, 3429850.17820000089705 ], [ 433655.562600000761449, 3429756.298599999397993 ], [ 433254.030100000090897, 3429478.043500002473593 ], [ 433083.151000000536442, 3429373.423700001090765 ], [ 432841.485399999655783, 3429054.705299999564886 ], [ 432514.065400001592934, 3428646.310399999842048 ], [ 432267.628000000491738, 3428318.900800002738833 ], [ 432214.812099998816848, 3428252.352800002321601 ] ] ] } },
{ "type": "Feature", "properties": { "PARENT_CHA": "Katora Branch", "ZONE_NAME": "Lahore", "CIRCLE_NAM": "DCC", "CHANNEL_NA": "Ditch Khudian Disty", "CHANNEL_TY": "D", "GCA": "2116", "CCA": "2032", "DESIGNED_D": 12.0, "Flowtype_E": "NP" }, "geometry": { "type": "MultiLineString", "coordinates": [ [ [ 438097.537100001238286, 3430624.08559999987483 ], [ 438091.624499999918044, 3430632.532700000330806 ], [ 438033.266400001011789, 3430640.791600001975894 ], [ 437790.411999999545515, 3430665.428999999538064 ], [ 437584.777000000700355, 3430683.156199999153614 ], [ 437479.529300001449883, 3430668.639200003817677 ], [ 437357.790100000798702, 3430611.350199999287724 ], [ 437206.875000000931323, 3430527.11849999986589 ], [ 437091.363900002092123, 3430485.11460000090301 ], [ 436893.929800000041723, 3430404.025500003248453 ], [ 436609.372999999672174, 3430284.58190000243485 ], [ 436349.305700002238154, 3430210.779000002890825 ], [ 436166.035400002263486, 3430150.863700000569224 ], [ 436077.008000001311302, 3430122.375000001862645 ], [ 435977.315499999560416, 3430068.968300001695752 ], [ 435879.18680000025779, 3430012.894799999892712 ], [ 435805.556900000199676, 3429981.339099999517202 ], [ 435730.685899999924004, 3429943.903600003570318 ], [ 435624.492300000041723, 3429950.75480000115931 ], [ 434986.941499999724329, 3429961.321900002658367 ], [ 434557.16950000077486, 3429968.367300003767014 ], [ 434401.273300000466406, 3429964.824200000613928 ], [ 434210.693199999630451, 3429936.590099999681115 ], [ 433928.407999999821186, 3429908.361600000411272 ], [ 433788.27240000013262, 3429872.429400000721216 ], [ 433642.125800000503659, 3429776.186600001528859 ], [ 433240.918700000271201, 3429498.157099997624755 ], [ 433218.985399999655783, 3429484.728600000962615 ] ] ] } },
{ "type": "Feature", "properties": { "PARENT_CHA": "Katora Branch", "ZONE_NAME": "Lahore", "CIRCLE_NAM": "DCC", "CHANNEL_NA": "Ditch Chunian Disty", "CHANNEL_TY": "D", "GCA": "5794", "CCA": "5427", "DESIGNED_D": 34.0, "Flowtype_E": "NP" }, "geometry": { "type": "MultiLineString", "coordinates": [ [ [ 429955.537500000558794, 3427125.651499999687076 ], [ 429916.265100001357496, 3427162.554000003263354 ], [ 429818.451100000180304, 3427191.898200003430247 ], [ 429685.34220000077039, 3427175.665400002151728 ], [ 428976.802400001324713, 3426951.915900001302361 ], [ 428599.025200000964105, 3426837.344200002029538 ], [ 428115.754700000397861, 3426710.330800000578165 ], [ 427424.4068, 3426530.518300000578165 ], [ 426909.899000000208616, 3426397.242200002074242 ], [ 426565.463300001807511, 3426313.460500001907349 ], [ 426193.249100000597537, 3426204.898100001737475 ], [ 425744.162500000558794, 3426087.206400001421571 ], [ 425512.857800000347197, 3426031.693299999460578 ], [ 425089.263700000010431, 3425976.038500001654029 ], [ 424518.962200000882149, 3425907.850299997255206 ], [ 423678.865000000223517, 3425811.750700002536178 ], [ 423167.322799999266863, 3425755.946100002154708 ], [ 422868.408400000073016, 3425722.318200001493096 ] ] ] } },
{ "type": "Feature", "properties": { "PARENT_CHA": "Katora Branch", "ZONE_NAME": "Lahore", "CIRCLE_NAM": "DCC", "CHANNEL_NA": "Chunian Disty", "CHANNEL_TY": "D", "GCA": "22019", "CCA": "21298", "DESIGNED_D": 179.0, "Flowtype_E": "NP" }, "geometry": { "type": "MultiLineString", "coordinates": [ [ [ 429955.537500000558794, 3427125.651499999687076 ], [ 429909.726400000974536, 3427143.634999999776483 ], [ 429816.715300001204014, 3427171.53830000013113 ], [ 429689.60020000115037, 3427156.036500001326203 ], [ 428982.7162000015378, 3426932.809900002554059 ], [ 428604.471200001426041, 3426818.09630000218749 ], [ 428120.813699999824166, 3426690.981200000271201 ], [ 427429.431600001640618, 3426511.159800002351403 ], [ 426914.77040000166744, 3426377.844000000506639 ], [ 426570.629499999806285, 3426294.134000001475215 ], [ 426198.585199999623001, 3426185.621099999174476 ], [ 425749.031800000928342, 3426067.807099999859929 ], [ 425516.504200000315905, 3426012.000499999150634 ], [ 425091.753700000233948, 3425956.193800002336502 ], [ 424521.285900000482798, 3425887.9857 ], [ 423681.086000001057982, 3425791.874299999326468 ], [ 423169.525200000964105, 3425736.067700000479817 ], [ 422177.407200002111495, 3425624.45440000295639 ], [ 421439.519500001333654, 3425546.945200001820922 ], [ 420794.642900000326335, 3425475.636700002476573 ], [ 420286.182400001212955, 3425410.529000002890825 ], [ 419433.581100000068545, 3425302.016100000590086 ], [ 418506.570900000631809, 3425193.503200000151992 ], [ 418277.143600000068545, 3425159.399100001901388 ], [ 417781.08460000064224, 3425106.692800002172589 ], [ 417511.352600000798702, 3425088.090600002557039 ], [ 417120.706100000999868, 3425072.588800003752112 ], [ 416187.495199999772012, 3425004.380700001493096 ], [ 415753.443599999882281, 3424976.477400001138449 ], [ 415331.793499999679625, 3424945.473700001835823 ], [ 415009.355099999345839, 3424926.871500000357628 ], [ 414851.236300001852214, 3424908.269299998879433 ], [ 414500.894700000993907, 3424880.365900002419949 ], [ 414082.344899999909103, 3424843.161500001326203 ], [ 413871.495199999772012, 3424820.243000000715256 ], [ 413797.110999999567866, 3424812.157800000160933 ], [ 413412.665300001390278, 3424778.05379999987781 ], [ 413152.234400001354516, 3424747.05009999871254 ], [ 412684.078700000420213, 3424706.745300000533462 ], [ 412386.443300000391901, 3424691.243500001728535 ], [ 412113.610900000669062, 3424666.440500002354383 ], [ 411744.667100000195205, 3424632.336500002071261 ], [ 411295.113599999807775, 3424588.931300001218915 ], [ 410898.266400001011789, 3424542.425800001248717 ], [ 410430.110799999907613, 3424502.120999999344349 ], [ 410110.772800001315773, 3424468.016900001093745 ], [ 409400.788400001823902, 3424384.307 ], [ 408557.488199999555945, 3424288.195499999448657 ], [ 407962.217400001361966, 3424223.087799999862909 ], [ 407549.868400001898408, 3424179.682600002735853 ], [ 407326.641900001093745, 3424154.879700001329184 ], [ 406833.683300001546741, 3424099.073100004345179 ], [ 405940.777100000530481, 3423993.660500001162291 ], [ 405395.112300001084805, 3423947.155000001192093 ], [ 405212.190500000491738, 3423928.552800001576543 ], [ 404700.629699999466538, 3423872.746200002729893 ], [ 404263.477699999697506, 3423823.140300001949072 ], [ 403677.508100001141429, 3423767.33360000140965 ], [ 403178.348699999973178, 3423708.426600001752377 ], [ 402896.215200001373887, 3423674.322600001469254 ], [ 402607.880900000222027, 3423661.921100001782179 ], [ 402245.137799999676645, 3423711.527000002563 ], [ 402228.065999999642372, 3423713.089099999517202 ], [ 401770.781400000676513, 3423754.932199999690056 ], [ 401259.220599999651313, 3423804.538100000470877 ], [ 400933.681900001130998, 3423835.541700003668666 ], [ 400760.061299999244511, 3423847.943199997767806 ], [ 400623.64510000217706, 3423844.842800000682473 ], [ 400400.418500000610948, 3423779.735100001096725 ], [ 399947.764700002036989, 3423643.318900000303984 ], [ 399789.645900000818074, 3423593.712999999523163 ], [ 399473.408300000242889, 3423494.501200001686811 ], [ 399181.973699999973178, 3423364.285700000822544 ], [ 399020.754499999806285, 3423280.575799999758601 ], [ 398465.788500000722706, 3422939.535199999809265 ] ] ] } },
{ "type": "Feature", "properties": { "PARENT_CHA": "Chunian Disty", "ZONE_NAME": "Lahore", "CIRCLE_NAM": "DCC", "CHANNEL_NA": "Dobli Minor", "CHANNEL_TY": "M", "GCA": "3990", "CCA": "3558", "DESIGNED_D": 20.65, "Flowtype_E": "NP" }, "geometry": { "type": "MultiLineString", "coordinates": [ [ [ 413871.495199999772012, 3424820.243000000715256 ], [ 413597.293600000441074, 3425245.730100002139807 ], [ 413330.738500000908971, 3425676.627500001341105 ], [ 413180.425500001758337, 3425937.170100001618266 ], [ 412963.974699999205768, 3426279.8838 ], [ 412629.277699999511242, 3426825.019099997356534 ], [ 412591.198300000280142, 3426859.090099999681115 ], [ 411995.958700000308454, 3426845.060900002717972 ], [ 410671.199799999594688, 3426817.002400001510978 ], [ 410390.615400000475347, 3426808.9858 ] ] ] } },
{ "type": "Feature", "properties": { "PARENT_CHA": "Chunian Disty", "ZONE_NAME": "Lahore", "CIRCLE_NAM": "DCC", "CHANNEL_NA": "Naushehra Minor", "CHANNEL_TY": "M", "GCA": "3164", "CCA": "3126", "DESIGNED_D": 18.0, "Flowtype_E": "NP" }, "geometry": { "type": "MultiLineString", "coordinates": [ [ [ 402228.065999999642372, 3423713.089099999517202 ], [ 402120.720900000073016, 3423361.458800001069903 ], [ 402004.888200000859797, 3422946.899800002574921 ], [ 401916.489599999971688, 3422605.498199999332428 ], [ 401840.283900001086295, 3422404.315100003033876 ], [ 401764.078200001269579, 3422248.855400001630187 ], [ 401663.486600001342595, 3422114.73340000025928 ], [ 401462.303600000217557, 3421928.79140000231564 ], [ 401315.988599999807775, 3421846.48930000141263 ], [ 401160.528900001198053, 3421773.331800000742078 ], [ 400992.876400001347065, 3421678.83670000359416 ], [ 400837.416700000874698, 3421596.534499999135733 ], [ 400675.860600000247359, 3421456.316000001505017 ], [ 400499.063299999572337, 3421282.56700000166893 ], [ 400364.941300000064075, 3421108.818 ], [ 400157.661800000816584, 3420816.188000002875924 ], [ 400032.684399999678135, 3420675.969499999657273 ], [ 399910.755199999548495, 3420572.329700000584126 ], [ 399749.199099999852479, 3420450.400600001215935 ], [ 399630.318199998699129, 3420374.194900004193187 ] ] ] } },
{ "type": "Feature", "properties": { "PARENT_CHA": "Katora Branch", "ZONE_NAME": "Lahore", "CIRCLE_NAM": "DCC", "CHANNEL_NA": "Pakhoke Disty", "CHANNEL_TY": "D", "GCA": "22786", "CCA": "21873", "DESIGNED_D": 183.36, "Flowtype_E": "NP" }, "geometry": { "type": "MultiLineString", "coordinates": [ [ [ 429955.537500000558794, 3427125.651499999687076 ], [ 429693.945000000298023, 3427013.017699997872114 ], [ 428765.874500000849366, 3426613.772200001403689 ], [ 428429.667800000868738, 3426449.171100001782179 ], [ 428135.487000000663102, 3426326.595700001344085 ], [ 428002.405199999921024, 3426267.059100003913045 ], [ 427862.31900000013411, 3426144.483800001442432 ], [ 427582.14680000115186, 3425843.298600001260638 ], [ 427431.554200001992285, 3425673.444199997931719 ], [ 427358.00899999961257, 3425589.742799999192357 ], [ 427142.276399999856949, 3425368.406700000166893 ], [ 427013.397200000472367, 3425256.337799999862909 ], [ 426892.923100000247359, 3425172.286100003868341 ], [ 426747.233600001782179, 3425085.432800000533462 ], [ 426598.742300000041723, 3425020.993100002408028 ], [ 426450.251000001095235, 3424959.3553 ], [ 426223.31150000076741, 3424903.320800002664328 ], [ 426010.380600000731647, 3424886.510500000789762 ], [ 425780.639399999752641, 3424889.31220000050962 ], [ 425517.277500000782311, 3424900.519099999219179 ], [ 424912.105499999597669, 3424922.932900002226233 ], [ 424063.183699999935925, 3424970.562100002542138 ], [ 423902.989800000563264, 3424971.58250000141561 ], [ 423623.313300000503659, 3424973.363900002092123 ], [ 423544.865100000053644, 3424970.562100002542138 ], [ 423309.520400000736117, 3424861.295000001788139 ], [ 422967.710300001315773, 3424676.381300002336502 ], [ 422491.41750000230968, 3424427.028000002726912 ], [ 421863.831700001843274, 3424102.028300000354648 ], [ 421261.461500002071261, 3423785.433600001037121 ], [ 420740.34110000077635, 3423519.269999999552965 ], [ 420468.574100000783801, 3423356.770100001245737 ], [ 420053.919200000353158, 3423149.442700002342463 ], [ 419608.445299999788404, 3422841.253200000151992 ], [ 419317.066199999302626, 3422633.925800001248717 ], [ 418994.868200000375509, 3422420.994899999350309 ], [ 418681.075300000607967, 3422205.262300001457334 ], [ 418395.299599999561906, 3422011.943499999120831 ], [ 418056.291199999861419, 3421779.400500001385808 ], [ 417776.119000000879169, 3421591.685100002214313 ], [ 417361.464100001379848, 3421308.711200000718236 ], [ 417014.050500000827014, 3421084.573400000110269 ], [ 416745.085200000554323, 3420891.254600003361702 ], [ 416635.817999999970198, 3420815.6081000007689 ], [ 416148.318400000222027, 3420832.418400000780821 ], [ 415520.732599999755621, 3420854.83220000192523 ], [ 414758.664099999703467, 3420880.047700000926852 ], [ 413965.776700001209974, 3420905.2632 ], [ 413402.630599999800324, 3420930.478700004518032 ], [ 412273.536500001326203, 3420958.495899999514222 ], [ 411609.52830000128597, 3420997.720000000670552 ], [ 410799.830600000917912, 3421031.340700002387166 ], [ 409959.314000001177192, 3421050.95270000398159 ], [ 408891.85780000127852, 3421087.375099999830127 ], [ 408519.228699999861419, 3421104.18550000153482 ], [ 408426.771900000050664, 3421106.987200001254678 ], [ 408331.513299999758601, 3421087.375099999830127 ], [ 408227.849600002169609, 3421034.142400002107024 ], [ 407958.884300000965595, 3420877.246000001206994 ], [ 407549.832799999974668, 3420599.875500002875924 ], [ 406675.695500001311302, 3420056.341299999505281 ], [ 406042.506299999542534, 3419638.884700002148747 ], [ 405501.773900001309812, 3419299.876300001516938 ], [ 404801.34330000076443, 3418860.00590000115335 ], [ 403837.550900001078844, 3418229.6184 ], [ 403498.542500001378357, 3418019.48930000141263 ], [ 403041.861700001172721, 3417725.308400001376867 ], [ 402658.025800000876188, 3417484.360300000756979 ], [ 402616.141400001943111, 3417453.402300000190735 ], [ 402593.586200000718236, 3417436.731100000441074 ], [ 402517.939699999988079, 3417366.688000001013279 ], [ 402442.293200001120567, 3417338.670800002291799 ], [ 402347.034600000828505, 3417335.86910000257194 ], [ 402274.189900000579655, 3417335.86910000257194 ], [ 402212.552000000141561, 3417333.067299999296665 ], [ 402108.888200000859797, 3417305.050100000575185 ], [ 401963.198700000531971, 3417246.213899997994304 ], [ 401655.009199999272823, 3417100.524399999529123 ], [ 401408.457700001075864, 3417005.265800001099706 ], [ 401170.311300001107156, 3416898.8004 ], [ 400775.268500001169741, 3416733.498800002038479 ], [ 400256.949800000526011, 3416514.964400000870228 ], [ 400083.243100000545382, 3416433.714500002563 ], [ 399987.984500002115965, 3416383.283500004559755 ], [ 399892.725999999791384, 3416274.01630000025034 ], [ 399775.053600002080202, 3416153.542300000786781 ], [ 399646.174399999901652, 3416013.456200001761317 ], [ 399478.39809999987483, 3415839.226900001987815 ] ] ] } },
{ "type": "Feature", "properties": { "PARENT_CHA": "Pakhoke Disty", "ZONE_NAME": "Lahore", "CIRCLE_NAM": "DCC", "CHANNEL_NA": "Dhingh Shah Minor", "CHANNEL_TY": "M", "GCA": "8507", "CCA": "7607", "DESIGNED_D": 42.0, "Flowtype_E": "NP" }, "geometry": { "type": "MultiLineString", "coordinates": [ [ [ 423902.989800000563264, 3424971.58250000141561 ], [ 423873.46580000128597, 3424918.726000001654029 ], [ 423838.828200002200902, 3424850.733799999579787 ], [ 423817.019399999640882, 3424795.570300003513694 ], [ 423790.079100000672042, 3424689.092000000178814 ], [ 423763.13880000077188, 3424542.844700003042817 ], [ 423727.218399999663234, 3424413.274700000882149 ], [ 423695.146599999628961, 3424258.0472999997437 ], [ 423652.811900000087917, 3424092.556900003924966 ], [ 423593.799800000153482, 3423850.094200002029538 ], [ 423533.504900000989437, 3423579.408299999311566 ], [ 423457.815500000491738, 3423306.1568 ], [ 423423.177899998612702, 3423165.040899999439716 ], [ 423406.500599999912083, 3423026.490800002589822 ], [ 423393.671900002285838, 3422935.406900001689792 ], [ 423350.054299999028444, 3422841.75730000063777 ], [ 423296.173700001090765, 3422764.785100001841784 ], [ 423232.030100000090897, 3422685.246999999508262 ], [ 423144.794900000095367, 3422618.53770000115037 ], [ 422972.890100000426173, 3422497.947799999266863 ], [ 422866.411799999885261, 3422415.844100002199411 ], [ 422682.961199999786913, 3422283.7083 ], [ 422316.060000001452863, 3422016.871100001037121 ], [ 422046.657000000588596, 3421835.98619999922812 ], [ 421790.082800001837313, 3421637.141200002282858 ], [ 421370.583899999968708, 3421302.311800001189113 ], [ 421071.674799999222159, 3421063.697699999436736 ], [ 420752.239900000393391, 3420812.254899999126792 ], [ 420437.936400000937283, 3420563.377900002524257 ], [ 420334.023800000548363, 3420444.070900000631809 ], [ 420201.888100001960993, 3420225.982799999415874 ], [ 420130.0472999997437, 3420104.110000001266599 ], [ 420095.409799998626113, 3420083.584100002422929 ], [ 419793.935000000521541, 3419934.770999999716878 ], [ 419592.524200001731515, 3419834.707000000402331 ], [ 419040.889600001275539, 3419560.17259999923408 ], [ 418677.837000000290573, 3419372.873400002717972 ], [ 418491.820700000971556, 3419281.7895 ], [ 418047.947200000286102, 3419049.589800000190735 ], [ 417927.357300001196563, 3419002.123500000685453 ], [ 417801.635900001041591, 3418995.709200002253056 ], [ 417678.48030000180006, 3418967.485999999567866 ], [ 417436.017599999904633, 3418917.454000001773238 ], [ 417137.108599999919534, 3418852.02760000154376 ], [ 416822.805100001394749, 3418787.884000001475215 ], [ 416771.490299999713898, 3418772.489600002765656 ], [ 416741.984199999831617, 3418748.115000002086163 ], [ 416708.629599999636412, 3418701.931700004264712 ], [ 416649.617499999701977, 3418644.202500000596046 ], [ 416553.402100000530481, 3418567.230200003832579 ], [ 416405.871900000609457, 3418454.337500002235174 ], [ 416349.425599999725819, 3418418.417099999263883 ], [ 416192.915300001390278, 3418342.727700000628829 ], [ 416060.7796, 3418265.755400000140071 ], [ 415910.683600000105798, 3418187.50029999949038 ], [ 415847.822900000028312, 3418152.862800003960729 ], [ 415809.336800001561642, 3418113.093700001016259 ], [ 415768.284900001250207, 3418070.758999997749925 ], [ 415707.990000000223517, 3417998.918200001120567 ], [ 415661.806600000709295, 3417965.563500000163913 ], [ 415577.137099999934435, 3417943.754699999466538 ], [ 415498.88190000038594, 3417928.360300000756979 ], [ 415393.68650000076741, 3417921.945899998769164 ], [ 415305.168399999849498, 3417888.591300001367927 ], [ 415248.722000000067055, 3417835.99350000359118 ], [ 415214.084499999880791, 3417769.284199999645352 ], [ 415166.618300001136959, 3417711.555000001564622 ], [ 415123.000599999912083, 3417676.917500000447035 ], [ 415067.837199999950826, 3417644.845700001344085 ], [ 415011.390800000168383, 3417617.905400002375245 ], [ 414945.964399999938905, 3417556.327600004151464 ], [ 414876.689400000497699, 3417506.2956000007689 ], [ 414756.09940000064671, 3417424.1919 ], [ 414676.561400001868606, 3417379.291400000452995 ] ] ] } },
{ "type": "Feature", "properties": { "PARENT_CHA": "Pakhoke Disty", "ZONE_NAME": "Lahore", "CIRCLE_NAM": "DCC", "CHANNEL_NA": "Bukan Minor", "CHANNEL_TY": "M", "GCA": "1640", "CCA": "1618", "DESIGNED_D": 11.2, "Flowtype_E": "NP" }, "geometry": { "type": "MultiLineString", "coordinates": [ [ [ 402616.141400001943111, 3417453.402300000190735 ], [ 402561.603200000710785, 3417478.619999999180436 ], [ 402491.967800000682473, 3417503.489800002425909 ], [ 402385.856700000353158, 3417521.727600002661347 ], [ 402082.445400000549853, 3417594.679000003263354 ], [ 401827.115600001066923, 3417662.656400000676513 ], [ 401621.525400001555681, 3417719.856900000944734 ], [ 401364.537699999287724, 3417786.176300002261996 ], [ 401114.181900001130998, 3417854.153699999675155 ], [ 400770.978900001384318, 3417942.027000000700355 ], [ 400303.427000000141561, 3418066.375900000333786 ], [ 400043.123200002126396, 3418136.01129999756813 ], [ 399822.611200000159442, 3418184.092800000682473 ] ] ] } },
{ "type": "Feature", "properties": { "PARENT_CHA": "Katora Branch", "ZONE_NAME": "Lahore", "CIRCLE_NAM": "DCC", "CHANNEL_NA": "Attari Disty", "CHANNEL_TY": "D", "GCA": "37722", "CCA": "35303", "DESIGNED_D": 434.0, "Flowtype_E": "NP" }, "geometry": { "type": "MultiLineString", "coordinates": [ [ [ 429955.537500000558794, 3427125.651499999687076 ], [ 429886.288600000552833, 3426947.871300000697374 ], [ 429830.759300000034273, 3426798.636199999600649 ], [ 429743.994699999690056, 3426673.6952 ], [ 429560.05379999987781, 3426406.460400000214577 ], [ 429271.995400001294911, 3425965.696399999782443 ], [ 429004.760599998757243, 3425573.520500002428889 ], [ 428747.9375, 3425198.697600001469254 ], [ 428602.173000001348555, 3424973.109700001776218 ], [ 428459.879100000485778, 3424757.933600001037121 ], [ 428393.938000001013279, 3424674.639600003138185 ], [ 428352.291000001132488, 3424608.698599999770522 ], [ 428147.526700000278652, 3424424.7577 ], [ 427911.527100000530481, 3424216.522700002416968 ], [ 427737.997899998910725, 3424056.875900000333786 ], [ 427678.998000000603497, 3423977.052499998360872 ], [ 427484.645399999804795, 3423723.700000002980232 ], [ 427099.410700001753867, 3423223.936100002378225 ], [ 426898.116899999789894, 3422946.289500001817942 ], [ 426575.352700000628829, 3422515.93720000423491 ], [ 426519.823400000110269, 3422436.113800002261996 ], [ 426419.17650000192225, 3422158.467200003564358 ], [ 426231.765100000426173, 3421634.409199999645352 ], [ 426138.059299999848008, 3421360.233200004324317 ], [ 425968.000799999572337, 3420881.292800003662705 ], [ 425822.236300000920892, 3420454.411200001835823 ], [ 425752.824699999764562, 3420273.940899999812245 ], [ 425409.236999999731779, 3419673.530099999159575 ], [ 425107.29630000051111, 3419170.29560000449419 ], [ 425105.898199999704957, 3419167.946700001135468 ], [ 424847.002600000239909, 3418733.002200003713369 ], [ 424756.767400000244379, 3418611.531800001859665 ], [ 424371.532800000160933, 3418240.179400000721216 ], [ 424021.003899999894202, 3417875.76830000244081 ], [ 423764.180800000205636, 3417632.827500000596046 ], [ 423344.24030000064522, 3417317.004499999806285 ], [ 422941.652700000442564, 3416904.005100002512336 ], [ 422525.182800001464784, 3416497.947000000625849 ], [ 422212.830400001257658, 3416189.065099997445941 ], [ 421917.83079999871552, 3415887.124400001019239 ], [ 421848.419200002215803, 3415831.595100002363324 ], [ 421744.301700000651181, 3415783.006900001317263 ], [ 420987.714700000360608, 3415553.948500003665686 ], [ 420335.245199999772012, 3415373.478200001642108 ], [ 420172.127799999900162, 3415317.948899999260902 ], [ 419786.893100000917912, 3415186.066700004041195 ], [ 419117.070700000040233, 3414970.890599999576807 ], [ 418416.013000001199543, 3414766.126199999824166 ], [ 418356.26420000102371, 3414747.316400002688169 ], [ 418228.601500000804663, 3414707.126300003379583 ], [ 418093.248800001107156, 3414634.24410000257194 ], [ 417694.131799999624491, 3414373.950400000438094 ], [ 417197.838499999605119, 3414051.186200004070997 ], [ 416146.251899999566376, 3413367.481400003656745 ], [ 415542.370600000955164, 3412975.305600000545382 ], [ 415431.311900001019239, 3412923.246800001710653 ], [ 415247.371000001206994, 3412895.482200004160404 ], [ 413768.902799999341369, 3412728.894200000911951 ], [ 413003.820400000549853, 3412641.523700000718236 ], [ 412644.434100001119077, 3412600.482700003311038 ], [ 412082.199700001627207, 3412534.541600000113249 ], [ 411068.789500000886619, 3412406.130000002682209 ], [ 409947.791299998760223, 3412260.365599999204278 ], [ 409441.086300000548363, 3412197.895099999383092 ], [ 409274.498300000093877, 3412142.365700002759695 ], [ 408910.087100001052022, 3411993.130699999630451 ], [ 408569.970000000670552, 3411868.189700001850724 ], [ 408420.735000000335276, 3411767.54280000180006 ], [ 408115.323699999600649, 3411548.896100003272295 ], [ 407712.736100002191961, 3411253.896600002422929 ], [ 407487.148299999535084, 3411080.367500001564622 ], [ 407278.913300001062453, 3410948.485300000756979 ], [ 407133.148800000548363, 3410892.956000003963709 ], [ 406976.972600001841784, 3410889.485400000587106 ], [ 406574.385000001639128, 3410958.897100001573563 ], [ 405408.269300000742078, 3411149.779100002720952 ], [ 404460.800200000405312, 3411309.425900001078844 ], [ 404328.918100001290441, 3411309.425900001078844 ], [ 404304.746299999766052, 3411301.295400002971292 ], [ 403947.15400000102818, 3411181.014400001615286 ], [ 403211.390500000678003, 3410945.014699999243021 ], [ 402617.920800001360476, 3410761.073900002986193 ], [ 401795.392699999734759, 3410528.544800002127886 ], [ 401188.040800000540912, 3410375.839200001209974 ], [ 400781.982599999755621, 3410282.133500002324581 ], [ 400466.159600000828505, 3410119.016100002452731 ], [ 400021.925000001676381, 3409903.839900003746152 ], [ 399234.102800000458956, 3409896.898800000548363 ], [ 398428.927600000053644, 3409883.016500001773238 ] ] ] } },
{ "type": "Feature", "properties": { "PARENT_CHA": "Attari Disty", "ZONE_NAME": "Lahore", "CIRCLE_NAM": "DCC", "CHANNEL_NA": "Dauke Minor", "CHANNEL_TY": "M", "GCA": "11124", "CCA": "10584", "DESIGNED_D": 65.0, "Flowtype_E": "NP" }, "geometry": { "type": "MultiLineString", "coordinates": [ [ [ 425105.898199999704957, 3419167.946700001135468 ], [ 425213.434199999086559, 3418963.607200002297759 ], [ 425393.246799999848008, 3418619.965299997478724 ], [ 425533.101100001484156, 3418320.277500001713634 ], [ 425735.727099999785423, 3417921.90060000307858 ], [ 425825.625500000081956, 3417744.469500001519918 ], [ 425858.745900001376867, 3417652.205399999395013 ], [ 425863.477400000207126, 3417616.719199998304248 ], [ 425820.894000001251698, 3417488.968900000676513 ], [ 425768.847500000149012, 3417321.000800002366304 ], [ 425773.579000000841916, 3417247.66270000115037 ], [ 425775.944800001569092, 3417143.56980000063777 ], [ 425754.653000000864267, 3417022.9167 ], [ 425714.43540000077337, 3416824.194000001996756 ], [ 425629.268500000238419, 3416433.84569999948144 ], [ 425605.610999999567866, 3416346.313100002706051 ], [ 425603.245199999772012, 3416218.56279999949038 ], [ 425607.976700000464916, 3416081.349499998614192 ], [ 425610.34250000026077, 3415977.2566 ], [ 425610.34250000026077, 3415882.62670000270009 ], [ 425638.731399999931455, 3415792.728300001472235 ], [ 425655.291700000874698, 3415717.024399999529123 ], [ 425671.851900001056492, 3415646.051999999210238 ], [ 425671.851900001056492, 3415570.348100000992417 ], [ 425657.657399999909103, 3415499.375700000673532 ], [ 425581.953499999828637, 3415317.213200001046062 ], [ 425399.791000002063811, 3414896.110200004652143 ], [ 425288.600900001823902, 3414638.24379999935627 ], [ 425264.943400000222027, 3414555.442700004205108 ], [ 425189.239500000141561, 3414489.2018 ], [ 424945.567600001581013, 3414325.965200001373887 ], [ 424496.075699999928474, 3414013.686600001528859 ], [ 424004.000300001353025, 3413658.82460000179708 ], [ 423481.170300000347197, 3413294.499600000679493 ], [ 422764.348899999633431, 3412792.961200004443526 ], [ 422506.482500000856817, 3412606.067199999466538 ], [ 422224.958599999547005, 3412421.539000004529953 ], [ 421974.189500002190471, 3412218.084700001403689 ], [ 421820.415900000371039, 3412092.700099999085069 ], [ 421562.549499999731779, 3411867.954200003296137 ], [ 421413.507399999536574, 3411740.203800002112985 ], [ 421349.632299999706447, 3411690.523200001567602 ], [ 421281.025600000284612, 3411671.597200000658631 ], [ 420982.941500000655651, 3411662.134199997410178 ], [ 420429.35670000128448, 3411645.573999997228384 ], [ 419920.721099999733269, 3411621.916500000283122 ], [ 419435.743000000715256, 3411607.722000002861023 ], [ 418955.496399999596179, 3411588.796000001952052 ], [ 418621.926099999807775, 3411576.967300003394485 ], [ 418295.45299999974668, 3411567.504300000146031 ], [ 417980.808600001037121, 3411453.948500001803041 ], [ 417640.141100000590086, 3411321.466600002720952 ], [ 417360.983000000938773, 3411198.447800002992153 ], [ 417103.116499999538064, 3411084.8918999992311 ], [ 416857.078900001011789, 3410990.26210000179708 ], [ 416774.277700000442564, 3410938.215600002557039 ], [ 416566.092000001110137, 3410860.145999997854233 ], [ 416270.37360000051558, 3410774.979100003838539 ] ] ] } },
{ "type": "Feature", "properties": { "PARENT_CHA": "Attari Disty", "ZONE_NAME": "Lahore", "CIRCLE_NAM": "DCC", "CHANNEL_NA": "Bhuleria Minor", "CHANNEL_TY": "M", "GCA": "1786", "CCA": "1602", "DESIGNED_D": 9.73, "Flowtype_E": "NP" }, "geometry": { "type": "MultiLineString", "coordinates": [ [ [ 418356.26420000102371, 3414747.316400002688169 ], [ 418336.779400000348687, 3414780.368700001388788 ], [ 418293.269000000320375, 3414811.144400000572205 ], [ 418206.248200001195073, 3414850.40990000218153 ], [ 417960.043000000528991, 3414970.32880000025034 ], [ 417639.551699999719858, 3415133.758099999278784 ], [ 417454.897699999623001, 3415226.085099998861551 ], [ 417386.979100001975894, 3415258.983200002461672 ], [ 417354.080899999476969, 3415283.391500001773238 ], [ 417345.59110000077635, 3415317.350800003856421 ], [ 417343.468700000084937, 3415350.248900001868606 ], [ 417347.916700000874698, 3415879.476999998092651 ], [ 417213.190300000831485, 3416123.020899999886751 ], [ 417158.781600001268089, 3416198.156700002029538 ] ] ] } },
{ "type": "Feature", "properties": { "PARENT_CHA": "Attari Disty", "ZONE_NAME": "Lahore", "CIRCLE_NAM": "DCC", "CHANNEL_NA": "Mastuwal Minor", "CHANNEL_TY": "M", "GCA": "9273", "CCA": "8845", "DESIGNED_D": 66.22, "Flowtype_E": "NP" }, "geometry": { "type": "MultiLineString", "coordinates": [ [ [ 413003.820400000549853, 3412641.523700000718236 ], [ 412934.24760000128299, 3412741.75310000218451 ], [ 412777.775600000284612, 3412942.931400001049042 ], [ 412586.009200000204146, 3413217.05150000192225 ], [ 412306.631700000725687, 3413594.950099999085069 ], [ 411943.576999999582767, 3414114.25620000436902 ], [ 411895.322900000959635, 3414155.616900004446507 ], [ 411798.814699999988079, 3414224.551300004124641 ], [ 411311.678000001236796, 3414527.862800000235438 ], [ 411084.194299999624491, 3414672.625200001522899 ], [ 411022.15330000128597, 3414697.901100002229214 ], [ 410962.410100000910461, 3414718.58139999769628 ], [ 410810.754399999976158, 3414709.390200002118945 ], [ 410293.746100000105798, 3414658.838300004601479 ], [ 410213.322599999606609, 3414688.709900001063943 ], [ 409926.095700001344085, 3414858.748099999502301 ], [ 409726.185800000093877, 3414971.341100001707673 ], [ 409622.784200000576675, 3415037.977700002491474 ], [ 409565.338800000026822, 3415100.018699998036027 ], [ 409188.497200000099838, 3415571.070699999108911 ], [ 409140.243100000545382, 3415635.409499999135733 ], [ 409087.393400000408292, 3415679.068000001832843 ], [ 408983.99170000012964, 3415718.130799999460578 ], [ 408836.931599999777973, 3415741.109000001102686 ], [ 408710.551799999549985, 3415789.363100001588464 ], [ 408522.131000000052154, 3415883.573500001803041 ], [ 408407.240199999883771, 3415945.614500002935529 ], [ 408294.647300002165139, 3416000.762000000104308 ], [ 408232.60630000103265, 3416026.03800000064075 ], [ 408122.31120000127703, 3416042.122700000181794 ], [ 407428.371199999935925, 3416058.207399999722838 ], [ 406380.567699999548495, 3416060.505200002342463 ], [ 405725.690499999560416, 3416062.803000001236796 ], [ 404733.034600000828505, 3416067.398600002750754 ], [ 404135.602800000458956, 3416074.292099999263883 ], [ 404018.414300001226366, 3416076.589900001883507 ], [ 403956.373300000093877, 3416023.740200001746416 ], [ 403802.419700000435114, 3415787.06530000269413 ], [ 403377.324000000022352, 3415081.636200001463294 ], [ 403021.162700000219047, 3414518.671599999070168 ] ] ] } },
{ "type": "Feature", "properties": { "PARENT_CHA": "Attari Disty", "ZONE_NAME": "Lahore", "CIRCLE_NAM": "DCC", "CHANNEL_NA": "Machiana Minor", "CHANNEL_TY": "M", "GCA": "9985", "CCA": "9490", "DESIGNED_D": 56.0, "Flowtype_E": "NP" }, "geometry": { "type": "MultiLineString", "coordinates": [ [ [ 413003.820400000549853, 3412641.523700000718236 ], [ 412978.276899999938905, 3412573.400500001385808 ], [ 412951.394500000402331, 3412519.63570000231266 ], [ 412939.873500001616776, 3412462.030600002035499 ], [ 412962.915599999949336, 3412404.425500001758337 ], [ 413005.159300001338124, 3412335.299300001934171 ], [ 413147.251900001429021, 3412181.685699999332428 ], [ 413231.739400000311434, 3412074.156100001186132 ], [ 413262.462199999950826, 3412016.551000000908971 ], [ 413258.621799999848008, 3411955.105600001290441 ], [ 413135.730899999849498, 3411348.331700000911951 ], [ 412951.394500000402331, 3410480.414699997752905 ], [ 412851.545700000599027, 3409985.01070000231266 ], [ 412809.301900000311434, 3409835.237400000914931 ], [ 412686.411000000312924, 3409762.271000003442168 ], [ 412141.082600000314415, 3409432.001700000837445 ], [ 411211.720200001262128, 3408867.471599999815226 ], [ 410589.584900001063943, 3408491.118200002238154 ], [ 410274.676999999210238, 3408295.260800002142787 ], [ 409817.676399999298155, 3408095.563100004568696 ], [ 409149.457100001163781, 3407838.260199999436736 ], [ 408496.599200001917779, 3407569.4364 ], [ 408124.086100000888109, 3407573.276700001209974 ], [ 407521.152600000612438, 3407584.797700002789497 ], [ 406564.907800001092255, 3407588.638100001960993 ], [ 406292.243600000627339, 3407603.999399999156594 ], [ 406207.756100000813603, 3407580.957400001585484 ], [ 405912.049800000153482, 3407423.503399999812245 ], [ 405516.494699999690056, 3407189.242599999532104 ], [ 404706.182799999602139, 3406716.880699999630451 ], [ 404510.325400000438094, 3406601.670500000938773 ], [ 404160.854399999603629, 3406344.367599999532104 ], [ 403684.652099999599159, 3405991.05629999935627 ], [ 403262.214700001291931, 3405656.946600003167987 ], [ 403120.122000000439584, 3405603.181900002062321 ], [ 402079.389700000174344, 3405246.030200002714992 ] ] ] } },
{ "type": "Feature", "properties": { "PARENT_CHA": "Attari Disty", "ZONE_NAME": "Lahore", "CIRCLE_NAM": "DCC", "CHANNEL_NA": "Sial Minor", "CHANNEL_TY": "M", "GCA": "3099", "CCA": "2967", "DESIGNED_D": 17.0, "Flowtype_E": "NP" }, "geometry": { "type": "MultiLineString", "coordinates": [ [ [ 404304.746299999766052, 3411301.295400002971292 ], [ 404285.094500000588596, 3411330.527500003576279 ], [ 404241.890000000596046, 3411357.530300000682473 ], [ 404139.27940000128001, 3411387.233400003984571 ], [ 403588.422100001014769, 3411516.846800003200769 ], [ 402997.060700001195073, 3411657.261400001123548 ], [ 402448.903699998743832, 3411794.975700004026294 ], [ 401908.847599999979138, 3411927.289500001817942 ], [ 401274.281700000166893, 3412310.729300001636147 ], [ 401042.057599999941885, 3412451.143899999558926 ], [ 400950.247999999672174, 3412486.247500000521541 ], [ 400823.334900001063943, 3412480.846999997273088 ], [ 400483.099500000476837, 3412440.342800004407763 ], [ 400045.654099999926984, 3412383.636900003999472 ], [ 399983.547600000165403, 3412386.337199999019504 ], [ 399913.340300001204014, 3412413.340000001713634 ], [ 399805.32909999974072, 3412483.5472999997437 ], [ 399438.090900001116097, 3412713.071100002154708 ] ] ] } },
{ "type": "Feature", "properties": { "PARENT_CHA": "Balloki H/W", "ZONE_NAME": "Lahore", "CIRCLE_NAM": "Link Circle", "CHANNEL_NA": "B.S.Link-I", "CHANNEL_TY": "MC", "GCA": null, "CCA": null, "DESIGNED_D": 24500.0, "Flowtype_E": "P" }, "geometry": { "type": "MultiLineString", "coordinates": [ [ [ 391669.44060000218451, 3454559.817100001499057 ], [ 391886.739099999889731, 3453985.926000002771616 ], [ 392248.903400000184774, 3453356.317400000989437 ], [ 392822.794400000944734, 3452598.558300001546741 ], [ 393218.389200000092387, 3452097.10020000115037 ], [ 393769.993200000375509, 3451317.054099999368191 ], [ 393874.632600001059473, 3451145.146500000730157 ], [ 393926.002500001341105, 3451060.753200002014637 ], [ 393998.435300000943244, 3450854.598200002685189 ], [ 394327.168999999761581, 3449901.827600000426173 ], [ 394516.60880000051111, 3449411.512900004163384 ], [ 394873.20130000077188, 3448481.029400002211332 ], [ 395330.085400001145899, 3447277.529700001701713 ], [ 395513.9534, 3446809.502100002020597 ], [ 395630.960300002247095, 3446464.053099999204278 ], [ 395642.103800001554191, 3446218.895699998363853 ], [ 395619.816800000146031, 3445739.724600002169609 ], [ 395692.249699998646975, 3445110.11600000038743 ], [ 395831.54360000230372, 3444285.495800001546741 ], [ 396009.839900000952184, 3443182.287799997255206 ], [ 396176.992600000463426, 3442201.658399999141693 ], [ 396300.690900000743568, 3441521.317600000649691 ], [ 396321.858300001360476, 3441404.897100001573563 ], [ 396589.302699999883771, 3439789.087300002574921 ], [ 396697.959300000220537, 3439039.731200000271201 ], [ 396750.883600001223385, 3438674.735800001770258 ], [ 396979.32570000179112, 3437532.525400001555681 ], [ 397018.32799999974668, 3437175.932900000363588 ], [ 397146.478400000371039, 3436858.342800002545118 ], [ 397274.628900000825524, 3436663.331200001761317 ], [ 397352.633500000461936, 3436496.17850000038743 ], [ 397369.3487000009045, 3436251.021199999377131 ], [ 397280.200600000098348, 3435621.412500003352761 ], [ 397182.137700000777841, 3434807.935899998992682 ], [ 397179.837000000290573, 3434714.182200001552701 ], [ 397159.850699999369681, 3433899.739400003105402 ], [ 397141.074299999512732, 3433571.153600001707673 ], [ 397137.5636, 3433509.716400003060699 ], [ 397098.561300000175834, 3433047.260500002652407 ], [ 396959.267400000244379, 3431570.744699997827411 ], [ 396881.262799999676645, 3430712.69400000013411 ], [ 396741.968800000846386, 3429219.462900001555681 ], [ 396753.112300000153482, 3429018.879600001499057 ], [ 396764.255900000222027, 3428840.583399999886751 ], [ 396870.119199999608099, 3428417.12980000115931 ], [ 396992.697900000028312, 3427770.8059 ], [ 397237.855299999937415, 3426706.600200003013015 ], [ 397248.998800001107156, 3426600.736800001934171 ], [ 397221.140000000596046, 3426149.424400001764297 ], [ 397170.994200001470745, 3425274.658400001004338 ], [ 397165.422400001436472, 3424929.209400001913309 ], [ 397198.853000000119209, 3423112.816400002688169 ], [ 397209.99650000128895, 3422488.779600003734231 ], [ 397211.085099998861551, 3422084.889700001105666 ], [ 397215.568200000561774, 3420421.657400000840425 ], [ 397215.568200000561774, 3419329.592900002375245 ], [ 397243.427000001072884, 3417073.031000001356006 ], [ 397248.998800001107156, 3416421.135400000959635 ], [ 397293.572800000198185, 3416153.691000003367662 ], [ 397405.008000001311302, 3415769.239700002595782 ], [ 397572.160699999891222, 3415251.066299999132752 ], [ 397789.459300002083182, 3414654.88820000179112 ], [ 397889.750900000333786, 3414381.872099999338388 ], [ 397928.753200000151992, 3414164.5735 ], [ 397934.325000000186265, 3413874.842100001871586 ], [ 397867.463899999856949, 3413568.395400002598763 ], [ 397717.026400000788271, 3412955.502100000157952 ], [ 397606.956600001081824, 3412541.639799999073148 ], [ 397438.438500001095235, 3411908.011600002646446 ], [ 397221.140000000596046, 3411111.25029999949038 ], [ 397131.991900001652539, 3410810.375300001353025 ], [ 396931.408600001595914, 3410080.475100001320243 ], [ 396916.690200001001358, 3409948.009799998253584 ], [ 396903.549800000153482, 3409829.746000003069639 ], [ 396909.121600000187755, 3408888.118900001049042 ], [ 396886.834500000812113, 3408052.3553 ], [ 396877.345600000582635, 3406638.501900000497699 ], [ 396877.216799999587238, 3406619.315700003877282 ], [ 396875.690999999642372, 3406391.971500001847744 ], [ 396858.975700000301003, 3405400.198600001633167 ], [ 396839.584900001063943, 3404173.731000000610948 ], [ 396839.497399999760091, 3404168.197500001639128 ], [ 396839.442200000397861, 3404164.700200002640486 ], [ 396814.401700001209974, 3402580.889200001955032 ], [ 396797.6864, 3401221.380300000309944 ], [ 396794.589500001631677, 3401157.12019999884069 ], [ 396787.313000000081956, 3401006.13090000115335 ], [ 396775.399400001391768, 3400758.9244 ], [ 396775.399400001391768, 3400368.901399999856949 ], [ 396780.971100000664592, 3400196.176900001242757 ], [ 396847.832200000993907, 3399817.297299997881055 ], [ 396975.982600000686944, 3399176.545199999585748 ], [ 397126.420100001618266, 3398507.934299999848008 ], [ 397315.859899999573827, 3397605.309500001370907 ], [ 397438.438500001095235, 3397009.131400000303984 ], [ 397499.727900000289083, 3396646.967199999839067 ], [ 397508.153100000694394, 3396558.502699999138713 ], [ 397522.01490000076592, 3396412.953400000929832 ], [ 397505.299599999561906, 3395593.905000001192093 ], [ 397499.727900000289083, 3394657.849700001999736 ], [ 397527.586700000800192, 3394418.26410000026226 ], [ 397633.450100000016391, 3393476.637000000104308 ], [ 397672.452399999834597, 3392874.887200001627207 ], [ 397761.60050000064075, 3392094.841099999845028 ], [ 397789.459300002083182, 3391676.959299998357892 ], [ 397815.565600000321865, 3391399.407600002363324 ], [ 397895.322700000368059, 3390551.464200003072619 ], [ 397984.470800002105534, 3389765.846400000154972 ], [ 398023.47310000192374, 3389303.39049999974668 ], [ 398179.482300001196563, 3387771.1570999994874 ], [ 398196.197600000537932, 3387514.856300001963973 ], [ 398212.912899999879301, 3387325.416500002145767 ], [ 398268.630400001071393, 3387091.402699997648597 ], [ 398334.51659999974072, 3386888.675900001078844 ], [ 398341.063299999572337, 3386868.532400000840425 ], [ 398402.35259999986738, 3386695.807900000363588 ], [ 398435.783200000412762, 3386495.224600000306964 ], [ 398441.354899999685585, 3386261.210800001397729 ], [ 398435.783200000412762, 3386071.771000001579523 ], [ 398352.206800000742078, 3385687.319700002670288 ], [ 398274.202200001105666, 3385509.023499999195337 ], [ 398168.338800000026822, 3385336.299000000581145 ], [ 398056.903599998913705, 3385163.574500000104308 ], [ 398006.757799999788404, 3385052.139300001785159 ], [ 397928.753200000151992, 3384873.843099998310208 ], [ 397873.035600000992417, 3384695.546900000423193 ], [ 397834.033300001174212, 3384411.387200003489852 ], [ 397739.313500000163913, 3383787.350300000980496 ], [ 397661.308799999766052, 3383269.176900001242757 ], [ 397477.440800000913441, 3382149.253600003197789 ], [ 397427.294999999925494, 3381787.089299999177456 ], [ 397310.288099999539554, 3380990.328000001609325 ], [ 397221.140000000596046, 3380550.159099999815226 ], [ 397031.700199999846518, 3379341.087700003758073 ], [ 396942.55210000090301, 3378856.344700001180172 ], [ 396842.260499999858439, 3378260.166700001806021 ], [ 396758.684100000187755, 3377797.710800001397729 ], [ 396580.387800000607967, 3376750.220300000160933 ], [ 396519.098500000312924, 3376349.053799998015165 ], [ 396468.9527000002563, 3376053.750600004568696 ], [ 396435.522099999710917, 3375903.313100002706051 ], [ 396418.806900001130998, 3375786.306200001388788 ], [ 396441.09389999974519, 3375580.15120000205934 ], [ 396496.71860000025481, 3375302.027800001204014 ] ] ] } },
{ "type": "Feature", "properties": { "PARENT_CHA": "B. S Link1", "ZONE_NAME": "Lahore", "CIRCLE_NAM": "DCC", "CHANNEL_NA": "Feeder I Disty", "CHANNEL_TY": "D", "GCA": "1365", "CCA": "1302", "DESIGNED_D": 12.0, "Flowtype_E": "NP" }, "geometry": { "type": "MultiLineString", "coordinates": [ [ [ 396877.345600000582635, 3406638.501900000497699 ], [ 396960.28249999973923, 3406649.656700000166893 ], [ 397031.748200001195073, 3406659.26860000193119 ], [ 397228.804600001312792, 3406688.462099999189377 ], [ 397290.751899999566376, 3406697.639500001445413 ], [ 397727.220999999903142, 3406750.399500001221895 ], [ 397892.906499999575317, 3406754.252699997276068 ], [ 397933.464700001291931, 3406755.195900002494454 ], [ 398067.762900002300739, 3406745.603200003504753 ], [ 398221.2466000020504, 3406726.417700001969934 ], [ 398341.1557, 3406712.028600001707673 ], [ 398475.453900001011789, 3406668.861300000920892 ], [ 398576.177500000223517, 3406625.694000001996756 ], [ 398657.715699999593198, 3406568.137700004503131 ], [ 398660.979799999855459, 3406566.025600001215935 ], [ 398820.792100001126528, 3406462.617600003257394 ], [ 398964.683100000023842, 3406357.0976 ], [ 399079.795800001360476, 3406294.744900001212955 ], [ 399228.483099999837577, 3406237.188500000163913 ], [ 399439.523100001737475, 3406160.446699997410178 ], [ 399501.034400001168251, 3406134.941999999806285 ], [ 399563.643199999816716, 3406106.632200002670288 ], [ 399674.688000000081956, 3406056.421200003474951 ], [ 399812.873800001107156, 3405998.843800004571676 ], [ 399991.363900000229478, 3405877.931200003251433 ], [ 400093.731600000523031, 3405815.620400004088879 ], [ 400123.792000001296401, 3405797.322699999436736 ], [ 400290.76659999974072, 3405693.683399999514222 ], [ 400475.014400000683963, 3405532.466500002890825 ], [ 400513.907399999909103, 3405501.907700002193451 ], [ 400515.479999999515712, 3405500.672100001946092 ], [ 400517.052700000815094, 3405499.4364 ] ] ] } },
{ "type": "Feature", "properties": { "PARENT_CHA": "B.S.Link-I", "ZONE_NAME": "Lahore", "CIRCLE_NAM": "DCC", "CHANNEL_NA": "Feeder II Disty", "CHANNEL_TY": "D", "GCA": "3991", "CCA": "3902", "DESIGNED_D": 36.0, "Flowtype_E": "NP" }, "geometry": { "type": "MultiLineString", "coordinates": [ [ [ 398334.51659999974072, 3386888.675900001078844 ], [ 398459.419599999673665, 3386922.299500001594424 ], [ 398486.838900000788271, 3386929.680700000375509 ], [ 398557.671400002203882, 3386906.069900002330542 ], [ 398596.03899999987334, 3386799.82120000012219 ], [ 398643.260600000619888, 3386454.513000003993511 ], [ 398640.309200001880527, 3386221.356200003996491 ], [ 398625.552499999292195, 3385929.1722999997437 ], [ 398590.136300001293421, 3385746.188400002196431 ], [ 398531.109199999831617, 3385536.642400002107024 ], [ 398463.228099999949336, 3385380.22070000320673 ], [ 398452.339800001122057, 3385304.420500000938773 ], [ 398470.34110000077635, 3385244.791300002485514 ], [ 398498.468000000342727, 3385202.038300001993775 ], [ 398522.282200001180172, 3385178.974200000986457 ], [ 398612.288599999621511, 3385168.473400000482798 ], [ 398726.2966, 3385169.973500000312924 ], [ 398811.802600001916289, 3385169.973500000312924 ], [ 398849.305300001055002, 3385168.473400000482798 ], [ 398949.812400001101196, 3385138.471300004050136 ], [ 399326.338900001719594, 3385007.962100002914667 ], [ 399486.85020000115037, 3384949.458000000566244 ], [ 399738.868000000715256, 3384874.4527000002563 ], [ 399826.205500000156462, 3384837.492800002917647 ], [ 399837.875, 3384794.947100000455976 ], [ 399843.87540000025183, 3384658.437500001862645 ], [ 399840.875200001522899, 3384407.919800000265241 ], [ 399833.374600000679493, 3383809.377599999308586 ], [ 399812.373200001195073, 3383083.326400000602007 ], [ 399812.373200001195073, 3382742.802399998530746 ], [ 399815.373399999924004, 3382670.7972999997437 ], [ 399819.172000001184642, 3382644.207300003618002 ], [ 399821.373800001107156, 3382628.794400000944734 ], [ 399833.374600000679493, 3382555.289200002327561 ], [ 399857.376300001516938, 3382481.784000001847744 ], [ 399867.877100001089275, 3382445.781500002369285 ], [ 399878.377799999900162, 3382384.277200002223253 ], [ 399881.377999999560416, 3382292.770700003951788 ], [ 399885.878299999982119, 3382150.260700000450015 ], [ 399885.878299999982119, 3381967.2478 ], [ 399885.878299999982119, 3381880.241599999368191 ], [ 399885.092899999581277, 3381856.88399999961257 ], [ 399968.384200001135468, 3381757.233000000938773 ], [ 400136.396000000648201, 3381577.220300003886223 ], [ 400265.405100000090897, 3381424.209499999880791 ], [ 400452.918300000019372, 3381229.195699999108911 ], [ 400467.919400000013411, 3381184.192600004374981 ], [ 400472.419700000435114, 3381053.683399997651577 ], [ 400455.918499999679625, 3380392.136700004339218 ], [ 400452.369300001300871, 3380282.060700001195073 ] ] ] } },
{ "type": "Feature", "properties": { "PARENT_CHA": "B.S.Link-I", "ZONE_NAME": "Lahore", "CIRCLE_NAM": "Link Circle", "CHANNEL_NA": "B.S. Link-II", "CHANNEL_TY": "MC", "GCA": null, "CCA": null, "DESIGNED_D": 9000.0, "Flowtype_E": "P" }, "geometry": { "type": "MultiLineString", "coordinates": [ [ [ 397141.074299999512732, 3433571.153600001707673 ], [ 397254.989000000990927, 3433483.421800004318357 ], [ 397332.066100001335144, 3433234.0548 ], [ 397318.464200002141297, 3432971.085900003090501 ], [ 397241.387199999764562, 3432322.731699999421835 ], [ 397082.699099999852479, 3430930.81050000153482 ], [ 397028.291699999943376, 3430323.2618000023067 ], [ 396951.214599999599159, 3429502.617700001224875 ], [ 396933.078900001943111, 3429112.698400003835559 ], [ 396937.612800001166761, 3428917.738800002261996 ], [ 397087.233000001870096, 3428174.171700000762939 ], [ 397186.979800000786781, 3427716.243200000375509 ], [ 397332.066100001335144, 3426990.812000002712011 ], [ 397395.541299999691546, 3426700.639499999582767 ], [ 397404.609199999831617, 3426369.661499999463558 ], [ 397341.134000001475215, 3425607.958700003102422 ], [ 397336.600000000558794, 3424964.138399999588728 ], [ 397327.532100001350045, 3424483.540200000628829 ], [ 397327.532100001350045, 3424012.009900003671646 ], [ 397313.93030000012368, 3423028.143699999898672 ], [ 397304.862400000914931, 3422796.912499999627471 ], [ 397291.260599999688566, 3421912.793199997395277 ], [ 397304.862400000914931, 3420829.180200001224875 ], [ 397313.93030000012368, 3420094.681099999696016 ], [ 397332.066100001335144, 3418194.958000002428889 ], [ 397341.134000001475215, 3416834.774400003254414 ], [ 397354.735799999907613, 3416385.913800001144409 ], [ 397404.609199999831617, 3416073.071600001305342 ], [ 397699.315600000321865, 3415229.757700001820922 ], [ 397912.411100000143051, 3414635.810900004580617 ], [ 397989.488099999725819, 3414318.434699999168515 ], [ 398025.759700000286102, 3413937.58330000191927 ], [ 397998.556000001728535, 3413733.555700000375509 ], [ 397935.080800000578165, 3413443.383200000971556 ], [ 397721.985399999655783, 3412559.263900000602007 ], [ 397481.686300000175834, 3411679.67850000038743 ], [ 397286.726599999703467, 3410954.247199999168515 ], [ 397150.708200000226498, 3410419.241699999198318 ], [ 397041.893600000068545, 3410097.331599997356534 ], [ 397001.088000001385808, 3409689.276500001549721 ], [ 397005.622000002302229, 3409331.094800001010299 ], [ 397001.088000001385808, 3408664.604800002649426 ], [ 396964.816499999724329, 3407104.9276 ], [ 396960.28249999973923, 3406977.97719999961555 ], [ 396960.28249999973923, 3406649.656700000166893 ], [ 396960.28249999973923, 3405907.966 ], [ 396946.680700000375509, 3404765.411800002679229 ], [ 396919.476999999955297, 3402534.710700001567602 ], [ 396901.341300001367927, 3400421.892200002446771 ], [ 396901.341300001367927, 3400213.330700002610683 ], [ 397345.667900000698864, 3398027.969000002369285 ], [ 397558.763299999758601, 3397062.238600002601743 ], [ 397617.704600000753999, 3396726.726700002327561 ], [ 397644.908300001174212, 3395770.064200000837445 ], [ 397617.704600000753999, 3394709.121000003069639 ], [ 397681.17989999987185, 3393965.553999999538064 ], [ 397726.5193000016734, 3393552.964900001883507 ], [ 397876.139499999582767, 3391889.007000001147389 ], [ 397948.682599999941885, 3391299.594100000336766 ], [ 398089.234900000505149, 3389826.061799999326468 ], [ 398161.778099999763072, 3389091.562699999660254 ], [ 398306.864299999549985, 3387622.564400004222989 ], [ 398343.135900000110269, 3387341.459800001233816 ], [ 398429.280799999833107, 3387001.413900000974536 ], [ 398459.419599999673665, 3386922.299500001594424 ], [ 398501.824000000953674, 3386810.988199999555945 ], [ 398560.765299999155104, 3386570.689099999144673 ], [ 398565.299200001172721, 3386289.584500001743436 ], [ 398542.629500000737607, 3386003.945900002494454 ], [ 398483.688200001604855, 3385677.501800000667572 ], [ 398411.145100001245737, 3385455.338500002399087 ], [ 398179.913800000213087, 3385079.020999999716878 ], [ 398102.836800000630319, 3384947.536600003018975 ], [ 398025.759700000286102, 3384816.052200000733137 ], [ 397975.886300000362098, 3384698.169600002467632 ], [ 397948.682599999941885, 3384439.734700001776218 ], [ 397898.809200000017881, 3383972.738399999216199 ], [ 397799.062400001101196, 3383410.529200000688434 ], [ 397676.645899999886751, 3382558.147399997338653 ], [ 397644.908300001174212, 3382399.459300000220537 ], [ 397545.161500000394881, 3381732.969399999827147 ], [ 397449.948600000701845, 3381152.624400002881885 ], [ 397332.066100001335144, 3380354.650000002235174 ], [ 397300.3284, 3380155.156400000676513 ], [ 397060.02930000051856, 3378636.284700002521276 ], [ 396937.612800001166761, 3378087.677300002425909 ], [ 396901.341300001367927, 3377865.513999998569489 ], [ 396719.983400002121925, 3376886.181800000369549 ], [ 396647.440299999900162, 3376523.466099999845028 ], [ 396647.440299999900162, 3376305.836800001561642 ], [ 396670.110000000335276, 3375947.655100002884865 ], [ 396706.38160000089556, 3375666.550499999895692 ], [ 396744.24620000179857, 3375343.245400000363588 ] ] ] } }
]
}
