{
"type": "FeatureCollection",
"name": "pandoki-canals-json",
"crs": { "type": "name", "properties": { "name": "urn:ogc:def:crs:EPSG::32643" } },
"features": [
{ "type": "Feature", "properties": { "IMIS_CODE": "30722000000000000", "PARENT_CHA": "Main Line Upper (UCC)", "REMARKS": null, "ZONE_NAME": "Lahore", "CIRCLE_NAM": "Link Circle", "CHANNEL_NA": "BRBD Link Canal", "CHANNEL_TY": "MC", "DESIGNED_D": 7260.0 }, "geometry": { "type": "MultiLineString", "coordinates": [ [ [ 433596.072400001809001, 3580668.264000002294779 ], [ 433702.854799999855459, 3580580.87639999948442 ], [ 433868.708000000566244, 3580463.963500002399087 ], [ 433991.058800001628697, 3580357.926200000569224 ], [ 434151.474200000986457, 3580221.980900002643466 ], [ 434333.640800000168383, 3580069.722200000658631 ], [ 434483.180600001476705, 3579960.966000003740191 ], [ 434659.909500000067055, 3579838.615300001576543 ], [ 434948.113400001078844, 3579683.637700004503131 ], [ 435432.078600000590086, 3579417.185000002384186 ], [ 435660.466600001789629, 3579286.677500002086163 ], [ 436117.242700000293553, 3578974.003400001674891 ], [ 436318.441700001247227, 3578810.869100000709295 ], [ 436511.483900000341237, 3578634.1403 ], [ 436769.779900000430644, 3578329.622899997979403 ], [ 437188.491300000809133, 3577807.593100002035499 ], [ 438055.822100000455976, 3576709.1554000005126 ], [ 438191.767400000244379, 3576526.988700000569224 ], [ 438675.732500001788139, 3575983.207700001075864 ], [ 439556.657800001092255, 3575012.558500001206994 ], [ 440062.374200002290308, 3574466.058499999344349 ], [ 440133.065700001083314, 3574395.367000002413988 ], [ 440258.135400000028312, 3574289.32969999872148 ], [ 440404.956200000829995, 3574172.416800003498793 ], [ 440578.966199999675155, 3574052.784900000318885 ], [ 440791.040800000540912, 3573933.153100000694394 ], [ 440973.207399999722838, 3573848.86710000038147 ], [ 441217.908900000154972, 3573748.267600001767278 ], [ 441421.826800001785159, 3573688.451600003987551 ], [ 441620.306900000199676, 3573634.0735 ], [ 441845.976000000722706, 3573566.100900001823902 ], [ 442030.861600001342595, 3573484.53380000218749 ], [ 442183.120299999602139, 3573394.809900002554059 ], [ 442346.254600000567734, 3573253.42680000141263 ], [ 442479.480899999849498, 3573109.324800001457334 ], [ 442596.393899999558926, 3572938.03380000218749 ], [ 442729.620200000703335, 3572693.332299998030066 ], [ 442919.943599999882281, 3572315.404500002041459 ], [ 442996.072900000028312, 3572190.334900001063943 ], [ 443083.077900000847876, 3572070.70299999974668 ], [ 443205.428600000217557, 3571948.352300001308322 ], [ 443306.028100000694394, 3571858.628400001674891 ], [ 443390.314200000837445, 3571755.310000000521541 ], [ 443474.600300000980496, 3571638.397099999710917 ], [ 443567.043000001460314, 3571480.7006 ], [ 443635.015700001269579, 3571350.193099999800324 ], [ 443678.518100000917912, 3571216.96680000051856 ], [ 443711.145000000484288, 3571083.740400003269315 ], [ 443732.896300001069903, 3570936.91950000077486 ], [ 443735.615200001746416, 3570768.347400004044175 ], [ 443724.739500001072884, 3570605.213099997490644 ], [ 443716.582799999043345, 3570425.7654 ], [ 443722.020600000396371, 3570235.441999999806285 ], [ 443749.209699999541044, 3570026.086300000548363 ], [ 443789.993300000205636, 3569824.887299999594688 ], [ 443852.528099999763072, 3569591.061400003731251 ], [ 443955.846500000916421, 3569311.014200001955032 ], [ 444089.072800000198185, 3569030.967000000178814 ], [ 444241.331500001251698, 3568786.265500001609325 ], [ 444581.194700000807643, 3568334.927200002595782 ], [ 445842.766700000502169, 3566706.303000001236796 ], [ 446177.192099999636412, 3566244.089099999517202 ], [ 446400.142300001345575, 3565909.663699999451637 ], [ 446802.540300001390278, 3565308.785700002685189 ], [ 446804.039499999955297, 3565306.557400001212955 ], [ 447797.659599999897182, 3563829.701199999079108 ], [ 448121.209300000220537, 3563340.298300001770258 ], [ 448238.12220000103116, 3563201.634100003167987 ], [ 448485.542600002139807, 3562946.057000003755093 ], [ 449143.517699998803437, 3562345.179000001400709 ], [ 449651.953000000678003, 3561899.278500001877546 ], [ 450127.761400000192225, 3561529.507400000467896 ], [ 450380.255200000479817, 3561294.264700002968311 ], [ 450565.505100000649691, 3561121.671600000932813 ], [ 451160.945400000549853, 3560509.917899999767542 ], [ 451376.848799998871982, 3560291.76549999974668 ], [ 451943.990100000053644, 3559718.716500002890825 ], [ 452759.661699999123812, 3558908.48280000127852 ], [ 453096.805900000035763, 3558565.900699997320771 ], [ 453542.706399999558926, 3558120.000199999660254 ], [ 453955.980000000447035, 3557679.537599999457598 ], [ 454135.427699999883771, 3557445.71169999986887 ], [ 454437.226200001314282, 3557046.032700002193451 ], [ 454948.380400000140071, 3556379.90090000256896 ], [ 455309.994800001382828, 3555904.092500001192093 ], [ 455316.759600001387298, 3555892.407900001853704 ], [ 455459.534599999897182, 3555645.796500002965331 ], [ 455524.78830000013113, 3555512.57010000012815 ], [ 455611.793300000950694, 3555292.338800001889467 ], [ 455709.673799999989569, 3555044.918400002643466 ], [ 455761.333000000566244, 3554797.49800000153482 ], [ 455842.900200000032783, 3554378.78660000115633 ], [ 456128.385300001129508, 3553079.149900002405047 ], [ 456188.201200000941753, 3552896.983300002291799 ], [ 456245.298200000077486, 3552744.724600002169609 ], [ 456375.805600001476705, 3552453.801700001582503 ], [ 456528.064299999736249, 3552219.9759 ], [ 456655.95820000115782, 3552036.580900002270937 ], [ 456672.166299999691546, 3552013.339100001379848 ], [ 456921.772700000554323, 3551677.134600000455976 ], [ 456938.619000000879169, 3551654.443600000813603 ], [ 457267.606500000692904, 3551227.575400002300739 ], [ 457683.599000000394881, 3550689.232200004160404 ], [ 457990.83530000038445, 3550284.115299997851253 ], [ 458482.957200000993907, 3549653.329299999400973 ], [ 458972.360100000165403, 3549008.948800001293421 ], [ 459205.965099999681115, 3548706.785800002515316 ], [ 459222.499400001950562, 3548685.399000000208616 ], [ 459478.076500001363456, 3548394.476200001314282 ], [ 460087.111300000920892, 3547845.25730000063777 ], [ 460581.474999999627471, 3547388.508200000971556 ], [ 460587.3898, 3547383.043400004506111 ], [ 461101.262900002300739, 3546918.110600000247359 ], [ 461326.932100001722574, 3546684.284800002351403 ], [ 461484.628600001335144, 3546472.210200004279613 ], [ 461704.859900000505149, 3546167.692800002172589 ], [ 462188.825000001117587, 3545436.307299999520183 ], [ 462341.083700000308454, 3545210.638100003823638 ], [ 462534.126000000163913, 3544933.309799998998642 ], [ 462557.927500002086163, 3544894.935900002717972 ], [ 462667.352400000207126, 3544718.51630000397563 ], [ 462789.703099999576807, 3544495.566099999472499 ], [ 462950.11849999986589, 3544109.481499999761581 ], [ 462996.339900001883507, 3543913.720299998298287 ], [ 463067.031400000676513, 3543538.511400001123548 ], [ 463154.036400001496077, 3543073.578600000590086 ], [ 463456.391300001181662, 3541474.165000002831221 ], [ 463529.245300000533462, 3541088.777800001204014 ], [ 463594.49900000076741, 3540683.660900000482798 ], [ 463627.125900000333786, 3540471.586300002411008 ], [ 463638.001499999314547, 3540237.760500000789762 ], [ 463629.844800001010299, 3539974.026700001209974 ], [ 463570.028900001198053, 3539337.802799997851253 ], [ 463425.926900001242757, 3538204.019299998879433 ], [ 463424.641399999149144, 3538192.085400000214577 ], [ 463262.792600001208484, 3536689.589100001379848 ], [ 463195.899600000120699, 3536129.641999999061227 ], [ 463028.127999999560416, 3534725.262299997732043 ], [ 463020.810000001452863, 3534664.004700003191829 ], [ 462980.026500001549721, 3534378.5197 ], [ 462901.178199999965727, 3534106.629100004211068 ], [ 462816.892099999822676, 3533853.771000001579523 ], [ 462743.481700000353158, 3533663.447600001469254 ], [ 462583.066300000064075, 3533377.962500000372529 ], [ 462379.148400000296533, 3533073.445100001990795 ], [ 462069.193199999630451, 3532662.89049999974668 ], [ 461187.743500000797212, 3531445.650500001385808 ], [ 461155.641000000759959, 3531401.318399999290705 ], [ 460586.258799999952316, 3530565.869799999520183 ], [ 460573.795300000347197, 3530547.58220000192523 ], [ 460233.932200000621378, 3530153.34090000204742 ], [ 459733.65360000077635, 3529674.81360000371933 ], [ 458790.193500000983477, 3528750.385800000280142 ], [ 458262.725900001823902, 3528244.669400000944734 ], [ 458189.315400000661612, 3528160.383399998769164 ], [ 458034.337799999862909, 3527940.152100002393126 ], [ 457608.784599999897182, 3527348.23030000180006 ], [ 457373.643900000490248, 3527021.162100000306964 ], [ 456617.788200001232326, 3525949.913400003686547 ], [ 456563.48270000051707, 3525872.815400000661612 ], [ 456558.691900001838803, 3525866.014000000432134 ], [ 455872.808199999853969, 3524892.259300000965595 ], [ 455125.109200000762939, 3523818.291700001806021 ], [ 454535.106800001114607, 3522983.5878000035882 ], [ 454257.778400001116097, 3522480.590299997478724 ], [ 453575.333200000226498, 3521335.931200001388788 ], [ 452873.855700000189245, 3520142.331800002604723 ], [ 452071.77860000077635, 3518782.87920000217855 ], [ 451968.460199999623001, 3518603.431500002741814 ], [ 451900.487600001506507, 3518464.767300000414252 ], [ 451813.482600000686944, 3518201.033500000834465 ], [ 451691.131900001317263, 3517825.82460000179708 ], [ 451473.61949999909848, 3517189.600700004026294 ], [ 451307.766300001181662, 3516681.165400002151728 ], [ 451101.129500000737607, 3516085.72520000115037 ], [ 450742.752299999818206, 3515032.240599999204278 ], [ 450696.012600000947714, 3514894.844700001180172 ], [ 450388.776300000958145, 3514011.200500000268221 ], [ 450103.291199999861419, 3513127.556300001218915 ], [ 449915.686800001189113, 3512600.088700003921986 ], [ 449874.903200000524521, 3512458.705600000917912 ], [ 449868.408200001344085, 3512419.0143 ], [ 449850.433000000193715, 3512309.165800001472235 ], [ 449839.557400000281632, 3511963.864900004118681 ], [ 449817.806200001388788, 3510859.989300003275275 ], [ 449806.93059999961406, 3509788.74070000089705 ], [ 449804.211700001731515, 3508918.690999999642372 ], [ 449782.460400001145899, 3508290.6239 ], [ 449779.741500001400709, 3508026.890100000426173 ], [ 449782.460400001145899, 3507885.506999999284744 ], [ 449804.211700001731515, 3507768.594100002199411 ], [ 449858.589800000190735, 3507621.773200001567602 ], [ 449970.064900000579655, 3507347.163799999281764 ], [ 450375.181800000369549, 3506311.260900001972914 ], [ 450704.169300000183284, 3505438.492300001904368 ], [ 450894.492700001224875, 3504935.494800003245473 ], [ 450976.059799999929965, 3504704.387900002300739 ], [ 451005.967800001613796, 3504560.285900004208088 ], [ 451041.313500000163913, 3504293.833200002089143 ], [ 451109.286199999973178, 3503894.154100002720952 ], [ 451269.70160000026226, 3502684.241300001740456 ], [ 451313.925999999977648, 3502343.95890000090003 ], [ 451367.582200000062585, 3501931.104500001296401 ], [ 451489.932900000363588, 3501003.957800000905991 ], [ 451604.126900000497699, 3500003.400699999183416 ], [ 451783.574699999764562, 3498839.709200004115701 ], [ 451912.894799999892712, 3497956.021200001239777 ], [ 451914.082100001163781, 3497947.908299999311566 ], [ 452025.557200001552701, 3496931.037800000980496 ], [ 452055.465200000442564, 3496580.29900000244379 ], [ 452069.059700000099838, 3496487.856200000271201 ], [ 452088.0921, 3496414.445800000801682 ], [ 452147.907999999821186, 3496292.095000004395843 ], [ 452194.129400000907481, 3496210.527900001034141 ], [ 452229.47510000038892, 3496112.647300001233816 ], [ 452237.631799999624491, 3495993.015500001609325 ], [ 452251.226400000043213, 3495867.945800002664328 ], [ 452267.539800001308322, 3495753.751800000667572 ], [ 452283.853200001642108, 3495650.433399999514222 ], [ 452319.199000000953674, 3495552.552799999713898 ], [ 452408.922900000587106, 3495430.202100001275539 ], [ 452463.301000000908971, 3495356.791600003838539 ], [ 452539.430300001055002, 3495242.5976 ], [ 452582.932800000533462, 3495144.717000000178814 ], [ 452623.716400001198053, 3495052.274200001731515 ], [ 452661.781100002117455, 3494832.042899999767542 ], [ 452673.163100000470877, 3494777.141200002282858 ], [ 452679.262000001035631, 3494747.723200000822544 ], [ 452683.64820000063628, 3494726.566200001165271 ], [ 452754.223799999803305, 3494386.1425 ], [ 452844.377899999730289, 3493902.157199999317527 ], [ 452853.827200000174344, 3493851.429600002244115 ], [ 452856.79619999974966, 3493835.49070000089705 ], [ 452857.542200000956655, 3493831.485800003632903 ], [ 452868.417900001630187, 3493758.075400002300739 ], [ 452887.450199999846518, 3493570.470900002866983 ], [ 452871.136800001375377, 3493410.055500000715256 ], [ 452748.786000001244247, 3493053.878900002688169 ], [ 452688.970099999569356, 3492912.495799999684095 ], [ 452675.375599998980761, 3492830.928700001910329 ], [ 452672.656700001098216, 3492746.642600001767278 ], [ 452672.656700001098216, 3492540.005799999460578 ], [ 452702.564600002020597, 3491876.5929000005126 ], [ 452746.067100000567734, 3490927.695000000298023 ], [ 452792.288500000722706, 3490035.894100001081824 ], [ 452849.385499999858439, 3488676.441500000655651 ], [ 452882.01240000128746, 3487885.240000000223517 ], [ 452941.828300001099706, 3486599.197900000959635 ], [ 452966.298499999567866, 3485968.411800002679229 ], [ 453026.114400001242757, 3484723.153200000524521 ], [ 453026.551200000569224, 3484711.67030000127852 ], [ 453045.146700002253056, 3484222.87470000050962 ], [ 453110.400399999693036, 3483029.275300001725554 ], [ 453143.027300000190735, 3482645.909600000828505 ], [ 453170.216300002299249, 3482390.33250000141561 ], [ 453164.778500000946224, 3482251.668400000780821 ], [ 453132.151700000278652, 3481982.496800001710653 ], [ 453050.584500000812113, 3481550.190800003707409 ], [ 452985.330799999646842, 3481202.17090000025928 ], [ 452971.736299999989569, 3481074.382400000467896 ], [ 452958.141699999570847, 3480897.653599999845028 ], [ 452958.141699999570847, 3479924.285499999299645 ], [ 452963.5795, 3478991.7010000012815 ], [ 453009.800899999216199, 3478007.457300003618002 ], [ 453038.209700000472367, 3477452.195800000801682 ], [ 453039.70890000090003, 3477422.892699999734759 ], [ 453045.146700002253056, 3477025.932499999180436 ], [ 453045.146700002253056, 3476645.285800002515316 ], [ 453053.303400000557303, 3476495.746000003069639 ], [ 453066.897900001145899, 3476321.736000001430511 ], [ 453091.36809999961406, 3476047.126600001007318 ], [ 453223.094900001771748, 3474681.7179000005126 ], [ 453224.582899999804795, 3474664.010900000110269 ], [ 453289.848199999891222, 3474133.017300002276897 ], [ 453401.323300000280142, 3473265.686499999836087 ], [ 453469.295900001190603, 3472730.062199998646975 ], [ 453493.766099998727441, 3472406.512500001117587 ], [ 453496.485000002197921, 3472270.567200001329184 ], [ 453450.263600000180304, 3471405.955399999395013 ], [ 453412.19890000205487, 3470500.559900002554059 ], [ 453371.415300000458956, 3469671.293800000101328 ], [ 453325.193900001235306, 3468749.584899999201298 ], [ 453268.096900000236928, 3467776.216900002211332 ], [ 453243.626800000667572, 3467023.080100001767278 ], [ 453181.092000000178814, 3465690.816500000655651 ], [ 453159.461300000548363, 3465202.946400001645088 ], [ 453126.058500001206994, 3464449.562899999320507 ], [ 453099.524800000712276, 3463923.528100000694394 ], [ 453039.70890000090003, 3462585.826800001785159 ], [ 453012.519799999892712, 3461881.630300000309944 ], [ 452990.768600000999868, 3461571.675100000575185 ], [ 452993.487500001676381, 3461343.287100000306964 ], [ 453004.363100000657141, 3461199.185100000351667 ], [ 453031.552199999801815, 3460995.267200000584126 ], [ 453066.897900001145899, 3460742.409 ], [ 453075.054700001142919, 3460598.307 ], [ 453058.741200000047684, 3460440.610500000417233 ], [ 453015.238700000569224, 3460236.692600000649691 ], [ 452971.736299999989569, 3460046.369300000369549 ], [ 452928.882899998687208, 3459782.193800002336502 ], [ 452911.920300002209842, 3459652.128000002354383 ], [ 452903.763600000180304, 3459448.210100002586842 ], [ 452876.574600000865757, 3458920.742500001564622 ], [ 452852.104399999603629, 3458254.6107 ], [ 452841.228800000622869, 3458018.065999999642372 ], [ 452849.385499999858439, 3457895.715199999511242 ], [ 452857.542200000956655, 3457746.175400003790855 ], [ 452879.293500000610948, 3457574.884400002658367 ], [ 452922.796000000089407, 3457384.560999998822808 ], [ 452990.768600000999868, 3457164.329700002446771 ], [ 453205.56209999974817, 3456473.727799998596311 ], [ 453360.539700001478195, 3456008.795 ], [ 453423.074500001035631, 3455788.563700001686811 ], [ 453452.982500000856817, 3455611.834799997508526 ], [ 453458.42030000127852, 3455459.576099999248981 ], [ 453436.669099999591708, 3455214.874600002542138 ], [ 453395.885500001721084, 3455002.800000002607703 ], [ 453230.032300000078976, 3454624.87220000103116 ], [ 453185.208899999968708, 3454525.226199999451637 ], [ 453146.248400000855327, 3454438.614100003615022 ], [ 452876.574600000865757, 3453839.108600001782179 ], [ 452811.320899999700487, 3453656.941900001838803 ], [ 452762.380599999800324, 3453482.932 ], [ 452708.002500001341105, 3453265.419600000604987 ], [ 452659.062200001440942, 3452944.5888 ], [ 452640.029799999669194, 3452319.240600001066923 ], [ 452558.462700000964105, 3450111.489499999210238 ], [ 452512.241300000809133, 3449252.315499998629093 ], [ 452490.49000000115484, 3448578.027000004425645 ], [ 452452.42540000192821, 3448401.298100000247359 ], [ 452387.1716, 3448162.034500000998378 ], [ 452161.502500001341105, 3447620.972300000488758 ], [ 452101.686599999666214, 3447465.994699999690056 ], [ 452055.465200000442564, 3447327.330500001087785 ], [ 452020.119400000199676, 3447204.979800002649426 ], [ 451987.492600001394749, 3447047.283299999311566 ], [ 451963.022400001063943, 3446911.337999999523163 ], [ 451938.552299999631941, 3446674.793299999088049 ], [ 451911.363200000487268, 3446106.542100002989173 ], [ 451897.768700000829995, 3445861.840599998831749 ], [ 451905.925400000065565, 3445818.338099997490644 ], [ 451930.395600000396371, 3445758.522199999541044 ], [ 451957.58460000064224, 3445715.01970000192523 ], [ 451971.179100000299513, 3445663.360500002279878 ], [ 451965.741299998946488, 3445587.231200003996491 ], [ 451933.114500001072884, 3445456.7237 ], [ 451892.330900002270937, 3445334.37300000153482 ], [ 451873.298500000499189, 3445239.211300000548363 ], [ 451878.736399999819696, 3445127.73619999922812 ], [ 451897.768700000829995, 3444959.164100002497435 ], [ 451919.519899999722838, 3444831.375500001013279 ], [ 451954.865699999965727, 3444703.58699999935925 ], [ 452028.276100001297891, 3444499.669099999591708 ], [ 452126.156700002029538, 3444287.594500001519918 ], [ 452294.72890000231564, 3443985.796000001952052 ], [ 452299.634600000455976, 3443976.101500000804663 ], [ 452408.922900000587106, 3443760.126900004222989 ], [ 452479.614400001242757, 3443616.024899998679757 ], [ 452539.430300001055002, 3443490.955200001597404 ], [ 452582.932800000533462, 3443374.042299998924136 ], [ 452626.435300001874566, 3443248.972699999809265 ], [ 452659.062200001440942, 3443102.151800001040101 ], [ 452680.813400000333786, 3442909.10950000025332 ], [ 452691.689000000245869, 3442707.910499999299645 ], [ 452691.689000000245869, 3442436.02000000141561 ], [ 452656.34330000076443, 3441911.271300001069903 ], [ 452634.592000001110137, 3441207.074799999594688 ], [ 452601.96520000230521, 3440559.975400002673268 ], [ 452563.900500001385808, 3439695.363500004634261 ], [ 452547.587000000290573, 3439271.214299999177456 ], [ 452520.398000000044703, 3438716.557600002735853 ], [ 452506.80350000038743, 3438357.662200000137091 ], [ 452501.365700001828372, 3438151.025400003418326 ], [ 452504.084599999710917, 3438053.144800001755357 ], [ 452517.679099999368191, 3437952.545299999415874 ], [ 452542.149200001731515, 3437841.0702 ], [ 452588.370600000955164, 3437716.000500001013279 ], [ 452702.564600002020597, 3437517.520400002598763 ], [ 453458.42030000127852, 3436497.93099999986589 ], [ 453898.883000001311302, 3435910.647399999201298 ], [ 454023.952600001357496, 3435733.918600000441074 ], [ 454121.833200002089143, 3435606.130000002682209 ], [ 454219.713800000026822, 3435462.028100000694394 ], [ 454287.686400000937283, 3435304.331600001081824 ], [ 454344.783400000073016, 3435119.446000004187226 ], [ 454371.972500000149012, 3434986.219699999317527 ], [ 454393.723699999973178, 3434820.366400001570582 ], [ 454541.151199999265373, 3433858.14670000039041 ] ] ] } },
{ "type": "Feature", "properties": { "IMIS_CODE": "30722000000011000", "PARENT_CHA": "BRBD Link Canal", "REMARKS": null, "ZONE_NAME": "Lahore", "CIRCLE_NAM": "DCC", "CHANNEL_NA": "Karbath minor of BRBD Link.", "CHANNEL_TY": "M", "DESIGNED_D": 4.5 }, "geometry": { "type": "MultiLineString", "coordinates": [ [ [ 453038.209700000472367, 3477452.195800000801682 ], [ 452826.255600000731647, 3477420.278899999335408 ], [ 452626.708399998955429, 3477433.884400000795722 ], [ 452354.598700001835823, 3477438.419600000604987 ], [ 451823.984699999913573, 3477352.251500001177192 ], [ 451311.51140000205487, 3477229.802100002765656 ], [ 450703.799599999561906, 3477080.141800003126264 ], [ 450504.252500001341105, 3477039.325300000607967 ], [ 450432.641699999570847, 3476983.370799999684095 ], [ 450264.612200000323355, 3476575.80970000103116 ], [ 450150.209099999628961, 3476368.454100001603365 ], [ 450085.857300001196563, 3476175.398800000548363 ], [ 449885.651899999938905, 3475599.808200001716614 ] ] ] } },
{ "type": "Feature", "properties": { "IMIS_CODE": "30722000017000000", "PARENT_CHA": "BRBD Link Canal", "REMARKS": "0 RD Problem", "ZONE_NAME": "Lahore", "CIRCLE_NAM": "DCC", "CHANNEL_NA": "Bucharkhana disty of BRBD Link.", "CHANNEL_TY": "D", "DESIGNED_D": 283.0 }, "geometry": { "type": "MultiLineString", "coordinates": [ [ [ 453223.094900001771748, 3474681.7179000005126 ], [ 453095.158600000664592, 3474594.31420000270009 ], [ 453044.196899999864399, 3474559.498099999502301 ], [ 452799.88399999961257, 3474427.162000004202127 ], [ 452657.368200002238154, 3474345.724400004372001 ], [ 452494.493000000715256, 3474335.544700000435114 ], [ 452255.269900000654161, 3474411.892400000244379 ], [ 451970.238300000317395, 3474574.767700001597404 ], [ 451807.362999999895692, 3474717.283500000834465 ], [ 451751.374600001610816, 3474783.45160000026226 ], [ 451563.050100000575185, 3474910.697900000959635 ], [ 451374.725599999539554, 3475017.584799999371171 ], [ 451216.940200000070035, 3475048.123900001868606 ], [ 450967.537500001490116, 3475027.764500001445413 ], [ 450662.14640000090003, 3474976.865900002419949 ], [ 450504.360999999567866, 3474951.4167 ], [ 450356.755400002002716, 3474839.440000001341105 ], [ 450244.778599999845028, 3474702.014000000432134 ], [ 450102.262799999676645, 3474544.22859999909997 ], [ 449751.063000001013279, 3474238.837500002235174 ], [ 449196.269200000911951, 3473785.840700004249811 ], [ 448183.388799999840558, 3472925.655799999833107 ], [ 448041.709000000730157, 3472809.163499999791384 ], [ 447975.760200000368059, 3472754.939000001177192 ], [ 447954.345499999821186, 3472737.331300003454089 ], [ 447175.598200001753867, 3471902.59569999948144 ], [ 446854.937600000761449, 3471602.294400000944734 ], [ 446524.097200000658631, 3471251.094700001180172 ], [ 446401.940799999982119, 3471139.118000002577901 ], [ 446254.335100000724196, 3471052.590500002726912 ], [ 445959.12370000127703, 3470925.344200000166893 ], [ 445378.880599999800324, 3470645.402400001883507 ], [ 444930.9737000009045, 3470543.60530000180006 ], [ 444126.777200000360608, 3470350.190999999642372 ], [ 443823.671400001272559, 3470283.756800001487136 ], [ 443383.65889999922365, 3470187.315700002014637 ], [ 442548.923200000077486, 3469973.541999997571111 ], [ 442121.375700000673532, 3469881.924700001254678 ], [ 441678.558600000105798, 3469841.205800000578165 ], [ 441135.359600001014769, 3469791.25650000013411 ], [ 440792.924499998800457, 3469759.768200000748038 ], [ 439825.852700000628829, 3469647.791500002145767 ], [ 439313.915199998766184, 3469625.139400001615286 ], [ 439250.699499999172986, 3469622.342199999839067 ], [ 438288.71760000102222, 3469612.162500001490116 ], [ 437382.724000001326203, 3469596.893000001087785 ], [ 436766.852000000886619, 3469596.893000001087785 ], [ 436146.387400000356138, 3469571.218600001186132 ], [ 436028.823600000701845, 3469566.35390000231564 ], [ 435335.955000001005828, 3469580.991900000721216 ], [ 435306.064600000157952, 3469581.623400002717972 ], [ 435214.447300000116229, 3469627.432099999859929 ], [ 434425.520400000736117, 3470197.495400000363588 ], [ 433595.87459999974817, 3470798.097900003194809 ], [ 433473.718100002035499, 3470869.355799999088049 ], [ 433331.202300001867115, 3470904.9847999997437 ], [ 433188.68650000076741, 3470910.07460000179708 ], [ 432868.025799999944866, 3470869.355799999088049 ], [ 432537.185500000603497, 3470838.816700000315905 ], [ 432364.130499999970198, 3470833.726900001987815 ], [ 432262.333499999716878, 3470854.086300004273653 ], [ 432115.685600000433624, 3470808.574799999594688 ], [ 432114.727800000458956, 3470808.27760000154376 ], [ 431834.786000000312924, 3470706.480600001290441 ], [ 431656.641200002282858, 3470625.043000001460314 ], [ 431544.66440000012517, 3470625.043000001460314 ], [ 430557.233300001360476, 3470706.480600001290441 ], [ 428526.382500000298023, 3470894.805100001394749 ], [ 428195.542200000956655, 3470915.164500001817942 ], [ 428098.83500000089407, 3470915.164500001817942 ], [ 427971.588700000196695, 3470864.266000002622604 ], [ 427757.815000001341105, 3470737.0197 ], [ 427437.154299999587238, 3470584.324200002476573 ], [ 427370.986300000920892, 3470502.886500000953674 ], [ 426999.427099999040365, 3469922.643500002101064 ], [ 426414.094200000166893, 3469037.009300000965595 ], [ 426307.207300001755357, 3468955.571700001135468 ], [ 425172.170400000177324, 3467998.679600002244115 ], [ 424057.492999998852611, 3467067.236800001934171 ], [ 423299.105099999345839, 3466461.54450000077486 ], [ 422774.850399999879301, 3466018.727400001138449 ], [ 422209.876899999566376, 3465535.191500002518296 ], [ 422031.73210000153631, 3465387.585799999535084 ], [ 421850.024400000460446, 3465254.740700002759695 ], [ 421731.939900000579655, 3465201.80630000308156 ], [ 421701.950899999588728, 3465192.29759999923408 ], [ 421564.992700001224875, 3465148.871799999848008 ], [ 421332.895500000566244, 3465100.009199999272823 ], [ 421129.3014000011608, 3465043.002900004386902 ], [ 421027.504400000907481, 3464990.06840000115335 ], [ 420799.479099999181926, 3464725.396200001239777 ], [ 420371.931500000879169, 3464244.914200000464916 ], [ 420286.42200000025332, 3464159.404700001701713 ], [ 420156.121800000779331, 3464110.542100001126528 ], [ 419993.2466000020504, 3464049.463900001719594 ], [ 419814.083800000138581, 3463947.666900001466274 ], [ 419435.398900000378489, 3463695.210200002416968 ], [ 419105.576499999500811, 3463471.256799999624491 ], [ 418547.728800000622869, 3463104.787500001490116 ], [ 418503.531200001016259, 3463075.322500001639128 ], [ 418010.240500000305474, 3462746.461900001391768 ], [ 416935.263899999670684, 3462037.954600004479289 ], [ 416821.251199998892844, 3461952.44510000012815 ], [ 416613.585200000554323, 3461695.916600000113249 ], [ 415799.209000000730157, 3460734.952600002288818 ], [ 415375.73340000025928, 3460258.542500000447035 ], [ 415221.001900000497699, 3459981.6546 ], [ 415155.851800001226366, 3459818.779400000348687 ], [ 415115.133000001311302, 3459627.401000002399087 ], [ 415098.845500001683831, 3459387.160000000149012 ], [ 415106.989200000651181, 3459024.762600000947714 ], [ 415131.420500000938773, 3458707.155800003558397 ], [ 415143.636200000531971, 3458584.999400001019239 ], [ 415265.792600002139807, 3458328.470900001004338 ], [ 415290.223899999633431, 3458214.458200003951788 ], [ 415294.295800001360476, 3458092.30180000141263 ], [ 415269.864500001072884, 3457941.642200000584126 ], [ 415143.636200000531971, 3457721.760600004345179 ], [ 414984.832800001837313, 3457489.6634 ], [ 414614.291600001044571, 3456960.318800002336502 ], [ 414532.854000002145767, 3456834.090500002726912 ], [ 414504.35080000013113, 3456760.796600002795458 ], [ 414511.717699999921024, 3456495.587799999862909 ] ] ] } },
{ "type": "Feature", "properties": { "IMIS_CODE": "30722000017001000", "PARENT_CHA": "Bucharkhana disty of BRBD Link.", "REMARKS": null, "ZONE_NAME": "Lahore", "CIRCLE_NAM": "DCC", "CHANNEL_NA": "Lower Bucher minor of Bck:Dy:", "CHANNEL_TY": "M", "DESIGNED_D": 31.0 }, "geometry": { "type": "MultiLineString", "coordinates": [ [ [ 453095.158600000664592, 3474594.31420000270009 ], [ 452900.157400000840425, 3474154.939500000327826 ], [ 452627.948400000110269, 3473649.041700001806021 ], [ 452466.163800001144409, 3473335.744600001722574 ], [ 452386.555600000545382, 3473135.439900003373623 ], [ 452373.715500000864267, 3472675.76630000025034 ], [ 452360.875500001944602, 3471807.779200000688434 ], [ 452358.307500001043081, 3471373.785699998959899 ], [ 452335.195400000549853, 3471255.657300001010299 ], [ 452308.952899998985231, 3471190.823000002652407 ], [ 452291.539200000464916, 3471147.800899999216199 ], [ 451991.082200000062585, 3470544.318800002336502 ], [ 451765.09740000218153, 3470064.101100001484156 ], [ 451559.656700002029538, 3469653.219700001180172 ], [ 451551.952600001357496, 3469476.027000002563 ], [ 451577.632699999958277, 3469157.593900000676513 ], [ 451659.809000002220273, 3468749.280500000342727 ], [ 451777.967199999839067, 3468073.305500000715256 ], [ 451913.949500000104308, 3467323.016900001093745 ] ] ] } },
{ "type": "Feature", "properties": { "IMIS_CODE": "30722000017001010", "PARENT_CHA": "Bucharkhana disty of BRBD Link.", "REMARKS": null, "ZONE_NAME": "Lahore", "CIRCLE_NAM": "DCC", "CHANNEL_NA": "Lakhoki sub minor of Bck:Dy:", "CHANNEL_TY": "SM", "DESIGNED_D": 11.54 }, "geometry": { "type": "MultiLineString", "coordinates": [ [ [ 452308.952899998985231, 3471190.823000002652407 ], [ 452182.14060000050813, 3471221.8564000017941 ], [ 452098.794099999591708, 3471225.644900001585484 ], [ 452011.659099999815226, 3471233.221900001168251 ], [ 451924.524100000970066, 3471214.279500002041459 ], [ 451810.869800001382828, 3471176.39470000192523 ], [ 451689.638499999418855, 3471108.202099999412894 ], [ 451610.080500000156462, 3471017.278699999675155 ], [ 451500.214700002223253, 3470899.835900001227856 ], [ 451367.618000001646578, 3470812.700900001451373 ], [ 450723.576900000683963, 3470475.526399997994304 ], [ 450151.516800001263618, 3470183.813699999824166 ], [ 450056.804900000803173, 3470104.255700003355742 ], [ 449977.246800000779331, 3470017.120700001716614 ], [ 449890.111900001764297, 3469861.793099999427795 ], [ 449408.975300000980496, 3468971.501000002026558 ], [ 448797.35090000089258, 3467853.102100001648068 ] ] ] } },
{ "type": "Feature", "properties": { "IMIS_CODE": "30722000017002000", "PARENT_CHA": "Bucharkhana disty of BRBD Link.", "REMARKS": null, "ZONE_NAME": "Lahore", "CIRCLE_NAM": "DCC", "CHANNEL_NA": "Ghanakar minor of Bck:Dy:", "CHANNEL_TY": "M", "DESIGNED_D": 15.6 }, "geometry": { "type": "MultiLineString", "coordinates": [ [ [ 447975.760200000368059, 3472754.939000001177192 ], [ 447776.658100000582635, 3472989.002100002020597 ], [ 447640.231900000013411, 3473151.833399999886751 ], [ 447563.2171, 3473231.048600001260638 ], [ 447519.20860000140965, 3473268.455800000578165 ], [ 447457.596800000406802, 3473290.46000000089407 ], [ 447384.98280000127852, 3473305.862999999895692 ], [ 446707.252500001341105, 3473389.479100000113249 ], [ 445721.463000000454485, 3473510.502400001510978 ], [ 444520.031900000758469, 3473671.133200002834201 ], [ 443758.685499998740852, 3473831.76410000026226 ], [ 443677.269899999722838, 3473847.167099999263883 ], [ 443644.263500000350177, 3473851.567900002002716 ], [ 443615.657999999821186, 3473851.567900002002716 ], [ 443589.252999999560416, 3473851.567900002002716 ], [ 443554.04619999974966, 3473851.567900002002716 ], [ 443523.24030000064522, 3473849.367499999701977 ], [ 443483.632600001059473, 3473825.162899998947978 ], [ 443437.423799999989569, 3473789.9561 ], [ 443371.411100000143051, 3473728.344200002029538 ], [ 443212.980600000359118, 3473556.711200000718236 ], [ 443089.75690000038594, 3473418.084600001573563 ], [ 442990.737900000996888, 3473319.065500000491738 ], [ 442907.121800000779331, 3473261.854499999433756 ], [ 442852.111200002022088, 3473226.647800002247095 ], [ 442563.855800000950694, 3473132.029600003734231 ], [ 442077.562300001271069, 3472986.801700003445148 ], [ 441516.454400001093745, 3472786.563200000673532 ], [ 441146.783300001174212, 3472654.537799997255206 ], [ 440088.37980000115931, 3472317.87300000153482 ] ] ] } },
{ "type": "Feature", "properties": { "IMIS_CODE": "30722000017003000", "PARENT_CHA": "Bucharkhana disty of BRBD Link.", "REMARKS": null, "ZONE_NAME": "Lahore", "CIRCLE_NAM": "DCC", "CHANNEL_NA": "Jhulke minor of Bck:Dy:", "CHANNEL_TY": "M", "DESIGNED_D": 9.04 }, "geometry": { "type": "MultiLineString", "coordinates": [ [ [ 443823.671400001272559, 3470283.756800001487136 ], [ 443880.79619999974966, 3470086.399700002744794 ], [ 443891.342000000178814, 3469970.395899999886751 ], [ 443887.826700000092387, 3469836.815700003877282 ], [ 443828.067200000397861, 3469657.537100000306964 ], [ 443603.090100000612438, 3469211.098200002685189 ], [ 443304.292300000786781, 3468564.289000000804663 ], [ 442991.433500001206994, 3467924.510299999266863 ] ] ] } },
{ "type": "Feature", "properties": { "IMIS_CODE": "30722000017004000", "PARENT_CHA": "Bucharkhana disty of BRBD Link.", "REMARKS": null, "ZONE_NAME": "Lahore", "CIRCLE_NAM": "DCC", "CHANNEL_NA": "Baddoki minor of Bck:Dy:", "CHANNEL_TY": "M", "DESIGNED_D": 15.95 }, "geometry": { "type": "MultiLineString", "coordinates": [ [ [ 441135.359600001014769, 3469791.25650000013411 ], [ 441149.433500002138317, 3469671.598200002685189 ], [ 441135.372400000691414, 3469580.201200000941753 ], [ 441100.219700000248849, 3469502.86540000140667 ], [ 441043.975500001572073, 3469446.621099999174476 ], [ 440920.941100001335144, 3469393.892099998891354 ], [ 440091.338000000454485, 3469042.365300001576543 ], [ 439936.666299999691546, 3468979.090500000864267 ], [ 439799.570900001563132, 3468887.693600002676249 ], [ 439680.051799999549985, 3468775.205000001937151 ], [ 439599.200600000098348, 3468652.170700000599027 ], [ 439493.742600001394749, 3468476.407300002872944 ], [ 439251.189200000837445, 3468075.666800001636147 ], [ 438752.021200001239777, 3467224.972200002521276 ], [ 438245.822700001299381, 3466374.277500001713634 ], [ 437887.265500000678003, 3465752.075200000777841 ], [ 437606.044100001454353, 3465277.51410000026226 ], [ 437349.429600001312792, 3464841.620900001376867 ], [ 437236.940999999642372, 3464655.311799999326468 ], [ 437177.181499999947846, 3464560.39949999935925 ], [ 437078.753999999724329, 3464500.640000002458692 ], [ 436983.841799999587238, 3464461.97210000269115 ], [ 436878.383700001053512, 3464461.97210000269115 ], [ 436758.864699999801815, 3464483.063699997961521 ], [ 436667.467699999921024, 3464483.063699997961521 ], [ 436530.37230000179261, 3464440.8805 ], [ 436456.551700000651181, 3464402.212500002235174 ], [ 436354.608899999409914, 3464289.724000001326203 ], [ 436242.120400001294911, 3464191.296500001102686 ], [ 436168.299699999392033, 3464128.02170000039041 ], [ 436112.055500000715256, 3464117.4759 ], [ 435943.322599999606609, 3464106.930099999532104 ], [ 435774.589800001122057, 3464096.38429999910295 ], [ 435517.975300001911819, 3464054.201099999248981 ], [ 435208.631799999624491, 3464043.655300004407763 ], [ 435008.261500000953674, 3464054.201099999248981 ], [ 434445.818800000473857, 3464106.930099999532104 ], [ 434255.994300001300871, 3464124.506400002166629 ], [ 434154.051599999889731, 3464145.597999999299645 ], [ 434111.868400000967085, 3464145.597999999299645 ], [ 434062.654600001871586, 3464131.53690000064671 ], [ 433978.288200000301003, 3464106.930099999532104 ], [ 433855.253900000825524, 3464050.6858000010252 ], [ 433781.433300000615418, 3464019.04839999973774 ], [ 433704.097400001250207, 3464019.04839999973774 ] ] ] } },
{ "type": "Feature", "properties": { "IMIS_CODE": "30722000017005000", "PARENT_CHA": "Bucharkhana disty of BRBD Link.", "REMARKS": null, "ZONE_NAME": "Lahore", "CIRCLE_NAM": "DCC", "CHANNEL_NA": "Kacha minor of Bck:Dy:", "CHANNEL_TY": "M", "DESIGNED_D": 5.45 }, "geometry": { "type": "MultiLineString", "coordinates": [ [ [ 439313.915199998766184, 3469625.139400001615286 ], [ 439314.713199999183416, 3469806.418999999761581 ], [ 439255.253899999894202, 3470012.777500001713634 ], [ 439206.287500001490116, 3470086.227200001478195 ], [ 439153.823499999940395, 3470170.169600002467632 ], [ 439062.885799999348819, 3470257.609700001776218 ], [ 438863.522499999962747, 3470380.025800000876188 ], [ 438709.628000000491738, 3470470.963400000706315 ], [ 438073.064400000497699, 3470841.709300000220537 ], [ 437674.337800001725554, 3471065.555799998342991 ], [ 437387.534400000236928, 3471303.39270000346005 ], [ 437252.886900001205504, 3471463.09090000204742 ] ] ] } },
{ "type": "Feature", "properties": { "IMIS_CODE": "30722000017006000", "PARENT_CHA": "Bucharkhana disty of BRBD Link.", "REMARKS": null, "ZONE_NAME": "Lahore", "CIRCLE_NAM": "DCC", "CHANNEL_NA": "Kingra minor of Bck:Dy:", "CHANNEL_TY": "M", "DESIGNED_D": 30.5 }, "geometry": { "type": "MultiLineString", "coordinates": [ [ [ 439313.915199998766184, 3469625.139400001615286 ], [ 439319.112500000745058, 3469478.242700001224875 ], [ 439313.031499999575317, 3469363.743100000545382 ], [ 439294.956100000068545, 3469244.445699999108911 ], [ 439244.345100000500679, 3469107.073000004515052 ], [ 439168.42860000114888, 3468991.390700001269579 ], [ 438991.28999999910593, 3468854.017900003120303 ], [ 438127.287800000049174, 3468210.5351 ], [ 437172.908699999563396, 3467487.520600000396371 ], [ 436489.660099999979138, 3466985.025600001215935 ], [ 435885.943100000731647, 3466493.375800000503659 ], [ 435430.44400000013411, 3466128.253500001505017 ], [ 434935.179100000299513, 3465723.36540000140667 ], [ 434613.437599999830127, 3465477.540500000119209 ], [ 434284.466100001707673, 3465202.795000001788139 ], [ 434190.474200000986457, 3465137.723700001835823 ], [ 434082.022000000812113, 3465094.342900002375245 ], [ 433969.954800001345575, 3465061.807200001552701 ], [ 433796.431300001218915, 3465058.192100003361702 ], [ 433001.115500000305474, 3465072.6524 ], [ 432726.370000000111759, 3465076.2675 ], [ 432451.624500001780689, 3465032.886600002646446 ], [ 431985.280199999921024, 3464993.120800003409386 ], [ 431067.051799999549985, 3464920.819399999454618 ], [ 430884.541000001132488, 3464901.140000002458692 ], [ 430765.200500000268221, 3464892.233999999240041 ], [ 430715.326900000683963, 3464872.640800002962351 ], [ 430387.585900000296533, 3464539.556199999526143 ], [ 429619.888200000859797, 3463809.263699999079108 ], [ 428886.033300001174212, 3463087.877299999818206 ], [ 428846.846900001168251, 3463043.347200000658631 ], [ 428764.911600002087653, 3463046.909600004553795 ], [ 428684.757600001059473, 3463077.190000001341105 ] ] ] } },
{ "type": "Feature", "properties": { "IMIS_CODE": "30722000017007000", "PARENT_CHA": "Bucharkhana disty of BRBD Link.", "REMARKS": null, "ZONE_NAME": "Lahore", "CIRCLE_NAM": "DCC", "CHANNEL_NA": "Jhedu minor of Bck:Dy:", "CHANNEL_TY": "M", "DESIGNED_D": 9.0 }, "geometry": { "type": "MultiLineString", "coordinates": [ [ [ 435335.955000001005828, 3469580.991900000721216 ], [ 435191.424999999813735, 3469564.834799999371171 ], [ 435072.148300000466406, 3469564.834799999371171 ], [ 434896.372100001201034, 3469539.723899999633431 ], [ 434739.429099999368191, 3469495.779900001361966 ], [ 434544.819700000807643, 3469404.752900002524257 ], [ 434045.740899998694658, 3469065.755999997258186 ], [ 434028.921100001782179, 3469052.222900001332164 ] ] ] } },
{ "type": "Feature", "properties": { "IMIS_CODE": "30722000017008000", "PARENT_CHA": "Bucharkhana disty of BRBD Link.", "REMARKS": null, "ZONE_NAME": "Lahore", "CIRCLE_NAM": "DCC", "CHANNEL_NA": "Minor No 1of Bck:Dy:", "CHANNEL_TY": "M", "DESIGNED_D": 7.75 }, "geometry": { "type": "MultiLineString", "coordinates": [ [ [ 432115.685600000433624, 3470808.574799999594688 ], [ 432155.199100000783801, 3470734.168500000610948 ], [ 432169.989100000821054, 3470680.924700001254678 ], [ 432164.073099999688566, 3470609.933000003919005 ], [ 432122.661300000734627, 3470515.277400001883507 ], [ 431974.761900000274181, 3470219.478700000792742 ], [ 431838.694500000216067, 3469947.343800002709031 ], [ 431720.375000000931323, 3469752.116600001230836 ], [ 431658.257200000807643, 3469657.461000001057982 ], [ 431548.811700000427663, 3469506.603700000792742 ], [ 431394.996300000697374, 3469340.956400001421571 ], [ 431214.559100000187755, 3469184.183000000193715 ], [ 431128.777500000782311, 3469116.149299999698997 ], [ 430960.172199999913573, 3469012.619700001552701 ], [ 430800.440800000913441, 3468920.922100003808737 ], [ 430581.549800001084805, 3468838.098500000312924 ], [ 430323.797600001096725, 3468768.617500001564622 ] ] ] } },
{ "type": "Feature", "properties": { "IMIS_CODE": "30722000017009000", "PARENT_CHA": "Bucharkhana disty of BRBD Link.", "REMARKS": null, "ZONE_NAME": "Lahore", "CIRCLE_NAM": "DCC", "CHANNEL_NA": "Minor No 2 of Bck:Dy:", "CHANNEL_TY": "M", "DESIGNED_D": 6.21 }, "geometry": { "type": "MultiLineString", "coordinates": [ [ [ 421701.950899999588728, 3465192.29759999923408 ], [ 421787.054900001734495, 3464857.198400000110269 ], [ 421900.813800001516938, 3464457.505000002682209 ], [ 422045.318300001323223, 3463931.754600001499057 ], [ 422122.182400001212955, 3463667.3421 ], [ 422138.983400001190603, 3463596.968100000172853 ] ] ] } },
{ "type": "Feature", "properties": { "IMIS_CODE": "30722000017010000", "PARENT_CHA": "Bucharkhana disty of BRBD Link.", "REMARKS": null, "ZONE_NAME": "Lahore", "CIRCLE_NAM": "DCC", "CHANNEL_NA": "Minor No 3 of Bck:Dy:", "CHANNEL_TY": "M", "DESIGNED_D": 15.9 }, "geometry": { "type": "MultiLineString", "coordinates": [ [ [ 418503.531200001016259, 3463075.322500001639128 ], [ 418577.210099999792874, 3462981.714299999177456 ], [ 418660.223300000652671, 3462861.806300001218915 ], [ 418789.355000000447035, 3462591.244700003415346 ], [ 418952.306900001130998, 3462160.805700002238154 ], [ 419053.767500001937151, 3461920.989699998870492 ], [ 419216.719399999827147, 3461530.520099999383092 ], [ 419447.311700000427663, 3460964.800300000235438 ], [ 419521.101199999451637, 3460764.953600000590086 ], [ 419591.816200000233948, 3460608.150900000706315 ], [ 419604.114500002004206, 3460131.593500001356006 ], [ 419601.039900001138449, 3460017.834599997848272 ] ] ] } },
{ "type": "Feature", "properties": { "IMIS_CODE": "30722000018000000", "PARENT_CHA": "M.B.L of BRBD Link.", "REMARKS": null, "ZONE_NAME": "Lahore", "CIRCLE_NAM": "DCC", "CHANNEL_NA": "Ditch disty of BRBD Link.", "CHANNEL_TY": "D", "DESIGNED_D": 19.0 }, "geometry": { "type": "MultiLineString", "coordinates": [ [ [ 453151.789900001138449, 3464473.18920000270009 ], [ 453151.654100001789629, 3464456.359600003808737 ], [ 453151.440400000661612, 3464451.556500000879169 ], [ 453038.680500000715256, 3462137.890700003132224 ], [ 453021.975300001911819, 3461344.395200002938509 ], [ 453044.252800001762807, 3461102.500900002196431 ], [ 453063.861399999819696, 3460930.548800000920892 ], [ 453089.503300000913441, 3460787.255400003865361 ], [ 453101.32490000128746, 3460638.601800002157688 ], [ 453063.738300000317395, 3460375.495400002226233 ], [ 453001.09389999974519, 3460095.683800002560019 ], [ 452963.50719999987632, 3459878.516600001603365 ], [ 452948.913100000470877, 3459770.103200001642108 ], [ 452934.273200001567602, 3459661.34940000064671 ], [ 452917.567999999970198, 3459369.009000001475215 ], [ 452900.862900000996888, 3459164.3706 ], [ 452867.452500000596046, 3458057.653200000524521 ], [ 452900.862900000996888, 3457702.668400004506111 ], [ 452955.154700001701713, 3457427.033100001513958 ], [ 453076.267099999822676, 3457021.932800000533462 ], [ 453176.498100000433624, 3456725.416000001132488 ], [ 453243.318799999542534, 3456495.720000000670552 ], [ 453356.078700001351535, 3456169.969200003892183 ], [ 453418.723100000992417, 3455948.625700000673532 ], [ 453452.133400000631809, 3455810.80800000205636 ], [ 453485.543800000101328, 3455627.051200000569224 ], [ 453485.543800000101328, 3455397.355100000277162 ], [ 453443.780800001695752, 3455155.130200000479817 ], [ 453385.312800001353025, 3454925.434100000187755 ], [ 453187.285799999721348, 3454524.01860000193119 ], [ 453176.245500001125038, 3454499.354000002145767 ], [ 453148.527100000530481, 3454438.279699999839067 ], [ 453047.033100000582635, 3454207.111900001764297 ], [ 452921.744300000369549, 3453931.476600002497435 ], [ 452817.337000000290573, 3453643.312400002032518 ], [ 452754.692600000649691, 3453388.558599999174476 ], [ 452700.400799999944866, 3453121.27590000256896 ], [ 452675.343100000172853, 3452904.108700001612306 ], [ 452671.166800001636147, 3452674.412600001320243 ], [ 452662.8141999989748, 3452419.658800000324845 ], [ 452606.267599999904633, 3450830.400299999862909 ] ] ] } },
{ "type": "Feature", "properties": { "IMIS_CODE": "30722000018001000", "PARENT_CHA": "Ditch disty of BRBD Link.", "REMARKS": null, "ZONE_NAME": "Lahore", "CIRCLE_NAM": "DCC", "CHANNEL_NA": "Weighal minor of Ditch Dy:", "CHANNEL_TY": "M", "DESIGNED_D": 5.45 }, "geometry": { "type": "MultiLineString", "coordinates": [ [ [ 452948.913100000470877, 3459770.103200001642108 ], [ 453059.357600000686944, 3459703.018000001087785 ], [ 453392.42750000115484, 3459433.390000000596046 ], [ 453820.660099999047816, 3459104.851700000464916 ], [ 454185.451000000350177, 3458821.629100002348423 ], [ 454298.74000000115484, 3458740.060900004580617 ], [ 454339.524100000970066, 3458678.884800003841519 ], [ 454350.853000001050532, 3458624.506100002676249 ] ] ] } },
{ "type": "Feature", "properties": { "IMIS_CODE": "30722000019000000", "PARENT_CHA": "BRBD Link Canal", "REMARKS": null, "ZONE_NAME": "Lahore", "CIRCLE_NAM": "DCC", "CHANNEL_NA": "Khalra Disty", "CHANNEL_TY": "D", "DESIGNED_D": 4.5 }, "geometry": { "type": "MultiLineString", "coordinates": [ [ [ 453159.461300000548363, 3465202.946400001645088 ], [ 452584.418100001290441, 3465035.557199999690056 ], [ 452418.484800000675023, 3464934.695800002664328 ], [ 452337.145000000484288, 3464889.145500002428889 ], [ 452265.765100000426173, 3464844.816099999472499 ] ] ] } },
{ "type": "Feature", "properties": { "IMIS_CODE": "30722030000000000", "PARENT_CHA": "BRBD Link Canal", "REMARKS": null, "ZONE_NAME": "Lahore", "CIRCLE_NAM": "DCC", "CHANNEL_NA": "M.B.L of BRBD Link.", "CHANNEL_TY": "BC", "DESIGNED_D": 1600.0 }, "geometry": { "type": "MultiLineString", "coordinates": [ [ [ 402987.55320000089705, 3437842.951500004157424 ], [ 403582.363800000399351, 3438273.097000000998378 ], [ 404009.310800000093877, 3438580.498800000175834 ], [ 404692.425900001078844, 3439054.410000003874302 ], [ 405610.362000000663102, 3439686.291500000283122 ], [ 406114.159400000236928, 3440070.543800000101328 ], [ 406341.787800000049174, 3440233.792500004172325 ], [ 406959.514499999582767, 3440676.808599999174476 ], [ 407578.587600000202656, 3441129.372400004416704 ], [ 408637.416100000962615, 3441880.799100000411272 ], [ 409111.327300000935793, 3442205.278799999505281 ], [ 409905.448699998669326, 3442803.004599997773767 ], [ 410925.852000000886619, 3443494.658700004220009 ], [ 412678.476700002327561, 3444721.495899999514222 ], [ 412761.724100000225008, 3444779.769099999219179 ], [ 413043.509100001305342, 3444976.164799999445677 ], [ 413666.851700000464916, 3445424.459100000560284 ], [ 414251.769000000320375, 3445847.136600000783801 ], [ 414261.169700002297759, 3445853.740000002086163 ], [ 415127.010400000028312, 3446461.940300000831485 ], [ 415801.586600000038743, 3446965.737700002267957 ], [ 416356.617700001224875, 3447341.451099999248981 ], [ 417304.440000001341105, 3448024.566300000995398 ], [ 417966.207900000736117, 3448489.938500002026558 ], [ 418516.969500000588596, 3448904.077100001275539 ], [ 419050.653199999593198, 3449254.173599999397993 ], [ 419644.109500002115965, 3449693.929000001400709 ], [ 420229.026900000870228, 3450125.145500000566244 ], [ 420848.099999999627471, 3450552.092400001361966 ], [ 421556.832100001163781, 3451068.698300000280142 ], [ 421945.353799999691546, 3451350.483300000429153 ], [ 422346.684000000357628, 3451640.807299999520183 ], [ 422940.140300000086427, 3452050.676400003954768 ], [ 423439.668300000019372, 3452405.042400002479553 ], [ 423922.153499999083579, 3452756.930099999532104 ], [ 424007.507799999788404, 3452819.18099999986589 ], [ 424060.805400000885129, 3452856.286900002509356 ], [ 424407.370799999684095, 3453097.566699998453259 ], [ 424682.084000000730157, 3453288.822699999436736 ], [ 424959.599600001238286, 3453476.67930000461638 ], [ 425420.702300000935793, 3453818.2369 ], [ 426389.872000000439584, 3454497.082599999383092 ], [ 426646.040200000628829, 3454646.514100002124906 ], [ 426889.400000000372529, 3454761.789799997583032 ], [ 427700.599200000055134, 3455124.694699998944998 ], [ 428035.484199999831617, 3455286.665300004184246 ], [ 428057.204900001175702, 3455297.170700000599027 ], [ 428353.828099999576807, 3455440.635500000789762 ], [ 429562.088100000284612, 3455974.319200001657009 ], [ 430155.544400000013411, 3456230.487400002777576 ], [ 430689.228200000710785, 3456478.116700001060963 ], [ 431987.146999999880791, 3457075.842499999329448 ], [ 433703.473900001496077, 3457861.424900002777576 ], [ 434271.313400001265109, 3458113.323600001633167 ], [ 434796.458200000226498, 3458356.683400001376867 ], [ 435176.440999999642372, 3458523.192800000309944 ], [ 435342.950400000438094, 3458595.773700002580881 ], [ 435517.99860000051558, 3458659.815800001844764 ], [ 435718.663700001314282, 3458719.58840000256896 ], [ 435932.137199998833239, 3458775.091499999165535 ], [ 436119.993900000117719, 3458822.055600002408028 ], [ 436299.311599999666214, 3458864.750300001353025 ], [ 436478.629400001838803, 3458890.367200000211596 ], [ 436679.294400000944734, 3458924.522900002077222 ], [ 436909.845800001174212, 3458933.061899999156594 ], [ 437178.822400000877678, 3458954.409199999645352 ], [ 437545.996800000779331, 3458984.295500002801418 ], [ 437832.051300000399351, 3459001.373400002717972 ], [ 438476.741300001740456, 3459048.337600000202656 ], [ 439031.77240000013262, 3459073.9543999992311 ], [ 440035.097799999639392, 3459137.996400000527501 ], [ 440654.17090000025928, 3459180.691099999472499 ], [ 441277.513500000350177, 3459236.194200001657009 ], [ 442110.060199999250472, 3459283.158399999141693 ], [ 442596.77970000077039, 3459317.314200000837445 ], [ 443190.236000000499189, 3459368.547800002619624 ], [ 443723.919800001196563, 3459432.58980000205338 ], [ 444032.944099999964237, 3459505.505699999630451 ], [ 444056.645899999886751, 3459511.098200000822544 ], [ 444103.902600000612438, 3459522.248700000345707 ], [ 444114.234800001606345, 3459523.824800001457334 ], [ 444355.801300001330674, 3459560.673900000751019 ], [ 444671.742100001312792, 3459658.871800001710653 ], [ 444838.251400001347065, 3459710.105399999767542 ], [ 445128.575400001369417, 3459825.381100000813603 ], [ 445363.396200002171099, 3459919.309400003403425 ], [ 445619.564399999566376, 3460034.585099998861551 ], [ 446012.35570000205189, 3460162.66919999755919 ], [ 446298.410099999979138, 3460265.136500002816319 ], [ 447122.417799999937415, 3460563.999399999156594 ], [ 447349.177100001834333, 3460649.034100001677871 ], [ 447361.508100002072752, 3460653.65820000320673 ], [ 447946.425500000827014, 3460884.209600001573563 ], [ 448326.408300000242889, 3461016.563200002536178 ], [ 448774.702700001187623, 3461178.802999999374151 ], [ 449188.841300002299249, 3461341.042899999767542 ], [ 449530.398900000378489, 3461481.935399999842048 ], [ 449756.680800000205636, 3461588.672100003808737 ], [ 450034.196299999952316, 3461729.564700001850724 ], [ 450362.945500001311302, 3461934.499199999496341 ], [ 450755.736700001172721, 3462203.475800001993775 ], [ 451003.366000002250075, 3462412.679800001904368 ], [ 451297.959400000050664, 3462685.925899999216199 ], [ 451579.744400001130998, 3462950.632999999448657 ], [ 452096.350300000980496, 3463450.16100000217557 ], [ 452715.252200001850724, 3464044.792300000786781 ], [ 452766.94400000013411, 3464094.45690000243485 ], [ 452826.428100001066923, 3464151.608300000429153 ], [ 452967.322100000455976, 3464286.977100001648068 ], [ 453126.058500001206994, 3464449.562899999320507 ] ] ] } },
{ "type": "Feature", "properties": { "IMIS_CODE": "30722030000000001", "PARENT_CHA": "M.B.L of BRBD Link.", "REMARKS": null, "ZONE_NAME": "Lahore", "CIRCLE_NAM": "DCC", "CHANNEL_NA": "Escape Vahn", "CHANNEL_TY": "E", "DESIGNED_D": 215.0 }, "geometry": { "type": "MultiLineString", "coordinates": [ [ [ 402987.55320000089705, 3437842.951500004157424 ], [ 402874.769500001333654, 3437798.76380000077188 ], [ 401546.495000001043081, 3436840.482200002297759 ], [ 400891.607599999755621, 3437117.976900001987815 ], [ 399837.127799999900162, 3437602.667600000277162 ], [ 398512.553300001658499, 3438224.255699999630451 ], [ 397469.173300000838935, 3438694.146600002422929 ], [ 396932.683600001037121, 3438930.942099999636412 ], [ 396697.959300000220537, 3439039.731200000271201 ], [ 395463.81180000025779, 3439611.729000002145767 ], [ 394361.233000001870096, 3440114.919399997219443 ], [ 394259.435600001364946, 3440160.434600001201034 ], [ 393591.647800001315773, 3440459.012700002640486 ], [ 391638.085300002247095, 3441335.895900001749396 ], [ 390761.202099999412894, 3441728.08839999884367 ], [ 390198.812900001183152, 3441998.183200001716614 ], [ 389795.520700000226498, 3442227.578800002112985 ], [ 389318.229800000786781, 3442357.07630000077188 ], [ 388804.080200000666082, 3442461.520500002428889 ], [ 388783.652100000530481, 3442522.804700000211596 ], [ 388697.854200000874698, 3442535.061599999666214 ], [ 387884.816900000907481, 3442559.575300002470613 ], [ 387525.282800001092255, 3442535.061599999666214 ], [ 387165.748699999414384, 3442575.917700001969934 ], [ 386957.382299999706447, 3442653.544399999082088 ], [ 386683.646099999547005, 3442788.369700001552701 ], [ 386348.62569999974221, 3443090.705199999734759 ], [ 385560.102100000716746, 3443789.345300000160933 ], [ 384906.403700000606477, 3444381.759500000625849 ], [ 384526.441500000655651, 3444729.036700000986457 ], [ 384375.273800000548363, 3444884.290100002661347 ], [ 384166.907400000840425, 3444970.088000001385808 ], [ 384040.253400001674891, 3445023.200999999418855 ], [ 383717.489800001494586, 3445092.656400002539158 ], [ 383447.839200002141297, 3445174.368699997663498 ], [ 383259.900899999774992, 3445239.738600002601743 ], [ 382965.736700000241399, 3445301.02280000410974 ], [ 382736.942200001329184, 3445386.820700002834201 ], [ 382495.890999999828637, 3445533.902800003066659 ], [ 382234.411600000225008, 3445815.810200002044439 ], [ 382107.757600001059473, 3445979.234800001606345 ], [ 382050.55900000128895, 3446065.032700000330806 ], [ 382026.04530000127852, 3446134.488200001418591 ], [ 382030.130900000222027, 3446220.286100002005696 ], [ 382028.919100001454353, 3446279.631400002166629 ], [ 382070.052199999801815, 3446349.4331 ], [ 382126.142799999564886, 3446420.481200000271201 ], [ 382198.437400000169873, 3446511.47270000167191 ], [ 382229.598900000564754, 3446583.767300000414252 ], [ 382238.324099999852479, 3446621.161100000143051 ], [ 382237.077700001187623, 3446689.716299999505281 ], [ 382217.134300000034273, 3446784.447200000286102 ], [ 382198.165300001390278, 3446833.710799999535084 ] ] ] } },
{ "type": "Feature", "properties": { "IMIS_CODE": "30722030000001000", "PARENT_CHA": "Turkwind disty of MBL", "REMARKS": "Abandent", "ZONE_NAME": "Lahore", "CIRCLE_NAM": "DCC", "CHANNEL_NA": "Paimar minir No 1 of MBL", "CHANNEL_TY": "M", "DESIGNED_D": 4.0 }, "geometry": { "type": "MultiLineString", "coordinates": [ [ [ 416917.944199999794364, 3448304.49269999936223 ], [ 416717.761200000531971, 3447927.254500003531575 ], [ 416693.6546, 3447879.041300002485514 ] ] ] } },
{ "type": "Feature", "properties": { "IMIS_CODE": "30722030001000000", "PARENT_CHA": "M.B.L of BRBD Link.", "REMARKS": null, "ZONE_NAME": "Lahore", "CIRCLE_NAM": "DCC", "CHANNEL_NA": "Raiwind ditsy of MBL.", "CHANNEL_TY": "D", "DESIGNED_D": 85.0 }, "geometry": { "type": "MultiLineString", "coordinates": [ [ [ 452766.94400000013411, 3464094.45690000243485 ], [ 452588.685800000093877, 3464151.401399999856949 ], [ 452204.008800001814961, 3464167.858200004324317 ], [ 451830.867000000551343, 3464176.218000000342727 ], [ 451087.11780000012368, 3464192.880799999460578 ], [ 449817.503600000403821, 3464221.005200000479817 ], [ 447688.087199999950826, 3464281.27170000039041 ], [ 445827.861200000159442, 3464333.502700001001358 ], [ 445249.302800001576543, 3464349.573700001463294 ], [ 445168.947499999776483, 3464357.609300000593066 ], [ 445060.467800000682473, 3464325.467100003734231 ], [ 443959.599700000137091, 3464060.294500002637506 ], [ 442914.980399999767542, 3463787.086399998515844 ], [ 442328.386400000192225, 3463614.322400001809001 ], [ 441914.556500000879169, 3463529.949299998581409 ], [ 441448.495500000193715, 3463401.380799999460578 ], [ 439777.104600000195205, 3462995.586399998515844 ], [ 437772.239000000990927, 3462493.365499999374151 ], [ 436149.061299999244511, 3462075.517799999564886 ], [ 435542.378500001505017, 3461910.789400001987815 ], [ 435417.827700001187623, 3461874.629400001838803 ], [ 435277.205900001339614, 3461794.274100001901388 ], [ 434816.107099999673665, 3461511.567600000649691 ], [ 434051.78700000140816, 3461042.9517 ], [ 432816.876800000667572, 3460304.244100000709295 ], [ 432721.906299999915063, 3460247.433900000527501 ], [ 431291.581299999728799, 3459363.525300001725554 ], [ 430150.535600000992417, 3458672.469399999827147 ], [ 429073.774100001901388, 3458017.573400001972914 ], [ 428334.505000000819564, 3457499.281500000506639 ], [ 427723.80449999962002, 3457025.185000002384186 ], [ 427551.040500001050532, 3456868.49210000038147 ], [ 427325.231599999591708, 3456695.5625 ] ] ] } },
{ "type": "Feature", "properties": { "IMIS_CODE": "30722030001001000", "PARENT_CHA": "Raiwind ditsy of MBL.", "REMARKS": null, "ZONE_NAME": "Lahore", "CIRCLE_NAM": "DCC", "CHANNEL_NA": "Ladheke minor of Raiwind Dy:", "CHANNEL_TY": "M", "DESIGNED_D": 7.7 }, "geometry": { "type": "MultiLineString", "coordinates": [ [ [ 434816.107099999673665, 3461511.567600000649691 ], [ 434770.557300001382828, 3461271.218699999153614 ], [ 434666.398300000466406, 3460890.294399999082088 ], [ 434621.758700001053512, 3460574.841400001198053 ], [ 434553.311400000937283, 3460378.427300002425909 ], [ 434508.671799999661744, 3460164.157400002703071 ], [ 434487.839999999850988, 3460045.118500001728535 ], [ 434404.51280000153929, 3459872.512199999764562 ], [ 434276.54600000102073, 3459714.785700000822544 ], [ 434092.035799999721348, 3459539.203400004655123 ], [ 433886.693800000473857, 3459318.981500001624227 ], [ 433624.309900000691414, 3459108.308299999684095 ], [ 433544.457099999301136, 3459036.2642 ], [ 433523.927000001072884, 3459022.980200000107288 ], [ 433498.159800000488758, 3459009.399000000208616 ], [ 433497.727300000376999, 3459009.148 ] ] ] } },
{ "type": "Feature", "properties": { "IMIS_CODE": "30722030001002000", "PARENT_CHA": "Raiwind ditsy of MBL.", "REMARKS": null, "ZONE_NAME": "Lahore", "CIRCLE_NAM": "DCC", "CHANNEL_NA": "Jodhu Dher minor of Raiwind Dy:", "CHANNEL_TY": "M", "DESIGNED_D": 12.7 }, "geometry": { "type": "MultiLineString", "coordinates": [ [ [ 432816.876800000667572, 3460304.244100000709295 ], [ 432728.617200002074242, 3460436.585800001397729 ], [ 432690.385300000198185, 3460484.878800000995398 ], [ 432656.177699999883771, 3460523.110800001770258 ], [ 432599.835799999535084, 3460547.25730000063777 ], [ 432537.457300000824034, 3460567.379399998113513 ], [ 432364.407300001010299, 3460595.550300000235438 ], [ 431796.964299999177456, 3460670.002100002020597 ], [ 431265.74110000114888, 3460750.490400003269315 ], [ 431018.239299999549985, 3460782.6858000010252 ], [ 430899.51900000218302, 3460802.807900004088879 ], [ 430619.821899999864399, 3460881.284 ], [ 430344.149200000800192, 3460959.760199999436736 ], [ 430148.964900000020862, 3460989.943300001323223 ], [ 430044.330000001005828, 3460997.992200000211596 ], [ 429943.719500000588596, 3460997.992200000211596 ], [ 429824.999200000427663, 3460987.931100001558661 ], [ 429672.071300000883639, 3460953.723600002005696 ], [ 429384.325400000438094, 3460865.1864 ], [ 428786.69920000154525, 3460657.928800001740456 ], [ 428048.218400000594556, 3460414.451500000432134 ], [ 427651.813100000843406, 3460281.645700000226498 ], [ 427551.202700001187623, 3460253.474699998274446 ], [ 427458.641000001691282, 3460221.279400004073977 ], [ 427370.103800000622869, 3460166.949699999764562 ], [ 427261.444500002078712, 3460072.375900004059076 ], [ 427193.029400000348687, 3459971.765400003641844 ] ] ] } },
{ "type": "Feature", "properties": { "IMIS_CODE": "30722030002000000", "PARENT_CHA": "M.B.L of BRBD Link.", "REMARKS": null, "ZONE_NAME": "Lahore", "CIRCLE_NAM": "DCC", "CHANNEL_NA": "Pandoki ditsy of MBL.", "CHANNEL_TY": "D", "DESIGNED_D": 7.3 }, "geometry": { "type": "MultiLineString", "coordinates": [ [ [ 444032.944099999964237, 3459505.505699999630451 ], [ 444002.581699999980628, 3459520.945700000971556 ], [ 443720.070899999700487, 3459454.285800002515316 ], [ 443187.978700000792742, 3459390.434800002723932 ], [ 442595.063400001265109, 3459339.247900003567338 ], [ 442108.6706000007689, 3459305.115000000223517 ], [ 441275.917999999597669, 3459258.139200001955032 ], [ 440652.438299998641014, 3459202.6239 ], [ 440033.640300000086427, 3459159.948100002482533 ], [ 439030.564500001259148, 3459095.922100001946092 ], [ 438475.434700000099838, 3459070.300700001418591 ], [ 438406.606400000862777, 3459065.286699997261167 ] ] ] } },
{ "type": "Feature", "properties": { "IMIS_CODE": "30722030003000000", "PARENT_CHA": "M.B.L of BRBD Link.", "REMARKS": null, "ZONE_NAME": "Lahore", "CIRCLE_NAM": "DCC", "CHANNEL_NA": "Thaman disty of MBL.", "CHANNEL_TY": "D", "DESIGNED_D": 272.0 }, "geometry": { "type": "MultiLineString", "coordinates": [ [ [ 452826.428100001066923, 3464151.608300000429153 ], [ 452804.126600001007318, 3463475.568399999290705 ], [ 452794.753600000403821, 3462533.57289999909699 ], [ 452776.007399999536574, 3461488.473400002345443 ], [ 452771.320800000801682, 3461235.400000000372529 ], [ 452766.634300000034273, 3461085.430600002408028 ], [ 452686.963000002317131, 3460785.491699999198318 ], [ 452546.366700001060963, 3460237.165900001302361 ], [ 452443.262699999846518, 3459820.063500002026558 ], [ 452377.651100000366569, 3459637.288200002163649 ], [ 452293.293300001882017, 3459529.497700002044439 ], [ 452016.787100001238286, 3459309.230099998414516 ], [ 451829.173000001348555, 3459160.511600002646446 ], [ 451632.490399999544024, 3459004.604699999094009 ], [ 451224.761000000871718, 3458681.2331000007689 ], [ 451116.970500000752509, 3458596.875300001353025 ], [ 450981.060700000263751, 3458526.577099999412894 ], [ 449996.886300000362098, 3458198.518900001421571 ], [ 449531.199800000526011, 3458044.797200003638864 ], [ 449514.172200000844896, 3458039.176400000229478 ], [ 448350.556099999696016, 3457635.355699999257922 ], [ 446845.301599999889731, 3457135.884900003671646 ], [ 444614.788200000301003, 3456369.573599999770522 ], [ 444019.528400000184774, 3456102.733000002801418 ], [ 441857.435700002126396, 3454953.266000000759959 ], [ 440420.601900001987815, 3454173.270500000566244 ], [ 439763.763500000350177, 3453824.325100000947714 ], [ 439503.765000001527369, 3453701.167899999767542 ], [ 439332.71339999884367, 3453673.799699999392033 ], [ 439011.136300001293421, 3453680.641700001433492 ], [ 438114.825699999928474, 3453796.95690000243485 ], [ 437847.985100000165403, 3453783.272700000554323 ], [ 437642.723200000822544, 3453721.694100001826882 ], [ 437403.635200002230704, 3453565.518200004473329 ], [ 436365.025000001303852, 3453011.234000001102686 ], [ 435590.103400002233684, 3452588.794099999591708 ], [ 435415.20790000166744, 3452473.094000000506639 ], [ 435267.219399998895824, 3452341.249699998646975 ], [ 434739.84220000077039, 3451891.902800001204014 ], [ 433711.994800001382828, 3451041.64159999974072 ], [ 433583.399400001391768, 3450928.838700000196695 ], [ 433098.5152000002563, 3450503.501599997282028 ], [ 432673.384600001387298, 3450126.803600000217557 ], [ 431762.412100001238286, 3449375.911800000816584 ], [ 431541.614100000821054, 3449172.899200001731515 ], [ 431440.513600000180304, 3449088.105200001969934 ], [ 431349.197000000625849, 3449035.9243 ], [ 431261.141700000502169, 3448993.52730000205338 ], [ 431120.905500000342727, 3448941.346400002017617 ], [ 430377.327600001357496, 3448726.100199999287724 ], [ 430160.963299999944866, 3448661.348900001496077 ] ] ] } },
{ "type": "Feature", "properties": { "IMIS_CODE": "30722030003001000", "PARENT_CHA": "Thaman disty of MBL.", "REMARKS": null, "ZONE_NAME": "Lahore", "CIRCLE_NAM": "DCC", "CHANNEL_NA": "Kasur minor of Thaman Dy:", "CHANNEL_TY": "M", "DESIGNED_D": 85.0 }, "geometry": { "type": "MultiLineString", "coordinates": [ [ [ 451829.173000001348555, 3459160.511600002646446 ], [ 451909.194099999964237, 3458791.073699999600649 ], [ 452028.167700000107288, 3458199.605100004002452 ], [ 452204.928500001318753, 3457400.782500002533197 ], [ 452249.118700001388788, 3457179.831500001251698 ], [ 452296.708100001327693, 3457071.055700000375509 ], [ 452483.987200000323355, 3456786.180500000715256 ], [ 452538.054499998688698, 3456703.93720000050962 ], [ 452806.594899999909103, 3456302.826300002634525 ], [ 452962.960099999792874, 3456051.28210000321269 ], [ 453071.735999999567866, 3455877.920600002631545 ], [ 453146.519399999640882, 3455758.947000000625849 ], [ 453190.709600001573563, 3455677.365200001746416 ], [ 453224.70200000051409, 3455554.992300001904368 ], [ 453241.698200001381338, 3455436.018699999898672 ], [ 453234.899800000712276, 3455320.444399999454618 ], [ 453129.52320000063628, 3455028.109300002455711 ], [ 452864.382000001147389, 3454358.458000000566244 ], [ 452728.412200000137091, 3454151.104100000113249 ], [ 452344.297500001266599, 3453665.012000001966953 ], [ 451905.794899999164045, 3453124.532000001519918 ], [ 451446.896800000220537, 3452550.059599999338388 ], [ 451389.109600000083447, 3452451.481500001624227 ], [ 451273.535300000570714, 3452210.135099999606609 ], [ 451001.595700000412762, 3451622.065700002014637 ], [ 450794.24170000012964, 3451163.167600000277162 ], [ 450688.865100000984967, 3450915.022700002416968 ], [ 450661.671200000680983, 3450864.034000001847744 ], [ 450389.731500000692904, 3450615.88910000026226 ], [ 449811.859900000505149, 3450061.812100002542138 ], [ 449509.32700000051409, 3449789.872500002384186 ], [ 449149.007000001147389, 3449443.149500001221895 ], [ 448720.702200001105666, 3449052.236300002783537 ], [ 447649.939899999648333, 3448063.0559 ], [ 447038.075800000689924, 3447491.982799999415874 ], [ 446966.691600000485778, 3447400.203099999576807 ], [ 446874.911999999545515, 3447186.050700001418591 ], [ 446565.580700000748038, 3446441.616000002250075 ], [ 446504.394300000742078, 3446356.634900001809001 ], [ 445702.172399999573827, 3446132.284700000658631 ], [ 444607.615500000305474, 3445833.151100000366569 ], [ 444392.104500001296401, 3445773.471200004220009 ], [ 444250.694700000807643, 3445547.614500002935529 ] ] ] } },
{ "type": "Feature", "properties": { "IMIS_CODE": "30722030003001010", "PARENT_CHA": "Kasur minor of Thaman Dy:", "REMARKS": null, "ZONE_NAME": "Lahore", "CIRCLE_NAM": "DCC", "CHANNEL_NA": "Lekhneke Sub Minor of Kasur Minor", "CHANNEL_TY": "SM", "DESIGNED_D": 18.1 }, "geometry": { "type": "MultiLineString", "coordinates": [ [ [ 452483.987200000323355, 3456786.180500000715256 ], [ 451887.832899999804795, 3456194.379599999636412 ], [ 451339.224600002169609, 3455634.2621 ], [ 450552.75829999987036, 3454855.468600001186132 ], [ 449750.946300001814961, 3454053.656600002199411 ], [ 449639.690100001171231, 3453930.891100002452731 ], [ 449401.832000000402331, 3453704.542300000786781 ], [ 449263.720800000242889, 3453635.486700002104044 ], [ 448757.31319999974221, 3453574.104000002145767 ], [ 448131.976599999703467, 3453539.576200000941753 ], [ 447329.860300000756979, 3453499.651800001040101 ] ] ] } },
{ "type": "Feature", "properties": { "IMIS_CODE": "30722030003001020", "PARENT_CHA": "Kasur minor of Thaman Dy:", "REMARKS": null, "ZONE_NAME": "Lahore", "CIRCLE_NAM": "DCC", "CHANNEL_NA": "Kasur sub minor of Kasur Mr:", "CHANNEL_TY": "SM", "DESIGNED_D": 5.0 }, "geometry": { "type": "MultiLineString", "coordinates": [ [ [ 446504.394300000742078, 3446356.634900001809001 ], [ 446443.207899999804795, 3446200.269600000232458 ], [ 446419.413200001232326, 3445975.919400000944734 ], [ 446409.215400001965463, 3445703.979800002649426 ], [ 446409.215400001965463, 3445554.413000002503395 ], [ 446327.633500001393259, 3445275.674900000914931 ], [ 446252.85010000038892, 3445051.324700001627207 ], [ 446188.264499999582767, 3444905.157200001180172 ], [ 446127.078099999576807, 3444796.381300002336502 ], [ 445715.769399999640882, 3444374.874900000169873 ], [ 445689.506099998950958, 3444367.189500000327826 ] ] ] } },
{ "type": "Feature", "properties": { "IMIS_CODE": "30722030003002000", "PARENT_CHA": "Thaman disty of MBL.", "REMARKS": null, "ZONE_NAME": "Lahore", "CIRCLE_NAM": "DCC", "CHANNEL_NA": "Athilpur minor of Thaman Dy:", "CHANNEL_TY": "M", "DESIGNED_D": 98.0 }, "geometry": { "type": "MultiLineString", "coordinates": [ [ [ 449531.199800000526011, 3458044.797200003638864 ], [ 449221.394200000911951, 3457418.866400001570582 ], [ 448894.270100001245737, 3456746.10160000436008 ], [ 448635.039600000716746, 3456246.157200001180172 ], [ 448357.292700000107288, 3455937.549500001594424 ], [ 448141.267300001345575, 3455764.7292 ], [ 447906.725499998778105, 3455591.908900000154972 ], [ 447443.814000002108514, 3455412.91640000231564 ], [ 446480.958000001497567, 3455098.136600000783801 ], [ 445919.292000001296401, 3454919.144099999219179 ], [ 445493.41340000089258, 3454641.397199999541044 ], [ 444752.755000000819564, 3454190.830000001937151 ], [ 443759.038200000301003, 3453598.303300000727177 ], [ 442923.49000000115484, 3453091.495300000533462 ], [ 442629.534099999815226, 3452913.194199999794364 ], [ 442388.820100001990795, 3452672.480200001969934 ], [ 441586.440200001932681, 3451820.723000003024936 ], [ 440827.265299999155104, 3451067.720300003886223 ], [ 440352.009400000795722, 3450573.948000002652407 ], [ 440043.637099999934435, 3450253.110700003802776 ], [ 439787.336799999698997, 3450147.742800001055002 ], [ 438696.636600000783801, 3449749.05350000038743 ], [ 437916.344600000418723, 3449450.036400001496077 ], [ 437688.522099999710917, 3449370.298599999397993 ], [ 437624.729100001044571, 3449271.325100000947714 ], [ 437429.968299999833107, 3448793.275900000706315 ], [ 437256.45409999974072, 3448361.260900000110269 ], [ 437040.446600000374019, 3447826.554000001400709 ], [ 436650.925000001676381, 3446916.489800000563264 ], [ 436141.005800002254546, 3445684.185000002384186 ], [ 435733.77860000077635, 3444667.887600000947714 ], [ 435333.633600000292063, 3443987.995300000533462 ], [ 434862.666600001044571, 3443180.623199999332428 ], [ 434437.733900000341237, 3442444.073200000450015 ] ] ] } },
{ "type": "Feature", "properties": { "IMIS_CODE": "30722030003002010", "PARENT_CHA": "Athilpur minor of Thaman Dy:", "REMARKS": null, "ZONE_NAME": "Lahore", "CIRCLE_NAM": "DCC", "CHANNEL_NA": "Athilpur sub minor of ATP Mr:", "CHANNEL_TY": "SM", "DESIGNED_D": 33.43 }, "geometry": { "type": "MultiLineString", "coordinates": [ [ [ 442923.49000000115484, 3453091.495300000533462 ], [ 442882.559100001119077, 3452607.3574 ], [ 442787.600900001823902, 3451752.73340000025928 ], [ 442714.084800000302494, 3451084.962599998340011 ], [ 442661.484900000505149, 3450626.8903 ], [ 442667.051900000311434, 3450394.934399999678135 ], [ 442731.742800001055002, 3449444.292199999094009 ], [ 442796.423000000417233, 3448480.558499999344349 ], [ 442864.003000000491738, 3447696.661200001835823 ], [ 442860.481999998912215, 3447566.38429999910295 ], [ 442839.355999999679625, 3447495.964300001040101 ], [ 442775.978000001050532, 3447383.292399998754263 ], [ 442606.970200002193451, 3447112.175699999555945 ], [ 442261.912499999627471, 3446615.715100003406405 ], [ 441723.199900000356138, 3445816.448799999430776 ], [ 441628.133000001311302, 3445703.776900002732873 ], [ 441462.646200001239777, 3445277.73619999922812 ], [ 441318.285299999639392, 3444946.762499999254942 ], [ 441057.731499999761581, 3444358.755999999120831 ], [ 440600.001899999566376, 3443302.456900000572205 ], [ 440443.849000000394881, 3442920.548700001090765 ], [ 440443.811300000175834, 3442920.445400003343821 ] ] ] } },
{ "type": "Feature", "properties": { "IMIS_CODE": "30722030003003000", "PARENT_CHA": "Thaman disty of MBL.", "REMARKS": null, "ZONE_NAME": "Lahore", "CIRCLE_NAM": "DCC", "CHANNEL_NA": "Saharan minor of Thaman Dy:", "CHANNEL_TY": "M", "DESIGNED_D": 24.0 }, "geometry": { "type": "MultiLineString", "coordinates": [ [ [ 433583.399400001391768, 3450928.838700000196695 ], [ 433695.142800000496209, 3450801.576099999248981 ], [ 433720.113199999555945, 3450742.271200001239777 ], [ 433720.113199999555945, 3450645.510600004345179 ], [ 433704.506700000725687, 3450146.100700000301003 ], [ 433707.628000000491738, 3450008.762999998405576 ], [ 433695.142800000496209, 3449943.215500002726912 ], [ 433654.565700001083314, 3449858.940099999308586 ], [ 433326.828000001609325, 3449465.654900001361966 ], [ 433011.575600000098348, 3449137.917199999094009 ], [ 432892.965700000524521, 3448944.395899999886751 ], [ 432733.778800001367927, 3448626.022099999710917 ], [ 432574.591999999247491, 3448354.468000002205372 ], [ 432540.257500001229346, 3448282.677800003439188 ], [ 432530.893600000068545, 3448223.372900001704693 ], [ 432543.37880000192672, 3448104.7631 ], [ 432580.834599999710917, 3447929.9695999994874 ], [ 432577.713299999944866, 3447858.179500002413988 ], [ 432521.52970000077039, 3447714.599199999123812 ], [ 432190.670700000599027, 3447043.517200004309416 ], [ 431722.473900000564754, 3446057.182800000533462 ], [ 431463.405100000090897, 3445545.28770000115037 ], [ 431201.214900001883507, 3444967.845100000500679 ], [ 431013.936300001107156, 3444612.015599999576807 ], [ 430959.790199999697506, 3444510.404400002211332 ], [ 430948.503600000403821, 3444489.223899999633431 ], [ 430948.268400002270937, 3444488.782700002193451 ], [ 430948.033300000242889, 3444488.341400003060699 ] ] ] } },
{ "type": "Feature", "properties": { "IMIS_CODE": "30722030004000000", "PARENT_CHA": "M.B.L of BRBD Link.", "REMARKS": null, "ZONE_NAME": "Lahore", "CIRCLE_NAM": "DCC", "CHANNEL_NA": "Sarhali disty of MBL", "CHANNEL_TY": "D", "DESIGNED_D": 15.0 }, "geometry": { "type": "MultiLineString", "coordinates": [ [ [ 452715.252200001850724, 3464044.792300000786781 ], [ 452720.181400001049042, 3464019.019500000402331 ], [ 452111.617800001986325, 3463434.321000002324581 ], [ 451594.923000002279878, 3462934.707100002095103 ], [ 451312.971499999985099, 3462669.843500001356006 ], [ 451017.953199999406934, 3462396.203300001099706 ], [ 450769.084699999541044, 3462185.95240000076592 ], [ 450374.9852, 3461916.079900000244379 ], [ 450045.015800000168383, 3461710.384799998253584 ], [ 449766.355299999937415, 3461568.910900000482798 ], [ 449690.244900000281632, 3461533.009800000116229 ] ] ] } },
{ "type": "Feature", "properties": { "IMIS_CODE": "30722030004001000", "PARENT_CHA": "Sarhali disty of MBL", "REMARKS": null, "ZONE_NAME": "Lahore", "CIRCLE_NAM": "DCC", "CHANNEL_NA": "Sarhali minor of Sirhali Dy:", "CHANNEL_TY": "M", "DESIGNED_D": 11.0 }, "geometry": { "type": "MultiLineString", "coordinates": [ [ [ 449690.244900000281632, 3461533.009800000116229 ], [ 449699.556900002062321, 3461393.862800002098083 ], [ 449701.892500001005828, 3461300.435000002384186 ], [ 449692.549800000153482, 3461221.02140000462532 ], [ 449641.164500000886619, 3461057.522900000214577 ], [ 449494.015800001099706, 3460660.455000001937151 ], [ 449463.651800001040101, 3460569.362999999895692 ], [ 449360.881299999542534, 3460296.086799999698997 ], [ 449311.831699999980628, 3460155.9452 ], [ 449248.768000000156462, 3460050.839000001549721 ], [ 449190.631000001914799, 3459994.518800003454089 ] ] ] } },
{ "type": "Feature", "properties": { "IMIS_CODE": "30722030005000000", "PARENT_CHA": "M.B.L of BRBD Link.", "REMARKS": null, "ZONE_NAME": "Lahore", "CIRCLE_NAM": "DCC", "CHANNEL_NA": "Sirhali disty NO 2 of MBL", "CHANNEL_TY": "D", "DESIGNED_D": 3.31 }, "geometry": { "type": "MultiLineString", "coordinates": [ [ [ 447349.177100001834333, 3460649.034100001677871 ], [ 447301.885700001381338, 3460605.188100004568696 ], [ 446200.767300002276897, 3460201.610700003802776 ], [ 445651.038500000722706, 3460015.599800001829863 ] ] ] } },
{ "type": "Feature", "properties": { "IMIS_CODE": "30722030006000000", "PARENT_CHA": "M.B.L of BRBD Link.", "REMARKS": null, "ZONE_NAME": "Lahore", "CIRCLE_NAM": "DCC", "CHANNEL_NA": "Daftu disty of MBL", "CHANNEL_TY": "D", "DESIGNED_D": 16.5 }, "geometry": { "type": "MultiLineString", "coordinates": [ [ [ 444114.234800001606345, 3459523.824800001457334 ], [ 444207.471800001338124, 3459084.996300000697374 ], [ 444240.56120000127703, 3458941.608999999240041 ], [ 444247.914400001056492, 3458868.077000001445413 ], [ 444225.854799999855459, 3458820.281200001016259 ], [ 444016.288699999451637, 3458691.600299999117851 ], [ 443343.471300000324845, 3458279.821300001814961 ], [ 442894.926300001330674, 3458015.106300000101328 ], [ 442696.390000000596046, 3457901.131699999794364 ], [ 442619.181400001049042, 3457820.246600003913045 ], [ 442556.679299999959767, 3457537.148499999195337 ], [ 442464.764300000853837, 3457173.165300000458956 ], [ 442424.321700001135468, 3456970.95240000076592 ], [ 442402.262200000695884, 3456890.067299999296665 ], [ 442372.84940000064671, 3456831.241700001060963 ], [ 442317.700400001369417, 3456765.062899999320507 ], [ 442067.691700001247227, 3456614.322400001809001 ], [ 441152.218800001777709, 3456007.683700000867248 ] ] ] } },
{ "type": "Feature", "properties": { "IMIS_CODE": "30722030007000000", "PARENT_CHA": "M.B.L of BRBD Link.", "REMARKS": null, "ZONE_NAME": "Lahore", "CIRCLE_NAM": "DCC", "CHANNEL_NA": "Lullani disty of MBL", "CHANNEL_TY": "D", "DESIGNED_D": 49.31 }, "geometry": { "type": "MultiLineString", "coordinates": [ [ [ 444056.645899999886751, 3459511.098200000822544 ], [ 444039.621600000187755, 3459488.552999999374151 ], [ 443727.768700000829995, 3459410.893800003454089 ], [ 443192.493300000205636, 3459346.660800002515316 ], [ 442598.496000001206994, 3459295.380500001832843 ], [ 442111.449800000526011, 3459261.201800003647804 ], [ 441279.109000000171363, 3459214.249199999496341 ], [ 440655.903500001877546, 3459158.758300002664328 ], [ 440036.555300001055002, 3459116.044700002297759 ], [ 439032.980300000868738, 3459051.986700003966689 ], [ 438478.047900000587106, 3459026.374500000849366 ], [ 438412.199799998663366, 3459021.577600000426173 ], [ 437833.506099999882281, 3458979.421100001782179 ], [ 437547.54490000102669, 3458962.348799999803305 ], [ 437180.585099999792874, 3458932.479900000616908 ], [ 436911.123800000175834, 3458911.094100000336766 ], [ 436681.557100000791252, 3458902.591600000858307 ], [ 436482.031400000676513, 3458868.629799999296665 ], [ 436303.423700000159442, 3458843.114399999380112 ], [ 436125.209800001233816, 3458800.682500001043081 ], [ 435937.573200000450015, 3458753.773400003090501 ], [ 435724.573700001463294, 3458698.39360000193119 ], [ 435524.924700001254678, 3458638.923599999397993 ], [ 435351.132699999958277, 3458575.341100001707673 ], [ 435185.251400000415742, 3458503.034000001847744 ], [ 434805.499200000427663, 3458336.625700000673532 ], [ 434280.399600000120699, 3458093.286800000816584 ], [ 433712.512800000607967, 3457841.367099998518825 ], [ 433172.110500000417233, 3457594.018799999728799 ] ] ] } },
{ "type": "Feature", "properties": { "IMIS_CODE": "30722030007001000", "PARENT_CHA": "Lulliani Disty", "REMARKS": null, "ZONE_NAME": "Lahore", "CIRCLE_NAM": "DCC", "CHANNEL_NA": "Sattoki minor of Lullani Dy:", "CHANNEL_TY": "M", "DESIGNED_D": 14.5 }, "geometry": { "type": "MultiLineString", "coordinates": [ [ [ 438412.199799998663366, 3459021.577600000426173 ], [ 438426.281200001016259, 3458633.978100001811981 ], [ 438461.982099999673665, 3458177.006800001487136 ], [ 438483.402599999681115, 3457765.256699999794364 ], [ 438514.343400000594556, 3457460.609200000762939 ], [ 438533.383899999782443, 3457179.762300001457334 ], [ 438569.084699999541044, 3456653.769400000572205 ], [ 438585.745099999941885, 3456477.645100001245737 ], [ 438609.545699999667704, 3456084.935400003567338 ], [ 438630.966300000436604, 3455894.530799999833107 ], [ 438635.726400000043213, 3455701.746000001206994 ], [ 438619.065999999642372, 3455573.222900001332164 ], [ 438576.224900000728667, 3455487.540800001472235 ], [ 438521.483600001782179, 3455437.559500001370907 ], [ 438407.240799999795854, 3455397.098500004038215 ], [ 438214.456000002101064, 3455389.958400001749396 ], [ 437943.129400000907481, 3455385.19820000231266 ], [ 437362.39510000217706, 3455354.257500002160668 ], [ 437124.38920000102371, 3455347.117300001904368 ], [ 436722.159400001168251, 3455320.936700001358986 ], [ 436343.730099999345839, 3455297.136099999770522 ], [ 436191.406300000846386, 3455216.214099999517202 ], [ 435974.821000002324581, 3455061.510300001129508 ], [ 435760.61570000089705, 3454904.426400000229478 ], [ 435726.769400000572205, 3454878.600600000470877 ], [ 435726.367000000551343, 3454878.303899999707937 ] ] ] } },
{ "type": "Feature", "properties": { "IMIS_CODE": "30722030007002000", "PARENT_CHA": "Lullani disty of MBL", "REMARKS": null, "ZONE_NAME": "Lahore", "CIRCLE_NAM": "DCC", "CHANNEL_NA": "Mir Muhammad mr:  \"    \"", "CHANNEL_TY": "M", "DESIGNED_D": 24.0 }, "geometry": { "type": "MultiLineString", "coordinates": [ [ [ 435524.924700001254678, 3458638.923599999397993 ], [ 435547.710000001825392, 3458580.391800001263618 ], [ 435480.018400001339614, 3458543.725500002503395 ], [ 435434.890599999576807, 3458484.495300000533462 ], [ 435392.583300000056624, 3458430.906100001186132 ], [ 435367.198900001123548, 3458332.189100001007318 ], [ 435367.198900001123548, 3458199.626200001686811 ], [ 435310.789199999533594, 3458072.704299999400973 ], [ 435251.559000000357628, 3457971.166899999603629 ], [ 435025.920100000686944, 3457675.015799999237061 ], [ 434910.280199999921024, 3457508.607100004330277 ], [ 434650.7955, 3457113.739100001752377 ], [ 434515.412100002169609, 3456927.58699999935925 ], [ 434402.592699999921024, 3456851.433900000527501 ], [ 434193.876700000837445, 3456747.075900001451373 ], [ 433728.496500000357628, 3456490.411699999123812 ], [ 432921.837500000372529, 3456044.774900002405047 ], [ 432335.176400002092123, 3455700.675600001588464 ], [ 431658.259800000116229, 3455334.01240000128746 ], [ 431356.467800000682473, 3455170.424200000241399 ], [ 430981.3432, 3454967.349200002849102 ], [ 430902.369600000791252, 3454905.298500001430511 ], [ 430848.780300000682473, 3454862.991300001740456 ], [ 430769.806699999608099, 3454744.530799999833107 ], [ 430631.602900000289083, 3454516.071500001475215 ], [ 430592.116100000217557, 3454420.175000000745058 ], [ 430504.681000001728535, 3454273.509700000286102 ], [ 430349.554299999959767, 3454011.204500002786517 ] ] ] } },
{ "type": "Feature", "properties": { "IMIS_CODE": "30722030008000000", "PARENT_CHA": "M.B.L of BRBD Link.", "REMARKS": null, "ZONE_NAME": "Lahore", "CIRCLE_NAM": "DCC", "CHANNEL_NA": "Bedian disty of MBL", "CHANNEL_TY": "D", "DESIGNED_D": 12.5 }, "geometry": { "type": "MultiLineString", "coordinates": [ [ [ 452715.252200001850724, 3464044.792300000786781 ], [ 452689.123400000855327, 3464042.51040000282228 ], [ 452081.082800000905991, 3463466.001000000163913 ], [ 451564.565799999982119, 3462966.558900000527501 ], [ 451282.947300000116229, 3462702.008300000801682 ], [ 450988.778800001367927, 3462429.156300002709031 ], [ 450742.388700000010431, 3462220.999199999496341 ], [ 450350.905799998901784, 3461952.918500000610948 ], [ 450023.376800000667572, 3461748.744600001722574 ], [ 449747.006300000473857, 3461608.433300001546741 ], [ 449521.506000001914799, 3461502.06530000269413 ], [ 449180.633600000292063, 3461361.455500001087785 ], [ 448766.945699999108911, 3461199.392099998891354 ], [ 448319.046400001272559, 3461037.29530000127852 ], [ 447938.770399999804795, 3460904.839599998667836 ], [ 447353.611500000581145, 3460674.193000001832843 ], [ 447114.804700000211596, 3460584.640499997884035 ], [ 446290.950000000186265, 3460285.833100002259016 ], [ 446005.234500002115965, 3460183.487199999392033 ], [ 445611.617200000211596, 3460055.133700001984835 ], [ 445354.793000000528991, 3459939.562900003045797 ], [ 445120.430700001306832, 3459845.818000001832843 ], [ 444830.945600001141429, 3459730.875300001353025 ], [ 444665.242300000973046, 3459679.889699999243021 ], [ 444350.849900000728667, 3459582.173100000247359 ], [ 444107.937199999578297, 3459545.118699997663498 ] ] ] } },
{ "type": "Feature", "properties": { "IMIS_CODE": "30722030009000000", "PARENT_CHA": "BRBD Link Canal", "REMARKS": null, "ZONE_NAME": "Lahore", "CIRCLE_NAM": "DCC", "CHANNEL_NA": "Chattianwala disty of MBL ( R )", "CHANNEL_TY": "D", "DESIGNED_D": 10.0 }, "geometry": { "type": "MultiLineString", "coordinates": [ [ [ 453885.812400001101196, 3465154.63150000013411 ], [ 454445.076700001955032, 3464394.508499998599291 ], [ 454735.621600001119077, 3463070.915000000968575 ], [ 454868.339700000360608, 3462353.520199999213219 ], [ 454620.838399999774992, 3461747.321600001305342 ], [ 453860.399900001473725, 3460646.120500000193715 ] ] ] } },
{ "type": "Feature", "properties": { "IMIS_CODE": "30722030010000000", "PARENT_CHA": "M.B.L of BRBD Link.", "REMARKS": null, "ZONE_NAME": "Lahore", "CIRCLE_NAM": "DCC", "CHANNEL_NA": "Raiwind disty-II of MBL", "CHANNEL_TY": "D", "DESIGNED_D": 17.0 }, "geometry": { "type": "MultiLineString", "coordinates": [ [ [ 428035.484199999831617, 3455286.665300004184246 ], [ 427733.620600000955164, 3455476.734900003299117 ], [ 427368.791699999943376, 3455698.641100002452731 ], [ 427146.885400000028312, 3455841.563800001516938 ], [ 427041.574000000953674, 3455850.966600004583597 ], [ 426947.54590000025928, 3455881.055600000545382 ], [ 426861.040100000798702, 3455926.189100002869964 ], [ 426808.384400000795722, 3455952.516900001093745 ], [ 426708.714599999599159, 3455988.247600000351667 ], [ 426533.822399999946356, 3456074.753400001674891 ], [ 426353.288500000722706, 3455954.39750000089407 ], [ 425832.373000000603497, 3456020.217100001871586 ], [ 425271.965699999593198, 3456091.678500002250075 ], [ 424877.047799998894334, 3456142.453600002452731 ], [ 424751.050200001336634, 3456166.900900000706315 ], [ 424591.202500000596046, 3456165.020400000736117 ], [ 424461.443799999542534, 3456180.064900001510978 ], [ 424408.787999999709427, 3456223.317800000309944 ], [ 424326.043300000019372, 3456347.434800000861287 ], [ 424151.151100001297891, 3456650.205200001597404 ], [ 423897.275299999862909, 3457120.345500001683831 ] ] ] } },
{ "type": "Feature", "properties": { "IMIS_CODE": "30722030010001000", "PARENT_CHA": "Raiwind disty-II of MBL", "REMARKS": null, "ZONE_NAME": "Lahore", "CIRCLE_NAM": "DCC", "CHANNEL_NA": "Babliana minor of Raiwind II.", "CHANNEL_TY": "M", "DESIGNED_D": 3.0 }, "geometry": { "type": "MultiLineString", "coordinates": [ [ [ 426353.288500000722706, 3455954.39750000089407 ], [ 426123.572999999858439, 3455769.843299999833107 ], [ 424949.412500000558794, 3454868.003200000151992 ], [ 424901.814800000749528, 3454833.476600000634789 ], [ 424901.410000000149012, 3454833.18300000205636 ] ] ] } },
{ "type": "Feature", "properties": { "IMIS_CODE": "30722030011000000", "PARENT_CHA": "M.B.L of BRBD Link.", "REMARKS": null, "ZONE_NAME": "Lahore", "CIRCLE_NAM": "DCC", "CHANNEL_NA": "Chhina disty of MBL", "CHANNEL_TY": "D", "DESIGNED_D": 134.55 }, "geometry": { "type": "MultiLineString", "coordinates": [ [ [ 428057.204900001175702, 3455297.170700000599027 ], [ 428014.445200000889599, 3455053.78319999948144 ], [ 427780.978700000792742, 3454184.768800001591444 ], [ 427608.040500000119209, 3453475.722200002521276 ], [ 427499.95409999974072, 3453077.964400002732873 ], [ 427318.369000000879169, 3452312.712900001555681 ], [ 427180.018500001169741, 3451767.957599997520447 ], [ 427041.667900000698864, 3451236.172600001096725 ], [ 426855.759400001727045, 3450799.503699999302626 ], [ 426700.115000000223517, 3450406.069299999624491 ], [ 426349.915200000628829, 3449502.467299999669194 ], [ 425956.480800001882017, 3448451.867800001055002 ], [ 425690.865200000815094, 3447738.451500002294779 ], [ 425282.02180000115186, 3446640.340199999511242 ], [ 424940.46889999974519, 3445667.562900001183152 ], [ 424884.264000001363456, 3445550.829600002616644 ], [ 424776.177600000053644, 3445421.126000000163913 ], [ 424006.602699999697506, 3444707.755900003015995 ], [ 422899.798200001008809, 3443657.156400002539158 ], [ 422636.067499999888241, 3443255.075099999085069 ], [ 421758.406200000084937, 3441932.098000001162291 ], [ 421352.001400001347065, 3441318.167400000616908 ], [ 421088.270699999295175, 3440933.379900000989437 ], [ 420988.831200001761317, 3440812.323200004175305 ], [ 420919.656000001356006, 3440773.412100002169609 ], [ 420102.523000000044703, 3440462.123400000855327 ], [ 419319.977699998766184, 3440142.187700003385544 ], [ 417525.744000001810491, 3439446.111500000581145 ], [ 415926.065700002014637, 3438801.916700001806021 ], [ 415307.811700001358986, 3438559.803300000727177 ], [ 415251.606800000183284, 3438494.951400002464652 ], [ 414879.78969999961555, 3438006.401000002399087 ], [ 414646.323100000619888, 3437708.082699999213219 ], [ 414097.244300000369549, 3437189.268100002780557 ], [ 413686.516100000590086, 3436787.186800003051758 ], [ 413141.760800002142787, 3436679.100400000810623 ] ] ] } },
{ "type": "Feature", "properties": { "IMIS_CODE": "30722030011001000", "PARENT_CHA": "Chhina disty of MBL", "REMARKS": null, "ZONE_NAME": "Lahore", "CIRCLE_NAM": "DCC", "CHANNEL_NA": "Kale minor of Chhina Dy:", "CHANNEL_TY": "M", "DESIGNED_D": 31.11 }, "geometry": { "type": "MultiLineString", "coordinates": [ [ [ 425690.865200000815094, 3447738.451500002294779 ], [ 425745.538100000470877, 3447666.606600003316998 ], [ 425845.550400000065565, 3447266.55770000256598 ], [ 426181.305700000375509, 3445969.970600001513958 ], [ 426402.761300000362098, 3445127.010400000959635 ], [ 426577.782700000330806, 3444462.643500002101064 ], [ 426599.213899999856949, 3444341.200099999085069 ], [ 426559.923399998806417, 3444055.450899999588728 ], [ 426474.198600001633167, 3443533.958599999547005 ], [ 426363.470800000242889, 3442837.44480000063777 ], [ 426352.755199999548495, 3442655.279700001701713 ], [ 426359.898900001309812, 3442551.695600001141429 ], [ 426395.617600000463426, 3442423.108499998226762 ], [ 426506.345399999059737, 3442262.374600002542138 ], [ 426702.798000000417233, 3441876.613100003451109 ], [ 426863.531900001689792, 3441519.426600001752377 ], [ 426934.969200000166893, 3441365.836400002241135 ], [ 426995.690899999812245, 3441251.536700000986457 ], [ 427017.122100001201034, 3441140.808900002390146 ], [ 427020.69400000013411, 3440994.362400002777576 ], [ 426972.476199999451637, 3440714.4309 ], [ 426946.482900000177324, 3440548.315500004217029 ], [ 426908.735500001348555, 3440321.434200001880527 ], [ 426893.110500001348555, 3440249.162599999457598 ] ] ] } },
{ "type": "Feature", "properties": { "IMIS_CODE": "30722030012000000", "PARENT_CHA": "M.B.L of BRBD Link.", "REMARKS": null, "ZONE_NAME": "Lahore", "CIRCLE_NAM": "DCC", "CHANNEL_NA": "Zafarke disty of MBL", "CHANNEL_TY": "D", "DESIGNED_D": 54.0 }, "geometry": { "type": "MultiLineString", "coordinates": [ [ [ 424407.370799999684095, 3453097.566699998453259 ], [ 423867.785400002263486, 3453187.227300003170967 ], [ 423148.674500000663102, 3453275.71030000410974 ], [ 422861.205800001509488, 3453310.287599999457598 ], [ 422748.359400001354516, 3453310.287599999457598 ], [ 422667.34150000102818, 3453290.033100003376603 ], [ 422522.666799999773502, 3453214.802300000563264 ], [ 422114.683900001458824, 3452971.74860000051558 ], [ 421611.215700001455843, 3452644.783600000664592 ], [ 421078.812500000931323, 3452314.925100000575185 ], [ 420746.060499999672174, 3452115.273900000378489 ], [ 420592.705200000666082, 3452045.83 ], [ 420369.90610000025481, 3451959.025200001895428 ], [ 420213.657300001010299, 3451924.303200002759695 ], [ 420031.367100001312792, 3451909.835799999535084 ], [ 419814.354899999685585, 3451924.303200002759695 ], [ 419637.851700000464916, 3451959.025200001895428 ], [ 419400.58500000089407, 3452034.256100002676249 ], [ 419247.229799998924136, 3452095.019500002264977 ], [ 419192.253299999982119, 3452126.847900001332164 ], [ 419117.02250000089407, 3452236.800800001248717 ], [ 419024.43059999961406, 3452364.114600002765656 ], [ 418960.773699999786913, 3452424.878000002354383 ], [ 418917.371299999766052, 3452465.386900000274181 ], [ 418850.820899999700487, 3452494.321900000795722 ], [ 418737.974499999545515, 3452526.150299999862909 ], [ 418104.298999999649823, 3452667.93160000257194 ], [ 417623.978700000792742, 3452803.925899999216199 ], [ 417325.948700000531971, 3452908.091700002551079 ], [ 416862.989400001242757, 3453073.020999999716878 ], [ 416674.912200001068413, 3453145.35840000025928 ], [ 416518.66340000089258, 3453182.97380000166595 ], [ 416428.965100000612438, 3453194.547800002619624 ], [ 416327.692699999548495, 3453197.441300000995398 ], [ 416235.10090000089258, 3453197.441300000995398 ], [ 416125.148000000976026, 3453197.441300000995398 ], [ 416006.514700001105666, 3453180.080300001427531 ], [ 415815.543999999761581, 3453130.890900002792478 ], [ 415694.017200001515448, 3453096.1689 ], [ 415346.7977, 3452922.559200001880527 ], [ 414924.34740000218153, 3452717.121000001206994 ], [ 413842.180000001564622, 3452176.0373 ], [ 413685.931200001388788, 3452106.593499999493361 ], [ 413526.78899999987334, 3452034.256100002676249 ], [ 413196.930499999783933, 3451866.433299999684095 ] ] ] } },
{ "type": "Feature", "properties": { "IMIS_CODE": "30722030013000000", "PARENT_CHA": "M.B.L of BRBD Link.", "REMARKS": null, "ZONE_NAME": "Lahore", "CIRCLE_NAM": "DCC", "CHANNEL_NA": "Turkwind disty of MBL", "CHANNEL_TY": "D", "DESIGNED_D": 90.0 }, "geometry": { "type": "MultiLineString", "coordinates": [ [ [ 424060.805400000885129, 3452856.286900002509356 ], [ 423971.59180000051856, 3452857.475500002503395 ], [ 423371.020800000987947, 3452429.482400001958013 ], [ 422929.221499999985099, 3452125.745300002396107 ], [ 422594.885900000110269, 3451882.042899999767542 ], [ 421531.072200002148747, 3451112.475400002673268 ], [ 420944.5760000012815, 3450689.897400001063943 ], [ 419677.854500000365078, 3449782.137899998575449 ], [ 418556.098300000652671, 3448995.182800002396107 ], [ 417537.888900000602007, 3448260.0011 ], [ 417403.278200000524521, 3448235.840199999511242 ], [ 417251.409599999897182, 3448249.646400002762675 ], [ 416917.944199999794364, 3448304.49269999936223 ], [ 416202.136199999600649, 3448422.224300000816584 ], [ 415715.466600000858307, 3448494.707000000402331 ], [ 414234.748500001616776, 3448739.7675 ], [ 414148.459599999710917, 3448770.831499999389052 ], [ 414110.49239999987185, 3448832.959600001573563 ], [ 414086.331500001251698, 3448860.572000000625849 ], [ 414051.815999999642372, 3448912.345400001853704 ], [ 414013.84880000166595, 3448971.021900003775954 ], [ 413958.623900001868606, 3449040.053000001236796 ], [ 413896.495900000445545, 3449105.632600001990795 ], [ 413820.561600000597537, 3449143.599700001999736 ], [ 413703.208700001239777, 3449178.115300003439188 ], [ 413478.857400000095367, 3449212.630899999290705 ], [ 413316.634200001135468, 3449216.082400001585484 ], [ 411773.788100000470877, 3449285.113599998876452 ], [ 410939.260400000028312, 3449314.486200001090765 ], [ 410106.685899999924004, 3449343.790100000798702 ], [ 409599.307000000961125, 3449374.854100000113249 ], [ 409409.471300000324845, 3449381.757200000807643 ], [ 409143.701399999670684, 3449367.9510000012815 ], [ 408805.448800000362098, 3449340.338499998673797 ], [ 407990.88120000064373, 3449295.468299999833107 ], [ 407735.466000000014901, 3449271.307400001212955 ], [ 407576.694299999624491, 3449250.597999999299645 ], [ 406955.413999998942018, 3449115.987299999222159 ], [ 406396.261700000613928, 3448998.634300000965595 ], [ 406168.45890000090003, 3448943.409400001168251 ], [ 406061.46070000063628, 3448901.99070000089705 ], [ 405961.365500001236796, 3448836.411100000143051 ], [ 405802.593900001607835, 3448725.961300000548363 ], [ 405208.926000000908971, 3448242.743300003930926 ], [ 404522.066100000403821, 3447711.203400002792478 ], [ 403797.239000000990927, 3447131.34180000051856 ], [ 403659.176699999719858, 3447027.795100001618266 ], [ 403548.72690000012517, 3446924.248400000855327 ], [ 403486.598900001496077, 3446803.443800002336502 ], [ 403327.827200000174344, 3446523.867700001224875 ], [ 402930.898100000806153, 3445799.040699999779463 ], [ 402630.612600000575185, 3445253.694599999114871 ], [ 402625.956000000238419, 3445245.357900001108646 ], [ 402386.415000000037253, 3444805.394799999892712 ], [ 402255.370800000615418, 3444581.848999999463558 ], [ 402178.286100001074374, 3444466.221800003200769 ] ] ] } },
{ "type": "Feature", "properties": { "IMIS_CODE": "30722030013001000", "PARENT_CHA": "Turkwind disty of MBL", "REMARKS": null, "ZONE_NAME": "Lahore", "CIRCLE_NAM": "DCC", "CHANNEL_NA": "Bhoe asal minor of Turkwind Dy:", "CHANNEL_TY": "M", "DESIGNED_D": 10.5 }, "geometry": { "type": "MultiLineString", "coordinates": [ [ [ 410939.260400000028312, 3449314.486200001090765 ], [ 410925.662200001068413, 3449186.655900003388524 ], [ 410912.064300000667572, 3449080.592500001192093 ], [ 410893.027300000190735, 3448920.137699998915195 ], [ 410876.70990000013262, 3448792.317800002172589 ], [ 410830.477100000716746, 3448691.693600000813603 ], [ 410778.805200001224875, 3448640.021700002253056 ], [ 410525.884900000877678, 3448438.773300001397729 ], [ 409816.076399999670684, 3447867.662900002673268 ], [ 409516.923299999907613, 3447655.536200001835823 ], [ 408973.00870000012219, 3447204.087099999189377 ], [ 408652.099100000225008, 3446997.399599999189377 ], [ 407591.465599999763072, 3446138.014500003308058 ] ] ] } },
{ "type": "Feature", "properties": { "IMIS_CODE": "30722030014000000", "PARENT_CHA": "M.B.L of BRBD Link.", "REMARKS": null, "ZONE_NAME": "Lahore", "CIRCLE_NAM": "DCC", "CHANNEL_NA": "Handal disty of MBL", "CHANNEL_TY": "D", "DESIGNED_D": 91.0 }, "geometry": { "type": "MultiLineString", "coordinates": [ [ [ 423922.153499999083579, 3452756.930099999532104 ], [ 423898.243800000287592, 3452683.01490000076592 ], [ 422461.100300000980496, 3451654.074100002646446 ], [ 421438.906600001268089, 3450932.128800000995398 ], [ 420315.505700001493096, 3450132.591199999675155 ], [ 419431.628699999302626, 3449467.996600000187755 ], [ 419188.731200000271201, 3448931.598000003024936 ], [ 418659.079700000584126, 3447808.197100002318621 ], [ 418088.945299999788404, 3446624.07179999910295 ], [ 417576.161700000055134, 3445547.900900000706315 ], [ 417323.143500002101064, 3445028.370100000873208 ], [ 417164.585400001145899, 3444667.397500002756715 ], [ 415946.724300000816584, 3443813.882700001820922 ], [ 414725.489700000733137, 3442919.884900001809001 ], [ 414030.532900000922382, 3442403.727700000628829 ], [ 413574.308900000527501, 3442066.284000001847744 ], [ 413460.39850000012666, 3441982.030700001865625 ], [ 413223.361999999731779, 3441805.12050000205636 ], [ 412768.815399999730289, 3441465.873500000685453 ], [ 412691.223100000992417, 3441364.666200002655387 ], [ 412637.245900000445545, 3441280.326800001785159 ], [ 412532.665000000968575, 3441040.802900003269315 ], [ 412362.058199999853969, 3440614.285900000482798 ], [ 412323.503299999982119, 3440517.898599999025464 ], [ 412181.813099999912083, 3440167.046599999070168 ], [ 412161.571600001305342, 3440082.70720000192523 ], [ 412080.605800000950694, 3439627.274400001391768 ], [ 411999.640000001527369, 3439084.128600001335144 ], [ 411928.794900000095367, 3438672.552300002425909 ], [ 411881.564799999818206, 3438513.994200002402067 ], [ 411749.995300000533462, 3438298.08530000038445 ], [ 411628.546600001864135, 3438088.923599999397993 ], [ 411490.229900001548231, 3437775.181000001728535 ], [ 411308.056800000369549, 3437343.363200003281236 ], [ 411183.23450000025332, 3437140.948599999770522 ], [ 410781.778900000266731, 3436493.222000002861023 ], [ 410685.133000002242625, 3436319.925900001078844 ], [ 410302.346599999815226, 3435663.413900002837181 ], [ 410034.86710000038147, 3435206.110200002789497 ], [ 409819.157800000160933, 3434856.661100000143051 ], [ 409646.590399999171495, 3434554.668099999427795 ], [ 409495.593799999915063, 3434278.560200000181794 ], [ 409400.681800000369549, 3434140.506200002506375 ], [ 409094.374500000849366, 3433773.8004 ], [ 408753.55379999987781, 3433415.722899999469519 ], [ 408686.514600001275539, 3433330.842400003224611 ], [ 408686.204699999652803, 3433330.449999999254942 ], [ 408685.894799999892712, 3433330.057600000873208 ] ] ] } },
{ "type": "Feature", "properties": { "IMIS_CODE": "30722030014001000", "PARENT_CHA": "Handal disty of MBL", "REMARKS": null, "ZONE_NAME": "Lahore", "CIRCLE_NAM": "DCC", "CHANNEL_NA": "Gandian minor of Handal Dy:", "CHANNEL_TY": "M", "DESIGNED_D": 4.0 }, "geometry": { "type": "MultiLineString", "coordinates": [ [ [ 413574.308900000527501, 3442066.284000001847744 ], [ 413308.864500000141561, 3442206.65230000205338 ], [ 412824.493400000035763, 3442490.593900004401803 ], [ 412768.818500000983477, 3442535.133800003677607 ] ] ] } },
{ "type": "Feature", "properties": { "IMIS_CODE": "30722030014002000", "PARENT_CHA": "Handal disty of MBL", "REMARKS": null, "ZONE_NAME": "Lahore", "CIRCLE_NAM": "DCC", "CHANNEL_NA": "Minor No 17 of Handal Dy:", "CHANNEL_TY": "M", "DESIGNED_D": 7.5 }, "geometry": { "type": "MultiLineString", "coordinates": [ [ [ 412362.058199999853969, 3440614.285900000482798 ], [ 412125.766200000420213, 3440779.656800001859665 ], [ 411947.213999999687076, 3440819.335100004449487 ], [ 410989.267099999822676, 3440997.887300001457334 ], [ 410470.61530000064522, 3441091.41469999961555 ], [ 410190.033300001174212, 3440941.204100001603365 ], [ 410099.340100000612438, 3440510.411400001496077 ], [ 410053.993500000797212, 3440280.844200003892183 ] ] ] } },
{ "type": "Feature", "properties": { "IMIS_CODE": "30722030015000000", "PARENT_CHA": "M.B.L of BRBD Link.", "REMARKS": null, "ZONE_NAME": "Lahore", "CIRCLE_NAM": "DCC", "CHANNEL_NA": "Rakh disty of MBL", "CHANNEL_TY": "D", "DESIGNED_D": 202.0 }, "geometry": { "type": "MultiLineString", "coordinates": [ [ [ 406341.787800000049174, 3440233.792500004172325 ], [ 406046.295400000177324, 3440527.304300002753735 ], [ 405599.736499999649823, 3440996.331600002944469 ], [ 405467.7347999997437, 3441128.3333 ], [ 405332.924599999561906, 3441156.418800001963973 ], [ 404425.764000001363456, 3441257.526400003582239 ], [ 404136.483700000680983, 3441288.420400001108646 ], [ 404083.121300001628697, 3441310.888800002634525 ], [ 404026.950400001369417, 3441350.208499997854233 ], [ 403900.565800000913441, 3441510.29560000449419 ], [ 403844.394799999892712, 3441558.040899999439716 ], [ 403782.606800000183284, 3441577.700800001621246 ], [ 403212.471800001338124, 3441636.680200001224875 ], [ 401614.759900000877678, 3441793.607799999415874 ], [ 400775.70650000218302, 3441884.885500002652407 ], [ 400136.762199999764562, 3441941.056500000879169 ], [ 399497.817800000309944, 3441934.035100001841784 ], [ 398953.661899999715388, 3441909.460300002247095 ], [ 397995.245300000533462, 3441895.417600002139807 ], [ 397689.815899999812245, 3441881.374900000169873 ], [ 397394.918499999679625, 3441881.374900000169873 ], [ 397233.427000001072884, 3441867.332100002095103 ], [ 397078.957000002264977, 3441839.246700003743172 ], [ 396826.187800001353025, 3441758.500900000333786 ], [ 396647.142900001257658, 3441656.691100001335144 ], [ 396496.183500001206994, 3441579.456100003793836 ], [ 396362.777600000612438, 3441526.795800002291799 ], [ 396300.690900000743568, 3441521.317600000649691 ], [ 396243.414300000295043, 3441516.26380000449717 ], [ 396159.1579, 3441484.667600000277162 ], [ 396078.412200000137091, 3441414.454000001773238 ], [ 396032.773300000466406, 3441309.133500000461936 ], [ 395952.027599999681115, 3441259.983900001272559 ], [ 395446.489200000651181, 3440972.107899999246001 ], [ 394537.222199999727309, 3440452.526699999347329 ], [ 394337.394100001081824, 3440294.077900001779199 ], [ 394259.435600001364946, 3440160.434600001201034 ], [ 394206.984000000171363, 3440070.517600003629923 ], [ 393871.643500000238419, 3439819.012199999764562 ], [ 393255.497499999590218, 3439524.942600002512336 ], [ 393051.922300000675023, 3439427.781700002029538 ], [ 392194.941100000403821, 3439017.9211 ], [ 391868.915700000710785, 3438971.346000000834465 ], [ 391435.667700001038611, 3439087.989700004458427 ], [ 391384.535000001080334, 3439101.75620000436902 ], [ 389512.217299999669194, 3439744.49210000038147 ], [ 388494.645100000314415, 3440076.20070000179112 ], [ 388250.860999999567866, 3440155.66950000077486 ], [ 385711.691999999806285, 3440983.388900002464652 ], [ 385488.131700000725687, 3441029.963899997994304 ], [ 385357.721499999985099, 3441039.278899999335408 ], [ 385003.751000001095235, 3440955.443800004199147 ], [ 383414.444600001908839, 3440486.878200000151992 ], [ 383211.247600000351667, 3440433.51320000179112 ], [ 383201.085800001397729, 3440430.234900001436472 ], [ 382556.391800000332296, 3440222.249200001358986 ], [ 381946.332600000314415, 3440054.65059999935329 ], [ 381778.734000000171363, 3440001.019000003114343 ], [ 381651.359000000171363, 3439920.571699999272823 ], [ 380927.332800000905991, 3439350.736200001090765 ], [ 380029.003999998793006, 3438640.117900004610419 ], [ 379392.129099999554455, 3438144.025900000706315 ], [ 379197.714700001291931, 3438003.243000000715256 ], [ 378969.780500001274049, 3437909.387800002470613 ], [ 378741.846300001256168, 3437916.091700000688434 ], [ 378540.727900000289083, 3437963.019400000572205 ], [ 378118.379300000146031, 3438110.506200002506375 ] ] ] } },
{ "type": "Feature", "properties": { "IMIS_CODE": "30722030015001000", "PARENT_CHA": "Rakh disty of MBL", "REMARKS": null, "ZONE_NAME": "Lahore", "CIRCLE_NAM": "DCC", "CHANNEL_NA": "Pattoki minor of Rakh Dy:", "CHANNEL_TY": "M", "DESIGNED_D": 21.0 }, "geometry": { "type": "MultiLineString", "coordinates": [ [ [ 391435.667700001038611, 3439087.989700004458427 ], [ 391384.058899999596179, 3438954.707300003618002 ], [ 391334.385200000368059, 3438748.370700001716614 ], [ 391280.890599998645484, 3438614.634000001475215 ], [ 391212.111700000241399, 3438461.792100001126528 ], [ 391184.343000002205372, 3438422.710200002416968 ], [ 391112.139700002036989, 3438318.934000000357628 ], [ 390889.313500000163913, 3438126.938999999314547 ], [ 390774.396800002083182, 3438048.459300003945827 ], [ 390741.32560000102967, 3438025.477900000289083 ], [ 390728.781900000758469, 3438017.252499999478459 ], [ 390727.109400001354516, 3438016.155799999833107 ], [ 390292.307300001382828, 3437721.927800003439188 ], [ 390160.418000000528991, 3437629.585300002247095 ], [ 389870.921299999579787, 3437431.109400002285838 ], [ 389398.0743000023067, 3437107.466599998995662 ], [ 389379.917500001378357, 3437095.04360000230372 ], [ 389372.489800000563264, 3437089.961400000378489 ], [ 388175.946600000374019, 3436248.236600002273917 ], [ 388093.746100001037121, 3436195.703299999237061 ], [ 388064.36710000038147, 3436165.689300002530217 ], [ 387957.410400002263486, 3436071.459400001913309 ], [ 387872.313900001347065, 3435998.00140000320971 ], [ 387709.772900000214577, 3435755.331700002774596 ], [ 387698.561700002290308, 3435736.93160000257194 ], [ 387671.395399999804795, 3435695.994200002402067 ], [ 387663.719899999909103, 3435681.528899999335408 ], [ 387604.087199999950826, 3435514.439200004562736 ], [ 387575.156499999575317, 3435436.798600001260638 ], [ 387486.593100001104176, 3435111.475600000470877 ], [ 387357.431000000797212, 3434637.082400001585484 ], [ 387016.622100001201034, 3433304.55800000205636 ], [ 387011.926000000908971, 3433290.71169999986887 ], [ 387011.803100001066923, 3433290.227000001817942 ], [ 387011.680100001394749, 3433289.742400001734495 ], [ 387011.557200001552701, 3433289.257800003513694 ] ] ] } },
{ "type": "Feature", "properties": { "IMIS_CODE": "30722030015002000", "PARENT_CHA": "Rakh disty of MBL", "REMARKS": null, "ZONE_NAME": "Lahore", "CIRCLE_NAM": "DCC", "CHANNEL_NA": "Warrior minor of Rakh Dy:", "CHANNEL_TY": "M", "DESIGNED_D": 19.0 }, "geometry": { "type": "MultiLineString", "coordinates": [ [ [ 388494.645100000314415, 3440076.20070000179112 ], [ 388457.136500000022352, 3439913.790200002491474 ], [ 388399.820800000801682, 3439764.769300000742078 ], [ 388323.39989999961108, 3439619.569500001147389 ], [ 388231.694700001738966, 3439512.580199999734759 ], [ 388029.179200001060963, 3439363.559299997985363 ], [ 387822.842700000852346, 3439233.643699999898672 ], [ 387391.064300000667572, 3438962.349400004372001 ], [ 387123.591000000014901, 3438798.044300001114607 ], [ 386986.033300001174212, 3438729.265500003471971 ], [ 386898.14919999986887, 3438652.844500001519918 ], [ 386806.444000001065433, 3438549.67620000243187 ], [ 386710.917799999937415, 3438389.192200001329184 ], [ 386542.791800000704825, 3438098.792600002139807 ], [ 386451.086600000038743, 3437938.308600001037121 ], [ 386309.707899999804795, 3437647.909000001847744 ], [ 386156.866000002250075, 3437330.76210000179708 ], [ 385843.54009999986738, 3436769.06810000166297 ], [ 384651.3733000010252, 3434545.218499999493361 ], [ 384391.54210000205785, 3434048.482300000265241 ] ] ] } },
{ "type": "Feature", "properties": { "IMIS_CODE": "30722030015003000", "PARENT_CHA": "Rakh disty of MBL", "REMARKS": null, "ZONE_NAME": "Lahore", "CIRCLE_NAM": "DCC", "CHANNEL_NA": "Halla minor of Rakh Dy:", "CHANNEL_TY": "M", "DESIGNED_D": 8.0 }, "geometry": { "type": "MultiLineString", "coordinates": [ [ [ 383201.085800001397729, 3440430.234900001436472 ], [ 383144.978099999949336, 3440666.629600001499057 ], [ 383102.487600000575185, 3440866.335000002756715 ], [ 383038.751800001598895, 3440993.806500000879169 ], [ 383004.759399999864399, 3441070.28940000012517 ], [ 382834.797400001436472, 3441210.508100001141429 ], [ 381232.905300000682473, 3442451.230900004506111 ], [ 381016.203700002282858, 3442621.192900000140071 ], [ 380918.47550000064075, 3442689.177800001576543 ], [ 380854.739800000563264, 3442723.170199999585748 ], [ 380765.509700001217425, 3442735.917300002649426 ], [ 380714.521100000478327, 3442731.668299999088049 ], [ 380596.837300000712276, 3442687.804600002244115 ], [ 380471.134200001135468, 3442574.738600000739098 ], [ 380470.759300000965595, 3442574.409000001847744 ] ] ] } },
{ "type": "Feature", "properties": { "IMIS_CODE": "30722030015004000", "PARENT_CHA": "Rakh disty of MBL", "REMARKS": null, "ZONE_NAME": "Lahore", "CIRCLE_NAM": "DCC", "CHANNEL_NA": "Ghuman minor of Rakh Dy:", "CHANNEL_TY": "M", "DESIGNED_D": 6.0 }, "geometry": { "type": "MultiLineString", "coordinates": [ [ [ 378118.379300000146031, 3438110.506200002506375 ], [ 378037.1402000002563, 3437968.877000004053116 ], [ 377995.108599999919534, 3437865.708700001239777 ], [ 377888.119300000369549, 3437735.793100003153086 ], [ 377475.446200001053512, 3437349.8673 ], [ 377041.342799998819828, 3436939.880799999460578 ] ] ] } },
{ "type": "Feature", "properties": { "IMIS_CODE": "30722030015005000", "PARENT_CHA": "Rakh disty of MBL", "REMARKS": null, "ZONE_NAME": "Lahore", "CIRCLE_NAM": "DCC", "CHANNEL_NA": "Montgomery minor of Rakh Dy:", "CHANNEL_TY": "M", "DESIGNED_D": 11.5 }, "geometry": { "type": "MultiLineString", "coordinates": [ [ [ 378118.379300000146031, 3438110.506200002506375 ], [ 377738.870800000615418, 3438282.960400000214577 ], [ 377244.111900000832975, 3438472.953700002282858 ], [ 376747.287399999797344, 3438678.709300000220537 ], [ 376531.494900000281632, 3438751.476600002497435 ], [ 376403.70240000076592, 3438795.364900000393391 ], [ 376283.082700000144541, 3438836.789899999275804 ], [ 376227.879900000989437, 3438846.826700001955032 ], [ 376165.149600000120699, 3438836.789899999275804 ], [ 376122.492900000885129, 3438811.697699999436736 ], [ 376084.854700000025332, 3438753.9858 ], [ 376059.762600000016391, 3438698.783100001513958 ], [ 376034.670400000177324, 3438668.672500001266599 ], [ 375926.774200000800192, 3438631.034299999475479 ], [ 375034.556300000287592, 3438298.6831 ], [ 374828.392599999904633, 3438226.633000001311302 ] ] ] } },
{ "type": "Feature", "properties": { "IMIS_CODE": "30722030016000000", "PARENT_CHA": "M.B.L of BRBD Link.", "REMARKS": null, "ZONE_NAME": "Lahore", "CIRCLE_NAM": "DCC", "CHANNEL_NA": "Maujoki disty of MBL", "CHANNEL_TY": "D", "DESIGNED_D": 57.0 }, "geometry": { "type": "MultiLineString", "coordinates": [ [ [ 406341.787800000049174, 3440233.792500004172325 ], [ 406299.245400001294911, 3440142.093100000172853 ], [ 406268.848000002093613, 3440091.430800003930926 ], [ 405843.284600000828505, 3439810.255000004544854 ], [ 405420.254400000907481, 3439498.681800000369549 ], [ 405536.777700000442564, 3439318.830600002780557 ], [ 405569.70820000115782, 3439268.168300000950694 ], [ 405567.175099999643862, 3439204.840500000864267 ], [ 405524.112100000493228, 3439128.847000000998378 ], [ 405058.018900000490248, 3438586.760400000959635 ], [ 404994.690999999642372, 3438204.259999999776483 ], [ 404895.899600001052022, 3437588.712999999523163 ], [ 404865.502200001850724, 3437527.918200001120567 ], [ 404746.44579999987036, 3437378.464400002732873 ], [ 404672.985399999655783, 3437256.874899998307228 ], [ 404647.65430000051856, 3437130.219100002199411 ], [ 404609.657500000670552, 3436988.364700000733137 ], [ 404558.995199999772012, 3436899.705600002780557 ], [ 404429.806400001980364, 3436729.986900003626943 ], [ 404277.81940000038594, 3436534.937100002542138 ], [ 404006.776100000366569, 3436215.764499999582767 ], [ 403781.328900000080466, 3435947.254300002008677 ], [ 403533.083599999547005, 3435650.87980000115931 ], [ 403484.954400000162423, 3435569.8202 ], [ 403457.090100000612438, 3435488.760500004515052 ], [ 403454.557000000961125, 3435417.83330000191927 ], [ 403472.288800000213087, 3435324.107999999076128 ], [ 403730.666600001044571, 3434630.034400003030896 ], [ 403842.123599999584258, 3434343.792400002479553 ], [ 404115.700100000016391, 3433599.056500000879169 ] ] ] } },
{ "type": "Feature", "properties": { "IMIS_CODE": "30722030016001000", "PARENT_CHA": "Maujoki disty of MBL", "REMARKS": null, "ZONE_NAME": "Lahore", "CIRCLE_NAM": "DCC", "CHANNEL_NA": "Maujoki minor No I of Maujoki Dy", "CHANNEL_TY": "M", "DESIGNED_D": 13.0 }, "geometry": { "type": "MultiLineString", "coordinates": [ [ [ 404115.700100000016391, 3433599.056500000879169 ], [ 404148.630599999800324, 3433512.930600002408028 ], [ 404217.024699999950826, 3433322.947000000625849 ], [ 404275.286300000734627, 3433188.6919 ], [ 404308.216799999587238, 3433046.837400000542402 ], [ 404318.349299999885261, 3432910.049199998378754 ], [ 404295.551300000399351, 3432760.5954 ], [ 404156.229900001548231, 3432466.754100002348423 ], [ 404027.041000000201166, 3432208.376299999654293 ], [ 403849.723000000230968, 3431853.740200001746416 ], [ 403697.736099999397993, 3431526.968299999833107 ], [ 403644.540599999949336, 3431433.243100000545382 ], [ 403606.543899999000132, 3431387.646999999880791 ], [ 403074.589700001291931, 3431035.544000001624227 ], [ 402631.294599999673665, 3430759.43440000154078 ], [ 402608.496499999426305, 3430723.970799999311566 ], [ 402491.973200000822544, 3430485.858000000938773 ], [ 402142.403300000354648, 3429837.380500001832843 ], [ 401810.565200000070035, 3429206.634800003841519 ], [ 401767.502300001680851, 3429077.445900002494454 ], [ 401714.306900001130998, 3428998.919400000944734 ], [ 401627.797200000844896, 3428947.384500000625849 ], [ 401564.422000001184642, 3428924.141400001943111 ] ] ] } },
{ "type": "Feature", "properties": { "IMIS_CODE": "30722030016002000", "PARENT_CHA": "Maujoki disty of MBL", "REMARKS": null, "ZONE_NAME": "Lahore", "CIRCLE_NAM": "DCC", "CHANNEL_NA": "Maujoki minor No IIof Maujoki Dy", "CHANNEL_TY": "M", "DESIGNED_D": 8.0 }, "geometry": { "type": "MultiLineString", "coordinates": [ [ [ 404115.700100000016391, 3433599.056500000879169 ], [ 403609.076999999582767, 3433421.738500002771616 ], [ 402704.754900000058115, 3433089.900400001555681 ], [ 402175.333799999207258, 3432910.049199998378754 ], [ 401566.857300000265241, 3432715.495400004088879 ], [ 401283.965900000184774, 3432625.044000001624227 ], [ 401283.489699999801815, 3432624.891699999570847 ] ] ] } },
{ "type": "Feature", "properties": { "IMIS_CODE": "30722030017000000", "PARENT_CHA": "M.B.L of BRBD Link.", "REMARKS": null, "ZONE_NAME": "Lahore", "CIRCLE_NAM": "DCC", "CHANNEL_NA": "Vahn disty of MBL", "CHANNEL_TY": "D", "DESIGNED_D": 234.0 }, "geometry": { "type": "MultiLineString", "coordinates": [ [ [ 402987.55320000089705, 3437842.951500004157424 ], [ 402022.684200000017881, 3437137.288700003176928 ], [ 400194.554500000551343, 3435799.796800004318357 ], [ 399455.237400000914931, 3435268.832599999383092 ], [ 398829.358300000429153, 3434813.584600001573563 ], [ 398664.04179999884218, 3434717.875100001692772 ], [ 398577.033200000412762, 3434670.020400002598763 ], [ 398281.203800002112985, 3434665.669900001958013 ], [ 397498.1261, 3434665.669900001958013 ], [ 397411.117400000803173, 3434683.071700001135468 ], [ 397332.809700001962483, 3434709.174200000241399 ], [ 397306.707100000232458, 3434709.174200000241399 ], [ 397179.837000000290573, 3434714.182200001552701 ], [ 396976.074300001375377, 3434722.225500002503395 ], [ 396645.441400000825524, 3434678.721200000494719 ], [ 396571.484100000932813, 3434652.618599999696016 ], [ 396380.065100001171231, 3434496.00310000218451 ], [ 395884.115800000727177, 3434130.566800002008677 ], [ 395505.628300000913441, 3433843.438300002366304 ], [ 395318.559700000099838, 3433699.874000001698732 ], [ 395205.448500000871718, 3433534.557600002735853 ], [ 395014.029500000178814, 3433208.275200003758073 ], [ 394792.157400000840425, 3432868.941500000655651 ], [ 394639.892300001345575, 3432642.719100000336766 ], [ 394565.934999999590218, 3432594.864299999549985 ], [ 394291.857800000347197, 3432381.693200001493096 ], [ 394033.587599999271333, 3432200.354600002989173 ], [ 393882.917200000956655, 3432094.564700001850724 ], [ 393543.846900000236928, 3431834.459700003266335 ], [ 393441.24650000128895, 3431752.379300002008677 ], [ 393312.263000001199543, 3431746.516500001773238 ], [ 392444.556200001388788, 3431705.476300001144409 ], [ 391430.277200001291931, 3431658.573200000450015 ], [ 391354.059700000099838, 3431649.778899999335408 ], [ 391137.13300000037998, 3431564.767000000923872 ], [ 390087.676800000481308, 3431122.119300000369549 ], [ 389351.663900000974536, 3430823.657400002703071 ], [ 389343.090500000864267, 3430820.180800002068281 ], [ 389023.563299999572337, 3430679.471599999815226 ], [ 388425.549100001342595, 3430442.024800000712276 ], [ 387745.454600001685321, 3430151.812000000849366 ], [ 387590.088200001977384, 3430087.320300001651049 ], [ 387379.024299999698997, 3429987.651200000196695 ], [ 387247.850599999539554, 3429936.821400001645088 ], [ 387144.50899999961257, 3429896.776499999687076 ], [ 386945.17090000025928, 3429782.450299998745322 ], [ 386646.163800001144409, 3429603.632300002500415 ], [ 386112.641400000080466, 3429222.5449 ], [ 386023.662800000049174, 3429160.6206 ], [ 385678.78800000064075, 3428920.606300003826618 ], [ 385242.003100000321865, 3428645.050799999386072 ], [ 384517.936900001019239, 3428173.088600000366569 ], [ 384151.506699999794364, 3427920.9846 ], [ 384096.648800000548363, 3426912.511700002476573 ], [ 384020.136400001123548, 3425753.895400002598763 ], [ 383927.228500000201166, 3424496.905899999663234 ] ] ] } },
{ "type": "Feature", "properties": { "IMIS_CODE": "30722030017001000", "PARENT_CHA": "Vahn disty of MBL", "REMARKS": null, "ZONE_NAME": "Lahore", "CIRCLE_NAM": "DCC", "CHANNEL_NA": "Rosa minor of Vahn Dy:", "CHANNEL_TY": "M", "DESIGNED_D": 66.7 }, "geometry": { "type": "MultiLineString", "coordinates": [ [ [ 394033.587599999271333, 3432200.354600002989173 ], [ 394029.664600000716746, 3432043.664900001138449 ], [ 393809.930200000293553, 3431185.65430000051856 ], [ 393765.988099999725819, 3431014.070900000631809 ], [ 393444.846800000406802, 3429667.747800003737211 ], [ 393439.531500000506639, 3429645.464199997484684 ], [ 393106.796799999661744, 3428477.754000000655651 ], [ 392830.564300001598895, 3427335.155800003558397 ], [ 392635.945899999700487, 3426519.0142 ], [ 392529.219699999317527, 3426393.4539 ], [ 392102.314899999648333, 3425771.930700000375509 ], [ 390576.75789999961853, 3423712.742800001055002 ], [ 389585.262099999934435, 3422325.903599999845028 ] ] ] } },
{ "type": "Feature", "properties": { "IMIS_CODE": "30722030017001010", "PARENT_CHA": "Rosa minor of Vahn Dy:", "REMARKS": null, "ZONE_NAME": "Lahore", "CIRCLE_NAM": "DCC", "CHANNEL_NA": "Rosa sub minor No I of Rosa Mr:", "CHANNEL_TY": "SM", "DESIGNED_D": 11.25 }, "geometry": { "type": "MultiLineString", "coordinates": [ [ [ 393809.930200000293553, 3431185.65430000051856 ], [ 394009.99870000127703, 3431170.2820999994874 ], [ 394299.888400000520051, 3431147.174900000914931 ], [ 394667.502200001850724, 3431128.269100001081824 ], [ 395062.424500000663102, 3431103.061300000175834 ], [ 395406.931200002320111, 3430903.499500002712011 ], [ 395793.450899999588728, 3430670.327300002798438 ], [ 396133.75620000064373, 3430493.872600000351667 ], [ 396308.110200000926852, 3430260.700400004163384 ], [ 396495.068099999800324, 3429895.187300004065037 ], [ 396511.873300000093877, 3429851.073599999770522 ], [ 396509.772600000724196, 3429777.550900001078844 ], [ 396476.162200001068413, 3429374.225999999791384 ], [ 396448.853799999691546, 3428872.170499999076128 ] ] ] } },
{ "type": "Feature", "properties": { "IMIS_CODE": "30722030017001020", "PARENT_CHA": "Rosa minor of Vahn Dy:", "REMARKS": null, "ZONE_NAME": "Lahore", "CIRCLE_NAM": "DCC", "CHANNEL_NA": "Rosa sub minor No II of Rosa Mr.", "CHANNEL_TY": "SM", "DESIGNED_D": 8.0 }, "geometry": { "type": "MultiLineString", "coordinates": [ [ [ 393444.846800000406802, 3429667.747800003737211 ], [ 394009.515500000678003, 3429037.63880000077188 ], [ 394742.222400001250207, 3428190.44649999961257 ], [ 395236.799499999731779, 3427631.757500000298023 ] ] ] } },
{ "type": "Feature", "properties": { "IMIS_CODE": "30722030017002000", "PARENT_CHA": "Vahn disty of MBL", "REMARKS": null, "ZONE_NAME": "Lahore", "CIRCLE_NAM": "DCC", "CHANNEL_NA": "Hunjra minor of Vahn Dy:", "CHANNEL_TY": "M", "DESIGNED_D": 25.0 }, "geometry": { "type": "MultiLineString", "coordinates": [ [ [ 387247.850599999539554, 3429936.821400001645088 ], [ 386685.470900001935661, 3430372.411100002005696 ], [ 386149.056499999947846, 3430799.798200001940131 ], [ 385913.557500000111759, 3430956.797500001266599 ], [ 385848.141100001521409, 3430974.241900004446507 ], [ 385726.030500002205372, 3430978.603000001981854 ], [ 384871.256299998611212, 3430921.908800000324845 ], [ 384251.981100000441074, 3430873.936699999496341 ], [ 383196.596599999815226, 3430777.992700001224875 ], [ 382978.541999999433756, 3430764.909400003030896 ], [ 382900.042300000786781, 3430764.909400003030896 ], [ 382799.737200000323355, 3430795.437099998816848 ], [ 382071.434700000099838, 3431091.991400003433228 ], [ 381626.603200000710785, 3431270.796200001612306 ], [ 380719.495900000445545, 3431628.405800001695752 ], [ 380060.970900001935661, 3431903.1546 ] ] ] } },
{ "type": "Feature", "properties": { "IMIS_CODE": "30722030017003000", "PARENT_CHA": "Vahn disty of MBL", "REMARKS": null, "ZONE_NAME": "Lahore", "CIRCLE_NAM": "DCC", "CHANNEL_NA": "Thatta Bulera minor of Vahn Dy:", "CHANNEL_TY": "M", "DESIGNED_D": 15.0 }, "geometry": { "type": "MultiLineString", "coordinates": [ [ [ 386023.662800000049174, 3429160.6206 ], [ 385802.064900000579655, 3429093.6162 ], [ 384614.598200000822544, 3428319.599400004372001 ], [ 384059.579800001345575, 3427937.7467 ], [ 382728.149800000712276, 3427060.993200000375509 ], [ 382375.793399999849498, 3426845.372100003063679 ] ] ] } },
{ "type": "Feature", "properties": { "IMIS_CODE": "30722030017004000", "PARENT_CHA": "Vahn disty of MBL", "REMARKS": null, "ZONE_NAME": "Lahore", "CIRCLE_NAM": "DCC", "CHANNEL_NA": "Vahn minor No I of Vahn Dy:", "CHANNEL_TY": "M", "DESIGNED_D": 14.0 }, "geometry": { "type": "MultiLineString", "coordinates": [ [ [ 389351.663900000974536, 3430823.657400002703071 ], [ 389383.014500001445413, 3430746.839199999347329 ], [ 389390.710200000554323, 3430706.821700001135468 ], [ 389387.631899999454618, 3430668.343200003728271 ], [ 389366.084000001661479, 3430634.482200004160404 ], [ 389033.630499999970198, 3430494.420800002291799 ], [ 388751.968399999663234, 3430374.368100000545382 ], [ 388685.785500001162291, 3430348.202800003811717 ], [ 388634.994000001810491, 3430314.341800004243851 ], [ 388610.36780000012368, 3430283.559000000357628 ], [ 388602.672200000844896, 3430242.002400001510978 ], [ 388593.437300000339746, 3430143.497600002214313 ], [ 388561.115500001236796, 3429675.599999999627471 ], [ 388538.02840000204742, 3429336.989900002256036 ], [ 388494.932599999941885, 3428670.543700000271201 ], [ 388451.83669999986887, 3428070.280300000682473 ], [ 388416.436600000597537, 3427477.712600002065301 ], [ 388384.114700000733137, 3426969.797500001266599 ], [ 388053.200299999676645, 3426681.97890000231564 ], [ 388007.527000001631677, 3426179.726099999621511 ] ] ] } },
{ "type": "Feature", "properties": { "IMIS_CODE": "30722030017005000", "PARENT_CHA": "Vahn disty of MBL", "REMARKS": "Abandent", "ZONE_NAME": "Lahore", "CIRCLE_NAM": "DCC", "CHANNEL_NA": "Vahn minor No III of Vahn Dy:", "CHANNEL_TY": "M", "DESIGNED_D": 8.0 }, "geometry": { "type": "MultiLineString", "coordinates": [ [ [ 383927.228500000201166, 3424496.905899999663234 ], [ 383737.242500001564622, 3424356.168200001120567 ], [ 383366.882900000549853, 3424004.899399999529123 ], [ 383126.340100000612438, 3423833.083100000396371 ], [ 382977.43269999884069, 3423665.084899999201298 ], [ 382916.342400001361966, 3423038.909900004044175 ] ] ] } },
{ "type": "Feature", "properties": { "IMIS_CODE": "30722030017006000", "PARENT_CHA": "Vahn disty of MBL", "REMARKS": null, "ZONE_NAME": "Lahore", "CIRCLE_NAM": "DCC", "CHANNEL_NA": "Vahn minor No IV of Vahn Dy:", "CHANNEL_TY": "M", "DESIGNED_D": 4.76 }, "geometry": { "type": "MultiLineString", "coordinates": [ [ [ 383927.228500000201166, 3424496.905899999663234 ], [ 384031.239300000481308, 3424379.077099999412894 ], [ 384046.511900000274181, 3424317.9868 ], [ 384061.784400001168251, 3424230.169600000604987 ], [ 384180.146800000220537, 3423924.718400003388524 ], [ 384497.052400002256036, 3423172.544800000265241 ], [ 384741.413399999961257, 3422634.187100002542138 ], [ 384848.321299999952316, 3422531.097300000488758 ], [ 384959.047300001606345, 3422477.64330000244081 ], [ 385127.0455, 3422386.007999999448657 ], [ 385256.862300001084805, 3422248.55489999987185 ], [ 385302.680000001564622, 3422214.191700000315905 ], [ 385302.974499999545515, 3422209.873000003397465 ] ] ] } },
{ "type": "Feature", "properties": { "IMIS_CODE": "30722040020000000", "PARENT_CHA": "BRBD Link Canal", "REMARKS": null, "ZONE_NAME": "Lahore", "CIRCLE_NAM": "DCC", "CHANNEL_NA": "M.B.L/Reverse of BRBD.", "CHANNEL_TY": "D", "DESIGNED_D": 20.0 }, "geometry": { "type": "MultiLineString", "coordinates": [ [ [ 453126.058500001206994, 3464449.562899999320507 ], [ 453151.789900001138449, 3464473.18920000270009 ], [ 453717.21680000051856, 3464992.357600001618266 ], [ 453885.812400001101196, 3465154.63150000013411 ], [ 455362.84330000076443, 3466576.279100002720952 ], [ 457131.795099999755621, 3468252.63230000063777 ] ] ] } },
{ "type": "Feature", "properties": { "IMIS_CODE": "30722040025000000", "PARENT_CHA": "BRBD Link Canal", "REMARKS": "Reverse (under construction)", "ZONE_NAME": "Lahore", "CIRCLE_NAM": "DCC", "CHANNEL_NA": "Bucherkana Disty Reverse", "CHANNEL_TY": "D", "DESIGNED_D": 70.0 }, "geometry": { "type": "MultiLineString", "coordinates": [ [ [ 453223.094900001771748, 3474681.7179000005126 ], [ 453223.276300000958145, 3474681.79280000180006 ], [ 453310.792200000956655, 3474717.929999999701977 ], [ 454016.931300001218915, 3475123.96000000089407 ], [ 454811.337700001895428, 3475588.834899999201298 ], [ 455235.021100000478327, 3475830.098999997600913 ], [ 455852.892800000496209, 3475906.59740000218153 ], [ 457138.65430000051856, 3476077.247700002044439 ], [ 457630.943900001235306, 3476143.945000002160668 ], [ 458050.750500000081956, 3476200.822000000625849 ], [ 458786.311999999918044, 3476292.031600000336766 ], [ 459601.314199999906123, 3476406.779200002551079 ], [ 459648.390100001357496, 3476427.375 ], [ 459863.174100001342595, 3476677.465900000184774 ], [ 460030.882099999114871, 3476880.480800000950694 ], [ 460095.611500001512468, 3476954.036999998614192 ], [ 460542.961900002323091, 3477244.791200000792742 ], [ 462667.458599999547005, 3478615.872100001201034 ], [ 463862.063700000755489, 3479410.0131 ], [ 464534.029100000858307, 3479640.789000004529953 ], [ 465389.257800000719726, 3479953.0154 ], [ 465572.520999999716878, 3480041.2533 ], [ 465721.846699999645352, 3480183.79140000231564 ] ] ] } },
{ "type": "Feature", "properties": { "IMIS_CODE": "31210000000000000", "PARENT_CHA": "Balloki H/W", "REMARKS": null, "ZONE_NAME": "Lahore", "CIRCLE_NAM": "Link Circle", "CHANNEL_NA": "B.S.Link-I", "CHANNEL_TY": "MC", "DESIGNED_D": 24500.0 }, "geometry": { "type": "MultiLineString", "coordinates": [ [ [ 391669.44060000218451, 3454559.817100001499057 ], [ 391886.739099999889731, 3453985.926000002771616 ], [ 392248.903400000184774, 3453356.317400000989437 ], [ 392822.794400000944734, 3452598.558300001546741 ], [ 393218.389200000092387, 3452097.10020000115037 ], [ 393769.993200000375509, 3451317.054099999368191 ], [ 393874.632600001059473, 3451145.146500000730157 ], [ 393926.002500001341105, 3451060.753200002014637 ], [ 393998.435300000943244, 3450854.598200002685189 ], [ 394327.168999999761581, 3449901.827600000426173 ], [ 394516.60880000051111, 3449411.512900004163384 ], [ 394873.20130000077188, 3448481.029400002211332 ], [ 395330.085400001145899, 3447277.529700001701713 ], [ 395513.9534, 3446809.502100002020597 ], [ 395630.960300002247095, 3446464.053099999204278 ], [ 395642.103800001554191, 3446218.895699998363853 ], [ 395619.816800000146031, 3445739.724600002169609 ], [ 395692.249699998646975, 3445110.11600000038743 ], [ 395831.54360000230372, 3444285.495800001546741 ], [ 396009.839900000952184, 3443182.287799997255206 ], [ 396176.992600000463426, 3442201.658399999141693 ], [ 396300.690900000743568, 3441521.317600000649691 ], [ 396321.858300001360476, 3441404.897100001573563 ], [ 396589.302699999883771, 3439789.087300002574921 ], [ 396697.959300000220537, 3439039.731200000271201 ], [ 396750.883600001223385, 3438674.735800001770258 ], [ 396979.32570000179112, 3437532.525400001555681 ], [ 397018.32799999974668, 3437175.932900000363588 ], [ 397146.478400000371039, 3436858.342800002545118 ], [ 397274.628900000825524, 3436663.331200001761317 ], [ 397352.633500000461936, 3436496.17850000038743 ], [ 397369.3487000009045, 3436251.021199999377131 ], [ 397280.200600000098348, 3435621.412500003352761 ], [ 397182.137700000777841, 3434807.935899998992682 ], [ 397179.837000000290573, 3434714.182200001552701 ], [ 397159.850699999369681, 3433899.739400003105402 ], [ 397141.074299999512732, 3433571.153600001707673 ], [ 397137.5636, 3433509.716400003060699 ], [ 397098.561300000175834, 3433047.260500002652407 ], [ 396959.267400000244379, 3431570.744699997827411 ], [ 396881.262799999676645, 3430712.69400000013411 ], [ 396741.968800000846386, 3429219.462900001555681 ], [ 396753.112300000153482, 3429018.879600001499057 ], [ 396764.255900000222027, 3428840.583399999886751 ], [ 396870.119199999608099, 3428417.12980000115931 ], [ 396992.697900000028312, 3427770.8059 ], [ 397237.855299999937415, 3426706.600200003013015 ], [ 397248.998800001107156, 3426600.736800001934171 ], [ 397221.140000000596046, 3426149.424400001764297 ], [ 397170.994200001470745, 3425274.658400001004338 ], [ 397165.422400001436472, 3424929.209400001913309 ], [ 397198.853000000119209, 3423112.816400002688169 ], [ 397209.99650000128895, 3422488.779600003734231 ], [ 397211.085099998861551, 3422084.889700001105666 ], [ 397215.568200000561774, 3420421.657400000840425 ], [ 397215.568200000561774, 3419329.592900002375245 ], [ 397243.427000001072884, 3417073.031000001356006 ], [ 397248.998800001107156, 3416421.135400000959635 ], [ 397293.572800000198185, 3416153.691000003367662 ], [ 397405.008000001311302, 3415769.239700002595782 ], [ 397572.160699999891222, 3415251.066299999132752 ], [ 397789.459300002083182, 3414654.88820000179112 ], [ 397889.750900000333786, 3414381.872099999338388 ], [ 397928.753200000151992, 3414164.5735 ], [ 397934.325000000186265, 3413874.842100001871586 ], [ 397867.463899999856949, 3413568.395400002598763 ], [ 397717.026400000788271, 3412955.502100000157952 ], [ 397606.956600001081824, 3412541.639799999073148 ], [ 397438.438500001095235, 3411908.011600002646446 ], [ 397221.140000000596046, 3411111.25029999949038 ], [ 397131.991900001652539, 3410810.375300001353025 ], [ 396931.408600001595914, 3410080.475100001320243 ], [ 396916.690200001001358, 3409948.009799998253584 ], [ 396903.549800000153482, 3409829.746000003069639 ], [ 396909.121600000187755, 3408888.118900001049042 ], [ 396886.834500000812113, 3408052.3553 ], [ 396877.345600000582635, 3406638.501900000497699 ], [ 396877.216799999587238, 3406619.315700003877282 ], [ 396875.690999999642372, 3406391.971500001847744 ], [ 396858.975700000301003, 3405400.198600001633167 ], [ 396839.584900001063943, 3404173.731000000610948 ], [ 396839.497399999760091, 3404168.197500001639128 ], [ 396839.442200000397861, 3404164.700200002640486 ], [ 396814.401700001209974, 3402580.889200001955032 ], [ 396797.6864, 3401221.380300000309944 ], [ 396794.589500001631677, 3401157.12019999884069 ], [ 396787.313000000081956, 3401006.13090000115335 ], [ 396775.399400001391768, 3400758.9244 ], [ 396775.399400001391768, 3400368.901399999856949 ], [ 396780.971100000664592, 3400196.176900001242757 ], [ 396847.832200000993907, 3399817.297299997881055 ], [ 396975.982600000686944, 3399176.545199999585748 ], [ 397126.420100001618266, 3398507.934299999848008 ], [ 397315.859899999573827, 3397605.309500001370907 ], [ 397438.438500001095235, 3397009.131400000303984 ], [ 397499.727900000289083, 3396646.967199999839067 ], [ 397508.153100000694394, 3396558.502699999138713 ], [ 397522.01490000076592, 3396412.953400000929832 ], [ 397505.299599999561906, 3395593.905000001192093 ], [ 397499.727900000289083, 3394657.849700001999736 ], [ 397527.586700000800192, 3394418.26410000026226 ], [ 397633.450100000016391, 3393476.637000000104308 ], [ 397672.452399999834597, 3392874.887200001627207 ], [ 397761.60050000064075, 3392094.841099999845028 ], [ 397789.459300002083182, 3391676.959299998357892 ], [ 397815.565600000321865, 3391399.407600002363324 ], [ 397895.322700000368059, 3390551.464200003072619 ], [ 397984.470800002105534, 3389765.846400000154972 ], [ 398023.47310000192374, 3389303.39049999974668 ], [ 398179.482300001196563, 3387771.1570999994874 ], [ 398196.197600000537932, 3387514.856300001963973 ], [ 398212.912899999879301, 3387325.416500002145767 ], [ 398268.630400001071393, 3387091.402699997648597 ], [ 398334.51659999974072, 3386888.675900001078844 ], [ 398341.063299999572337, 3386868.532400000840425 ], [ 398402.35259999986738, 3386695.807900000363588 ], [ 398435.783200000412762, 3386495.224600000306964 ], [ 398441.354899999685585, 3386261.210800001397729 ], [ 398435.783200000412762, 3386071.771000001579523 ], [ 398352.206800000742078, 3385687.319700002670288 ], [ 398274.202200001105666, 3385509.023499999195337 ], [ 398168.338800000026822, 3385336.299000000581145 ], [ 398056.903599998913705, 3385163.574500000104308 ], [ 398006.757799999788404, 3385052.139300001785159 ], [ 397928.753200000151992, 3384873.843099998310208 ], [ 397873.035600000992417, 3384695.546900000423193 ], [ 397834.033300001174212, 3384411.387200003489852 ], [ 397739.313500000163913, 3383787.350300000980496 ], [ 397661.308799999766052, 3383269.176900001242757 ], [ 397477.440800000913441, 3382149.253600003197789 ], [ 397427.294999999925494, 3381787.089299999177456 ], [ 397310.288099999539554, 3380990.328000001609325 ], [ 397221.140000000596046, 3380550.159099999815226 ], [ 397031.700199999846518, 3379341.087700003758073 ], [ 396942.55210000090301, 3378856.344700001180172 ], [ 396842.260499999858439, 3378260.166700001806021 ], [ 396758.684100000187755, 3377797.710800001397729 ], [ 396580.387800000607967, 3376750.220300000160933 ], [ 396519.098500000312924, 3376349.053799998015165 ], [ 396468.9527000002563, 3376053.750600004568696 ], [ 396435.522099999710917, 3375903.313100002706051 ], [ 396418.806900001130998, 3375786.306200001388788 ], [ 396441.09389999974519, 3375580.15120000205934 ], [ 396496.71860000025481, 3375302.027800001204014 ] ] ] } },
{ "type": "Feature", "properties": { "IMIS_CODE": "31210000000001000", "PARENT_CHA": "Rakh disty of MBL", "REMARKS": null, "ZONE_NAME": "Lahore", "CIRCLE_NAM": "DCC", "CHANNEL_NA": "Pattoki Lift channel of BS. Link", "CHANNEL_TY": "D", "DESIGNED_D": 17.53 }, "geometry": { "type": "MultiLineString", "coordinates": [ [ [ 393255.497499999590218, 3439524.942600002512336 ], [ 393222.80460000038147, 3439301.218400001525879 ], [ 393097.369099999777973, 3438992.454 ], [ 392798.253500000573695, 3438461.765100000426173 ], [ 392557.031299999915063, 3438056.5118000023067 ], [ 392474.824100001715124, 3437884.23760000243783 ], [ 392470.031600001268089, 3437778.802699999883771 ], [ 392503.578999999910593, 3437658.990399999544024 ], [ 392565.881500001065433, 3437467.290600003674626 ], [ 392585.0514000011608, 3437342.685800002887845 ], [ 392570.673999999649823, 3437237.250900004059076 ], [ 392474.824100001715124, 3436983.248700002208352 ], [ 392101.009500000625849, 3436178.1097 ], [ 391842.214900000020862, 3435588.632900001481175 ], [ 391708.025000000372529, 3435334.630699999630451 ], [ 391578.627700001001358, 3435157.308399999514222 ], [ 391474.377300000749528, 3435079.514200001955032 ], [ 391290.367200000211596, 3434999.509800001978874 ], [ 390970.349600000306964, 3434903.504499999806285 ], [ 390182.306300000287592, 3434655.490900000557303 ], [ 389370.261700000613928, 3434411.47749999910593 ], [ 389186.251600000075996, 3434323.472600003704429 ], [ 389098.246800000779331, 3434227.467399999499321 ], [ 388941.99930000025779, 3434044.390000004321337 ], [ 388905.770400000736117, 3434006.246400002390146 ], [ 388905.509600002318621, 3434005.81980000436306 ] ] ] } },
{ "type": "Feature", "properties": { "IMIS_CODE": "31211000000000000", "PARENT_CHA": "B.S.Link-I", "REMARKS": null, "ZONE_NAME": "Lahore", "CIRCLE_NAM": "Link Circle", "CHANNEL_NA": "B.S. Link-II", "CHANNEL_TY": "MC", "DESIGNED_D": 9000.0 }, "geometry": { "type": "MultiLineString", "coordinates": [ [ [ 397141.074299999512732, 3433571.153600001707673 ], [ 397254.989000000990927, 3433483.421800004318357 ], [ 397332.066100001335144, 3433234.0548 ], [ 397318.464200002141297, 3432971.085900003090501 ], [ 397241.387199999764562, 3432322.731699999421835 ], [ 397082.699099999852479, 3430930.81050000153482 ], [ 397028.291699999943376, 3430323.2618000023067 ], [ 396951.214599999599159, 3429502.617700001224875 ], [ 396933.078900001943111, 3429112.698400003835559 ], [ 396937.612800001166761, 3428917.738800002261996 ], [ 397087.233000001870096, 3428174.171700000762939 ], [ 397186.979800000786781, 3427716.243200000375509 ], [ 397332.066100001335144, 3426990.812000002712011 ], [ 397395.541299999691546, 3426700.639499999582767 ], [ 397404.609199999831617, 3426369.661499999463558 ], [ 397341.134000001475215, 3425607.958700003102422 ], [ 397336.600000000558794, 3424964.138399999588728 ], [ 397327.532100001350045, 3424483.540200000628829 ], [ 397327.532100001350045, 3424012.009900003671646 ], [ 397313.93030000012368, 3423028.143699999898672 ], [ 397304.862400000914931, 3422796.912499999627471 ], [ 397291.260599999688566, 3421912.793199997395277 ], [ 397304.862400000914931, 3420829.180200001224875 ], [ 397313.93030000012368, 3420094.681099999696016 ], [ 397332.066100001335144, 3418194.958000002428889 ], [ 397341.134000001475215, 3416834.774400003254414 ], [ 397354.735799999907613, 3416385.913800001144409 ], [ 397404.609199999831617, 3416073.071600001305342 ], [ 397699.315600000321865, 3415229.757700001820922 ], [ 397912.411100000143051, 3414635.810900004580617 ], [ 397989.488099999725819, 3414318.434699999168515 ], [ 398025.759700000286102, 3413937.58330000191927 ], [ 397998.556000001728535, 3413733.555700000375509 ], [ 397935.080800000578165, 3413443.383200000971556 ], [ 397721.985399999655783, 3412559.263900000602007 ], [ 397481.686300000175834, 3411679.67850000038743 ], [ 397286.726599999703467, 3410954.247199999168515 ], [ 397150.708200000226498, 3410419.241699999198318 ], [ 397041.893600000068545, 3410097.331599997356534 ], [ 397001.088000001385808, 3409689.276500001549721 ], [ 397005.622000002302229, 3409331.094800001010299 ], [ 397001.088000001385808, 3408664.604800002649426 ], [ 396964.816499999724329, 3407104.9276 ], [ 396960.28249999973923, 3406977.97719999961555 ], [ 396960.28249999973923, 3406649.656700000166893 ], [ 396960.28249999973923, 3405907.966 ], [ 396946.680700000375509, 3404765.411800002679229 ], [ 396919.476999999955297, 3402534.710700001567602 ], [ 396901.341300001367927, 3400421.892200002446771 ], [ 396901.341300001367927, 3400213.330700002610683 ], [ 397345.667900000698864, 3398027.969000002369285 ], [ 397558.763299999758601, 3397062.238600002601743 ], [ 397617.704600000753999, 3396726.726700002327561 ], [ 397644.908300001174212, 3395770.064200000837445 ], [ 397617.704600000753999, 3394709.121000003069639 ], [ 397681.17989999987185, 3393965.553999999538064 ], [ 397726.5193000016734, 3393552.964900001883507 ], [ 397876.139499999582767, 3391889.007000001147389 ], [ 397948.682599999941885, 3391299.594100000336766 ], [ 398089.234900000505149, 3389826.061799999326468 ], [ 398161.778099999763072, 3389091.562699999660254 ], [ 398306.864299999549985, 3387622.564400004222989 ], [ 398343.135900000110269, 3387341.459800001233816 ], [ 398429.280799999833107, 3387001.413900000974536 ], [ 398459.419599999673665, 3386922.299500001594424 ], [ 398501.824000000953674, 3386810.988199999555945 ], [ 398560.765299999155104, 3386570.689099999144673 ], [ 398565.299200001172721, 3386289.584500001743436 ], [ 398542.629500000737607, 3386003.945900002494454 ], [ 398483.688200001604855, 3385677.501800000667572 ], [ 398411.145100001245737, 3385455.338500002399087 ], [ 398179.913800000213087, 3385079.020999999716878 ], [ 398102.836800000630319, 3384947.536600003018975 ], [ 398025.759700000286102, 3384816.052200000733137 ], [ 397975.886300000362098, 3384698.169600002467632 ], [ 397948.682599999941885, 3384439.734700001776218 ], [ 397898.809200000017881, 3383972.738399999216199 ], [ 397799.062400001101196, 3383410.529200000688434 ], [ 397676.645899999886751, 3382558.147399997338653 ], [ 397644.908300001174212, 3382399.459300000220537 ], [ 397545.161500000394881, 3381732.969399999827147 ], [ 397449.948600000701845, 3381152.624400002881885 ], [ 397332.066100001335144, 3380354.650000002235174 ], [ 397300.3284, 3380155.156400000676513 ], [ 397060.02930000051856, 3378636.284700002521276 ], [ 396937.612800001166761, 3378087.677300002425909 ], [ 396901.341300001367927, 3377865.513999998569489 ], [ 396719.983400002121925, 3376886.181800000369549 ], [ 396647.440299999900162, 3376523.466099999845028 ], [ 396647.440299999900162, 3376305.836800001561642 ], [ 396670.110000000335276, 3375947.655100002884865 ], [ 396706.38160000089556, 3375666.550499999895692 ], [ 396744.24620000179857, 3375343.245400000363588 ] ] ] } }
]
}
