{
"type": "FeatureCollection",
"name": "ryk-irri-network-geoJs",
"crs": { "type": "name", "properties": { "name": "urn:ogc:def:crs:EPSG::32643" } },
"features": [
{ "type": "Feature", "properties": { "IMIS_CODE": "31110000000000000", "PARENT_CHA": "Punjnad H/W", "REMARKS": null, "ZONE_NAME": "Bahawalpur", "CIRCLE_NAM": "Bahawalpur", "CHANNEL_NA": "Abbassia Link Canal", "CHANNEL_TY": "MC", "DESIGNED_D": 5600.0 }, "geometry": { "type": "MultiLineString", "coordinates": [ [ [ 114087.169100000523031, 3252725.941600000485778 ], [ 114325.579400000162423, 3252537.520600002259016 ], [ 114483.237800001166761, 3252360.635500000789762 ], [ 114606.288200001232326, 3252183.750500001013279 ], [ 114787.018600000999868, 3251983.793400000780821 ], [ 115010.047600001096725, 3251803.063100000843406 ], [ 115371.508300001733005, 3251580.034100003540516 ], [ 115659.907900000922382, 3251376.231800001114607 ], [ 115882.936800001189113, 3251130.130800001323223 ], [ 116052.13120000064373, 3250841.731300003826618 ], [ 116113.656500000506639, 3250661.000899998471141 ], [ 116179.027000001631677, 3250249.550899999216199 ], [ 116159.800400000065565, 3249980.378000002354383 ], [ 116074.562300000339746, 3248276.257200002670288 ], [ 116079.689400000497699, 3247845.580600002780557 ], [ 116238.629599999636412, 3246953.464700002223253 ], [ 116361.680100001394749, 3246112.619800001382828 ], [ 116500.111800001002848, 3245292.283399997279048 ], [ 116648.797800000756979, 3244451.438500002026558 ], [ 116761.594100000336766, 3244107.92259999923408 ], [ 117217.906200001016259, 3243077.375 ], [ 117694.726800000295043, 3241934.031000001356006 ], [ 117976.717500001192093, 3241108.567500002682209 ], [ 118099.767900001257658, 3240739.416100000962615 ], [ 118140.784799999557436, 3240442.044100003316998 ], [ 118099.767900001257658, 3239611.453400000929832 ], [ 118079.259499999694526, 3237683.662800002843142 ], [ 117935.700600000098348, 3237273.494600001722574 ], [ 117356.338000000454485, 3236022.481500003486872 ], [ 117351.210900000296533, 3235432.86460000090301 ], [ 117284.558600001037121, 3233761.429100003093481 ], [ 117033.330500000156462, 3233028.2533999979496 ], [ 116946.169800001196563, 3232659.102000001817942 ], [ 116900.025899999774992, 3230972.28520000167191 ], [ 116807.737999999895692, 3227573.016000000759959 ], [ 116746.212800000794232, 3225055.6085 ], [ 116715.450200000777841, 3223871.2478 ], [ 116638.543600000441074, 3221317.9506 ], [ 116597.526800001040101, 3219077.406600000336766 ], [ 116571.891300001181662, 3218236.561800003051758 ], [ 116177.104399999603629, 3216534.363600000739098 ], [ 116095.070700000040233, 3212648.01969999819994 ], [ 116023.291300000622869, 3210048.578600000590086 ], [ 115997.655800001695752, 3209053.9206000007689 ], [ 115972.020300001837313, 3207956.720599999651313 ], [ 116074.562300000339746, 3207356.849600002169609 ], [ 116556.509999999776483, 3205336.77110000140965 ], [ 116941.042700001038611, 3203706.352400001138449 ], [ 117048.711799999698997, 3203250.040200002491474 ], [ 117064.093200000934303, 3202834.744900001212955 ], [ 117007.695000000298023, 3202188.729900000616908 ], [ 116951.296900001354516, 3201958.010299999266863 ], [ 116869.263299999758601, 3201758.053300004452467 ], [ 116782.102500000037253, 3201552.969200003892183 ], [ 116602.653900001198053, 3201311.995400002226233 ], [ 115002.997800000943244, 3199881.533699998632073 ], [ 114715.880100001581013, 3199604.670100001618266 ], [ 114603.083800002001226, 3199435.475700000301003 ], [ 114521.050200000405312, 3199271.408399999141693 ], [ 114474.906200000084937, 3199122.72240000218153 ], [ 114362.110000001266599, 3198758.698100000619888 ], [ 113854.526800000108778, 3197077.008400000631809 ], [ 113377.706200000829995, 3195461.971000000834465 ], [ 112864.995900000445545, 3193811.0439000017941 ], [ 112383.048299999907613, 3192216.51490000076592 ], [ 112259.997800000011921, 3191985.79530000127852 ], [ 111608.855800000950694, 3190883.4682 ], [ 111285.848300000652671, 3190632.240199999883771 ], [ 110183.521200002171099, 3189791.395300002768636 ], [ 109891.276300000958145, 3189550.421499997377396 ], [ 108999.160400000400841, 3188853.135500002652407 ], [ 108737.493900001980364, 3188691.378000002354383 ], [ 108717.169800001196563, 3188678.814000001177192 ], [ 108491.577199999243021, 3188571.144799999892712 ], [ 108132.679999999701977, 3188319.916799999773502 ], [ 107778.909900000318885, 3188073.815899999812245 ], [ 107645.605299999937415, 3187991.782200001180172 ] ] ] } },
{ "type": "Feature", "properties": { "IMIS_CODE": "31110000001000000", "PARENT_CHA": "Abbassia Canal", "REMARKS": null, "ZONE_NAME": "Bahawalpur", "CIRCLE_NAM": "Bahawalpur", "CHANNEL_NA": "6-R/AC Disty", "CHANNEL_TY": "D", "DESIGNED_D": 19.0 }, "geometry": { "type": "MultiLineString", "coordinates": [ [ [ 107645.605299999937415, 3187991.782200001180172 ], [ 107634.45610000193119, 3188154.558200001716614 ], [ 107537.96889999974519, 3188251.045400001108646 ], [ 107426.63750000204891, 3188406.909399999305606 ], [ 107344.994500000961125, 3188555.351199997588992 ], [ 107359.838699999265373, 3188740.903599999845028 ], [ 107367.260800001211464, 3188919.0337999984622 ], [ 107367.260800001211464, 3189060.05350000038743 ], [ 107330.150299999862909, 3189223.339600000530481 ], [ 107352.416600000113249, 3189407.964099999517202 ], [ 107346.850000000558794, 3189508.162400001659989 ], [ 107346.850000000558794, 3189641.760100001469254 ], [ 107408.082299999892712, 3189786.490900000557303 ], [ 107435.915100000798702, 3189920.088499998673797 ], [ 107458.181400001049042, 3189998.020500000566244 ], [ 107458.181400001049042, 3190087.08559999987483 ], [ 107419.215400000102818, 3190148.317900000140071 ], [ 107352.416600000113249, 3190203.983600001782179 ], [ 107202.119199999608099, 3190309.748399998992682 ], [ 107085.221200001426041, 3190387.680400000885129 ], [ 106940.490399999544024, 3190432.212899999693036 ], [ 106773.493400000967085, 3190465.612299999222159 ], [ 106337.909300002269447, 3190517.798900000751019 ], [ 105657.396200000308454, 3190638.871799999848008 ], [ 105440.299999998882413, 3190609.647299999371171 ], [ 105333.261199999600649, 3190574.052899999544024 ] ] ] } },
{ "type": "Feature", "properties": { "IMIS_CODE": "31110000002000000", "PARENT_CHA": "Abbassia Canal", "REMARKS": null, "ZONE_NAME": "Bahawalpur", "CIRCLE_NAM": "Bahawalpur", "CHANNEL_NA": "7-R/AC Disty", "CHANNEL_TY": "D", "DESIGNED_D": 127.0 }, "geometry": { "type": "MultiLineString", "coordinates": [ [ [ 107645.605299999937415, 3187991.782200001180172 ], [ 107645.439299998804927, 3187991.608800001442432 ], [ 107392.716400001198053, 3187727.6546 ], [ 106897.431300001218915, 3187334.842299997806549 ], [ 106530.237100000493228, 3187018.884500002488494 ], [ 106222.818799999542534, 3186831.017800001427531 ], [ 105787.309500000439584, 3186578.038100000470877 ], [ 105640.004900000989437, 3186488.374399999156594 ], [ 105518.318400000222027, 3186366.687999999150634 ], [ 105383.822900000959635, 3186193.765100002288818 ], [ 104941.909000000916421, 3185835.110400002449751 ], [ 103843.528900001198053, 3184969.695800000801682 ], [ 103074.9831000007689, 3184359.662500003352761 ], [ 102897.256799999624491, 3184253.987400000914931 ], [ 102796.385200000368059, 3184244.38060000166297 ], [ 102474.556599999777973, 3184249.184000002220273 ], [ 101533.087900000624359, 3184306.824899999424815 ], [ 101129.601400000974536, 3184311.628400001674891 ], [ 100543.585100000724196, 3183965.782700000330806 ], [ 98948.852500000968575, 3183043.527699999511242 ], [ 98228.340700000524521, 3182577.596800001338124 ], [ 96388.634100000374019, 3181501.632600001990795 ], [ 95110.926600000821054, 3180766.710600001737475 ], [ 93569.031500000506639, 3179844.455600002780557 ], [ 93343.271099998615682, 3179782.011200003325939 ], [ 92896.55379999987781, 3179690.746400000527501 ], [ 92425.819500001147389, 3179556.250900000333786 ], [ 92291.324000000953674, 3179522.627000002190471 ], [ 92156.828500001691282, 3179412.148500001057982 ], [ 91714.914599999785423, 3179013.46539999730885 ], [ 91479.547399999573827, 3178773.294800003990531 ], [ 91383.479200001806021, 3178710.850400002673268 ], [ 90658.164000001735985, 3178369.808200003579259 ], [ 88467.808300000615418, 3177317.861099999397993 ], [ 87977.860399999655783, 3177077.690500004217029 ], [ 87915.416000001132488, 3177010.442700002342463 ], [ 87170.887199999764562, 3176016.136500000953674 ], [ 86911.503000000491738, 3175655.88060000166297 ] ] ] } },
{ "type": "Feature", "properties": { "IMIS_CODE": "31110000002001000", "PARENT_CHA": "7-R/AC Disty", "REMARKS": null, "ZONE_NAME": "Bahawalpur", "CIRCLE_NAM": "Bahawalpur", "CHANNEL_NA": "1-R/7-R Minor", "CHANNEL_TY": "M", "DESIGNED_D": 37.0 }, "geometry": { "type": "MultiLineString", "coordinates": [ [ [ 98228.340700000524521, 3182577.596800001338124 ], [ 97910.81290000025183, 3183108.668600004166365 ], [ 97668.939399999566376, 3183517.550100000575185 ], [ 97611.350400001741946, 3183638.486800001934171 ], [ 97496.172600000165403, 3183678.799100002273917 ], [ 96522.919400000013411, 3183701.834700003266335 ], [ 95526.630700000561774, 3183713.35249999910593 ], [ 94985.294700001366436, 3183713.35249999910593 ], [ 94639.760999999940395, 3183673.040200004354119 ], [ 94495.788700001314282, 3183626.969100000336766 ], [ 94380.610800001770258, 3183540.585600001737475 ], [ 94294.227400000207126, 3183500.273400001227856 ], [ 94213.602900001220405, 3183500.273400001227856 ], [ 94012.041600000113249, 3183540.585600001737475 ], [ 93718.338000001385808, 3183609.692400000989437 ], [ 93597.401200001128018, 3183626.969100000336766 ], [ 93511.017800000496209, 3183632.727900000289083 ], [ 93430.393299999646842, 3183603.933499999344349 ], [ 91944.598600000143051, 3182653.715900000184774 ], [ 91483.887000001035631, 3182331.217900002375245 ], [ 90418.491600000299513, 3181680.462799999862909 ], [ 90286.036999999545515, 3181617.115000002086163 ], [ 90170.859100000932813, 3181513.454900000244379 ], [ 90107.511300001293421, 3181438.589300001040101 ] ] ] } },
{ "type": "Feature", "properties": { "IMIS_CODE": "31110000003000000", "PARENT_CHA": "Abbassia Canal", "REMARKS": null, "ZONE_NAME": "Bahawalpur", "CIRCLE_NAM": "Bahawalpur", "CHANNEL_NA": "1-L/AC Disty", "CHANNEL_TY": "D", "DESIGNED_D": 411.0 }, "geometry": { "type": "MultiLineString", "coordinates": [ [ [ 107645.605299999937415, 3187991.782200001180172 ], [ 107645.627100000157952, 3187991.628100000321865 ], [ 107669.922500001266599, 3187819.716000003740191 ], [ 107669.922500001266599, 3187558.536400001496077 ], [ 107636.43790000025183, 3187277.265900000929832 ], [ 107602.953300000168383, 3187039.525500003248453 ], [ 107388.652000000700355, 3185927.837600002065301 ], [ 107378.60670000128448, 3185824.035399999469519 ], [ 107502.49959999974817, 3185267.772900000214577 ], [ 107633.089400000870228, 3184672.584599999710917 ], [ 107640.623499999754131, 3184584.687600001692772 ], [ 107700.89570000115782, 3183534.946200001984835 ], [ 107733.543100001290441, 3183118.063200000673532 ], [ 107761.167899999767542, 3182419.909800000488758 ], [ 107839.019600000232458, 3181510.803599998354912 ], [ 107904.314500001259148, 3180398.2787000015378 ], [ 107883.386599999852479, 3179828.622300002723932 ], [ 107806.372100001201034, 3178726.979800002649426 ], [ 107779.177299999631941, 3178311.640800001099706 ], [ 107732.706000000238419, 3177601.898100001737475 ], [ 107736.05449999962002, 3177491.399000002071261 ], [ 107756.145200002007186, 3177387.596799999475479 ], [ 107786.281400000676513, 3177313.930800000205636 ], [ 107923.568100000731647, 3177089.584100002422929 ], [ 108462.669800001196563, 3176279.257400000467896 ], [ 108740.591699999757111, 3175850.654899999499321 ], [ 108749.66200000140816, 3175833.145399998873472 ], [ 108758.055500000715256, 3175815.301600001752377 ], [ 108765.759900000877678, 3175797.149600001052022 ], [ 108772.763900000602007, 3175778.716000001877546 ], [ 108779.057199999690056, 3175760.027799999341369 ], [ 108784.630599999800324, 3175741.112500000745058 ], [ 108789.47590000089258, 3175721.997600000351667 ], [ 108793.586100000888109, 3175702.711400000378489 ], [ 108796.955000001937151, 3175683.281900003552437 ], [ 108799.577900000847876, 3175663.737800000235438 ], [ 108801.450700000859797, 3175644.107600001618266 ], [ 108802.570799998939037, 3175624.420100001618266 ], [ 108802.936600001528859, 3175604.704100001603365 ], [ 108802.547500000335276, 3175584.988600000739098 ], [ 108801.404099999926984, 3175565.302400000393391 ], [ 108799.50800000037998, 3175545.6744 ], [ 108796.861999999731779, 3175526.133400002494454 ], [ 108793.470000000670552, 3175506.707900000736117 ], [ 108789.337100000120699, 3175487.4265 ], [ 108784.469099999405444, 3175468.317500002682209 ], [ 108778.873300000093877, 3175449.408700002357364 ], [ 108772.557900000363588, 3175430.728000001981854 ], [ 108765.532100002281368, 3175412.302800001576543 ], [ 108757.806200001388788, 3175394.159900000318885 ], [ 108749.391600001603365, 3175376.325999999418855 ], [ 108740.300599999725819, 3175358.827299999073148 ], [ 108730.546400000341237, 3175341.689300002530217 ], [ 108452.624400001019239, 3175016.889000002294779 ], [ 108034.067200001329184, 3174504.574999999254942 ], [ 107719.312199999578297, 3174142.941600002348423 ], [ 107571.980100001208484, 3173992.261 ], [ 107441.390200002118945, 3173888.458800002932549 ], [ 106684.638799999840558, 3173419.67480000294745 ], [ 106470.337600001133978, 3173282.388000002130866 ], [ 106453.398800001479685, 3173269.68440000154078 ], [ 106436.929800000973046, 3173256.377399999648333 ], [ 106420.952200001105666, 3173242.484200000762939 ], [ 106405.486900000832975, 3173228.022900002077222 ], [ 106390.553899999707937, 3173213.012599997222424 ], [ 106376.172800000756979, 3173197.47270000167191 ], [ 106362.362399999983609, 3173181.423500001430511 ], [ 106349.140600001439452, 3173164.886 ], [ 106336.524699999950826, 3173147.881800003349781 ], [ 106324.531200001016259, 3173130.433000000193715 ], [ 106313.175800000317395, 3173112.562400000169873 ], [ 106302.473199999891222, 3173094.293299999088049 ], [ 106292.437400001101196, 3173075.649599999189377 ], [ 106283.081600001081824, 3173056.655600002035499 ], [ 106274.417799999937415, 3173037.336100002750754 ], [ 106266.457499999552965, 3173017.7162000015378 ], [ 106259.21100000012666, 3172997.821699997410178 ], [ 106252.687800002284348, 3172977.678400000557303 ], [ 106035.038099999539554, 3172220.926999999210238 ], [ 105810.691500000655651, 3171460.827099999412894 ], [ 105603.087100000120699, 3170831.317099999636412 ], [ 105596.557400002144277, 3170812.976099999621511 ], [ 105589.332000002264977, 3170794.89780000410974 ], [ 105581.421400000341237, 3170777.108700001612306 ], [ 105572.837199999950826, 3170759.634700000286102 ], [ 105563.591900000348687, 3170742.501299999654293 ], [ 105553.699000000022352, 3170725.733400003984571 ], [ 105543.172900001518428, 3170709.355599999427795 ], [ 105532.029100000858307, 3170693.391800003126264 ], [ 105520.283699999563396, 3170677.865200001746416 ], [ 105507.953800001181662, 3170662.798499999567866 ], [ 105495.057599999941885, 3170648.21369999833405 ], [ 105481.613800002261996, 3170634.132000001147389 ], [ 105467.641900001093745, 3170620.574100002646446 ], [ 105453.162500000558794, 3170607.559599999338388 ], [ 105438.196600000374019, 3170595.107699997723103 ], [ 105422.766000001691282, 3170583.236300000920892 ], [ 105406.893400000408292, 3170571.962999999523163 ], [ 105390.601800000295043, 3170561.304100003093481 ], [ 105373.914900002069771, 3170551.275100000202656 ], [ 105356.857300000265241, 3170541.890700001269579 ], [ 105339.453700001351535, 3170533.16469999961555 ], [ 105321.729500001296401, 3170525.1097 ], [ 105303.710600000806153, 3170517.737400000914931 ], [ 105285.423300000838935, 3170511.058700000867248 ], [ 105266.894299999810755, 3170505.0833 ], [ 105248.150600001215935, 3170499.819900000467896 ], [ 105154.393800000660121, 3170466.33530000038445 ], [ 104909.956400000490248, 3170466.33530000038445 ], [ 104086.23589999973774, 3170493.122900001704693 ], [ 103085.047100001014769, 3170523.259099999442697 ], [ 102077.161399999633431, 3170556.743599999696016 ], [ 101062.57880000025034, 3170596.925100004300475 ], [ 100934.239400000311434, 3170587.581900000572205 ], [ 100900.909600000828505, 3170589.082600001245737 ], [ 100281.910799999721348, 3170616.953400000929832 ], [ 99399.502500001341105, 3170640.29759999923408 ], [ 99264.106599999591708, 3170642.631999999284744 ], [ 99159.058000001125038, 3170616.953400000929832 ], [ 98839.243300001136959, 3170479.223100000992417 ], [ 98250.971100001595914, 3170220.103199999779463 ], [ 97896.140300001949072, 3170080.0384 ], [ 97802.763700000941753, 3170063.697499999776483 ], [ 97669.702200001105666, 3170066.031899999827147 ], [ 97543.643799998797476, 3170063.697499999776483 ], [ 97072.092300000600517, 3170082.3728 ], [ 96311.073499999940395, 3170101.048100002110004 ], [ 95309.207499998621643, 3170134.685200002044439 ], [ 94980.457800001837313, 3170147.736300002783537 ], [ 94112.05599999986589, 3170168.746099999174476 ], [ 93878.614700000733137, 3170178.083700001239777 ], [ 93743.218700000084937, 3170245.781700002029538 ], [ 93206.303599999286234, 3170530.580200001597404 ], [ 92547.998999999836087, 3170897.083099998533726 ], [ 91737.957499999552965, 3171356.962500002235174 ], [ 91608.440800001844764, 3171422.628700001165271 ], [ 89289.935899999924004, 3171134.890600001439452 ], [ 89162.667200000956655, 3171118.290400000289083 ], [ 87914.125199999660254, 3170921.229699997231364 ], [ 87245.083499999716878, 3170835.21000000089407 ], [ 86069.481600000523031, 3170679.100299999117851 ] ] ] } },
{ "type": "Feature", "properties": { "IMIS_CODE": "31110000003001000", "PARENT_CHA": "1-L/AC Disty", "REMARKS": null, "ZONE_NAME": "Bahawalpur", "CIRCLE_NAM": "Bahawalpur", "CHANNEL_NA": "1-R/1-L Minor", "CHANNEL_TY": "M", "DESIGNED_D": 31.0 }, "geometry": { "type": "MultiLineString", "coordinates": [ [ [ 107733.543100001290441, 3183118.063200000673532 ], [ 107596.846699999645352, 3183127.179400002583861 ], [ 107592.882299999706447, 3183127.443800000473857 ], [ 107496.359700000844896, 3183107.123299999162555 ], [ 106944.088600000366569, 3182876.7642 ], [ 106873.945900000631809, 3182847.506799999624491 ], [ 106546.374100000597537, 3182710.872600004076958 ], [ 106288.54380000103265, 3182589.254599999636412 ], [ 106277.126800000667572, 3182583.869200002402067 ], [ 106150.123400001786649, 3182461.945900002494454 ], [ 105877.009399999864399, 3182121.672800002619624 ], [ 105840.235000002197921, 3182075.855499999597669 ], [ 105598.040599999949336, 3181912.2956000007689 ], [ 105593.896900000981987, 3181909.497300004586577 ], [ 105449.064500001259148, 3181811.688400000333786 ], [ 105200.622600000351667, 3181620.920500000938773 ], [ 104880.089200000278652, 3181374.796599999070168 ], [ 104536.4831000007689, 3181085.9682 ], [ 104529.55970000103116, 3181080.148600002750754 ], [ 104456.256400001235306, 3181043.49690000154078 ], [ 104255.232300001196563, 3180942.984899999573827 ], [ 103889.462500001303852, 3180826.141800001263618 ], [ 103411.929600001312792, 3180795.66100000217557 ], [ 103402.180300001055002, 3180796.207000000402331 ], [ 102776.912499999627471, 3180831.221900003030896 ], [ 102599.10770000051707, 3180861.7027000002563 ], [ 102456.863800000399351, 3180846.462300000712276 ], [ 102432.760599999688566, 3180838.786100003868341 ], [ 102429.902000001631677, 3180837.875800002366304 ], [ 101793.400900000706315, 3180635.168400000780821 ], [ 101659.282300001010299, 3180592.45549999922514 ], [ 101375.160199999809265, 3180557.665000000968575 ], [ 101161.428899999707937, 3180531.49379999935627 ], [ 100917.582300000824034, 3180521.33360000140965 ], [ 100333.754700001329184, 3180265.018999999389052 ], [ 100292.72550000064075, 3180247.00620000064373 ], [ 99771.703200002200902, 3179899.657900001853704 ], [ 99728.830299999564886, 3179871.075999999418855 ], [ 99591.666600001044571, 3179764.393200002610683 ], [ 99418.942000000737607, 3179632.309600001201034 ], [ 99246.217299999669194, 3179576.428100002929568 ], [ 98662.001500000245869, 3179266.539700001478195 ], [ 98463.876200001686811, 3179180.177400000393391 ], [ 98311.472099999897182, 3179164.937000002712011 ], [ 97899.980999999679625, 3179098.895200001075864 ], [ 97770.360000000335276, 3179012.6587999984622 ], [ 97366.040300001390278, 3178741.803899999707937 ], [ 97350.338499999605119, 3178678.99690000154078 ], [ 97318.93510000128299, 3178631.891699999570847 ], [ 97267.904399999417365, 3178561.233900001272559 ], [ 97264.990199999883771, 3178559.29109999909997 ] ] ] } },
{ "type": "Feature", "properties": { "IMIS_CODE": "31110000003002000", "PARENT_CHA": "1-L/AC Disty", "REMARKS": null, "ZONE_NAME": "Bahawalpur", "CIRCLE_NAM": "Bahawalpur", "CHANNEL_NA": "2-R/1-L Minor", "CHANNEL_TY": "M", "DESIGNED_D": 48.0 }, "geometry": { "type": "MultiLineString", "coordinates": [ [ [ 107779.177299999631941, 3178311.640800001099706 ], [ 107336.959200001321733, 3178289.774000000208616 ], [ 106944.574200000613928, 3177882.856300000101328 ], [ 106704.783300001174212, 3177606.733500001952052 ], [ 106326.931100000627339, 3177301.545100001618266 ], [ 104561.198500000871718, 3175790.136100003495812 ], [ 103253.248399999924004, 3174642.046600000932813 ], [ 102432.146399999968708, 3173966.272400001063943 ], [ 102330.417000002227724, 3173893.608600001782179 ], [ 102257.75310000218451, 3173879.075799999758601 ], [ 102105.158900001086295, 3173879.075799999758601 ], [ 100804.47520000115037, 3173915.407700002193451 ], [ 98886.14850000012666, 3173966.272400001063943 ], [ 95928.728100000880659, 3174060.735500002279878 ], [ 92956.774900000542402, 3174147.932200001552701 ], [ 91997.6114999987185, 3174191.530499998480082 ], [ 91198.308699999935925, 3174169.731300000101328 ] ] ] } },
{ "type": "Feature", "properties": { "IMIS_CODE": "31110000003003000", "PARENT_CHA": "1-L/AC Disty", "REMARKS": null, "ZONE_NAME": "Bahawalpur", "CIRCLE_NAM": "Bahawalpur", "CHANNEL_NA": "1-L/1-L Minor", "CHANNEL_TY": "M", "DESIGNED_D": 131.0 }, "geometry": { "type": "MultiLineString", "coordinates": [ [ [ 100934.239400000311434, 3170587.581900000572205 ], [ 100910.638000000268221, 3169557.326199999079108 ], [ 100904.011699999682605, 3169239.265700003132224 ], [ 100872.439800000749528, 3168449.875900002196431 ], [ 100864.012600000947714, 3168194.952299999073148 ], [ 100859.798900000751019, 3168034.835100000724196 ], [ 100805.022000000812113, 3167878.931399999186397 ], [ 100754.458600000478327, 3167790.445499999448657 ], [ 100691.254399999044836, 3167723.027700001373887 ], [ 100202.475399999879301, 3167314.307299999520183 ], [ 99069.013700000941753, 3166345.1765 ], [ 98668.720500000752509, 3166012.301100004464388 ], [ 98567.593800000846386, 3165906.960799999535084 ], [ 98466.467100000008941, 3165839.543000001460314 ], [ 98420.11739999987185, 3165679.425699999555945 ], [ 98403.262900000438094, 3165519.308500001206994 ], [ 98441.185499999672174, 3165363.404800003394485 ], [ 98533.884899999946356, 3164979.966099999845028 ], [ 98533.884899999946356, 3164836.703300001099706 ], [ 98504.389600000344217, 3164710.294900001958013 ], [ 98445.399100000970066, 3164541.750399999320507 ], [ 98340.058800000697374, 3164427.982900001108646 ], [ 98260.000099999830127, 3164356.351500004529953 ], [ 97729.084999999962747, 3164019.262500001117587 ], [ 95689.696600001305342, 3162805.74210000038147 ], [ 94514.098699999973178, 3162085.214400002732873 ], [ 93515.472600000910461, 3161482.66780000180006 ], [ 93359.569000001996756, 3161385.754799999296665 ], [ 93279.510300001129508, 3161352.04590000025928 ], [ 93174.170000000856817, 3161322.550599999725819 ], [ 93073.043300000019372, 3161322.550599999725819 ], [ 92542.128200001083314, 3161419.46370000205934 ], [ 92394.651700001209974, 3161440.531700000166893 ], [ 92272.457000000402331, 3161440.531700000166893 ], [ 92217.680000001564622, 3161423.677300000563264 ], [ 92137.621399999596179, 3161360.473100000992417 ], [ 91312.590699999593198, 3160693.4079 ], [ 90415.504900000989437, 3159961.457300001755357 ], [ 90071.845099999569356, 3159680.281100001186132 ], [ 89804.058299999684095, 3159443.736100001260638 ], [ 89777.27970000077039, 3159367.863200003281236 ], [ 89732.64850000012666, 3159265.2116 ], [ 89741.574699999764562, 3159073.297700002789497 ], [ 89812.984600001014769, 3158417.220000000670552 ], [ 89879.931300002150238, 3157578.154699999839067 ], [ 89728.185400001704693, 3157230.0318 ], [ 88991.771700001321733, 3155547.437999999150634 ], [ 88536.534100000746548, 3154561.089999999850988 ], [ 88005.423600000329316, 3153382.82799999974668 ], [ 87563.575400001369417, 3152374.164400001987815 ], [ 87487.702399999834597, 3152262.586500003933907 ], [ 87420.755700001493096, 3152182.250500001013279 ], [ 86438.870799999684095, 3151606.508800001814961 ], [ 84718.267100001685321, 3150614.081300001591444 ], [ 84060.495800000615418, 3150229.538100000470877 ], [ 83898.582799999974668, 3150209.298900000751019 ], [ 83539.338499998673797, 3150153.641400001943111 ], [ 83225.63219999987632, 3150128.342499999329448 ], [ 82947.34429999999702, 3150077.744700003415346 ], [ 82674.116200000047684, 3150037.2664 ], [ 82431.246800001710653, 3149895.59260000102222 ], [ 81697.578799999319017, 3149323.837600002065301 ], [ 81490.127900000661612, 3149217.58220000192523 ], [ 81237.138899999670684, 3149172.04420000128448 ], [ 80255.541799999773502, 3149101.207299999892712 ], [ 79850.759400000795722, 3149045.549700001254678 ], [ 79137.330500001087785, 3148650.886900003999472 ], [ 79041.194700000807643, 3148524.392400000244379 ], [ 78823.624200002290308, 3148190.447000004351139 ], [ 78079.83669999986887, 3147188.610700003802776 ], [ 77933.103100001811981, 3147026.697799999266863 ], [ 77877.44550000037998, 3146945.741300001740456 ], [ 77543.500099999830127, 3146753.469700001180172 ], [ 77396.766500000841916, 3146642.154500000178814 ], [ 76907.518600000068545, 3146281.967300001531839 ], [ 76257.927500002086163, 3145999.33809999935329 ], [ 75553.633899999782443, 3145696.195599999278784 ], [ 74938.23170000128448, 3145436.359100000932813 ], [ 74808.4222999997437, 3145456.662499997764826 ], [ 74188.386300000362098, 3145618.092000002041459 ], [ 73285.84880000166595, 3145801.53460000269115 ], [ 72977.665200001560152, 3145860.236200001090765 ], [ 72823.573500000871718, 3145867.573900002986193 ], [ 72717.176799998618662, 3145816.21000000089407 ], [ 72559.416100000031292, 3145702.475600000470877 ], [ 72383.311300000175834, 3145574.065800003707409 ], [ 72287.921099999919534, 3145504.357599999755621 ], [ 72196.199799999594688, 3145449.324800001457334 ], [ 72005.419500001706183, 3145390.623199997469783 ], [ 71832.98350000102073, 3145328.252700001001358 ], [ 71458.760600000619888, 3145207.180600002408028 ], [ 70827.718100000172853, 3144990.718299999833107 ], [ 70446.15749999973923, 3144869.646200001239777 ], [ 69917.842799999751151, 3144686.203600000590086 ], [ 69462.905199998989701, 3144535.780700001865625 ], [ 69121.70200000051409, 3144440.39049999974668 ], [ 68886.895499999634922, 3144378.020100001245737 ], [ 68553.029900002293289, 3144253.279100004583597 ], [ 68351.243100000545382, 3144223.928300000727177 ], [ 68061.403800000436604, 3144201.915200002491474 ], [ 67566.10880000051111, 3144212.921700000762939 ], [ 67301.951499999500811, 3144220.259400002658367 ], [ 67191.885900000110269, 3144194.577500000596046 ], [ 66975.423700001090765, 3144073.505400002002716 ], [ 66571.850000001490116, 3143813.016900001093745 ], [ 66447.109000001102686, 3143776.328400004655123 ], [ 65390.479700000956655, 3143666.262800000607967 ] ] ] } },
{ "type": "Feature", "properties": { "IMIS_CODE": "31110000003003010", "PARENT_CHA": "1-L/1-L Minor", "REMARKS": null, "ZONE_NAME": "Bahawalpur", "CIRCLE_NAM": "Bahawalpur", "CHANNEL_NA": "1-R/1-L/1-L Sub Minor", "CHANNEL_TY": "SM", "DESIGNED_D": 23.0 }, "geometry": { "type": "MultiLineString", "coordinates": [ [ [ 84718.267100001685321, 3150614.081300001591444 ], [ 84191.364100001752377, 3151310.464100001379848 ], [ 83723.039300001226366, 3151919.789900001138449 ], [ 83315.143500000238419, 3152428.400699999183416 ], [ 83295.000500000081956, 3152549.2588 ], [ 83365.501000000163913, 3152665.081000002101064 ], [ 83355.42949999962002, 3152785.939000001177192 ], [ 83259.750200000591576, 3152947.083000004291534 ], [ 82383.529600000940263, 3153803.160600000992417 ], [ 80500.158999999053776, 3153843.446600001305342 ], [ 79734.724899999797344, 3153853.518100004643202 ], [ 79538.330599999986589, 3153863.589600002393126 ], [ 79387.258100000210106, 3153853.518100004643202 ], [ 78979.362300002016127, 3153616.837899997830391 ], [ 78455.644300000742078, 3153153.548800002783537 ], [ 77297.421699999831617, 3152161.506000000983477 ], [ 76149.270600000396371, 3151184.570400001481175 ] ] ] } },
{ "type": "Feature", "properties": { "IMIS_CODE": "31110000003004000", "PARENT_CHA": "1-L/AC Disty", "REMARKS": null, "ZONE_NAME": "Bahawalpur", "CIRCLE_NAM": "Bahawalpur", "CHANNEL_NA": "2-L/1-L Minor", "CHANNEL_TY": "M", "DESIGNED_D": 70.0 }, "geometry": { "type": "MultiLineString", "coordinates": [ [ [ 100900.909600000828505, 3170589.082600001245737 ], [ 100874.193500000052154, 3169411.54839999973774 ], [ 100804.617800001055002, 3169308.841399999335408 ], [ 100576.97759999986738, 3169140.52560000307858 ], [ 100572.957200000993907, 3169137.552899999544024 ], [ 100257.951399999670684, 3168904.639499999582767 ], [ 99780.860600000247359, 3168576.639700001105666 ], [ 99704.658600000664592, 3168550.134600002318621 ], [ 99631.769799999892712, 3168540.195200001820922 ], [ 99489.305200000293553, 3168530.255899999290705 ], [ 98697.467100000940263, 3168460.680099999532104 ], [ 98229.192900002002716, 3168293.177300002425909 ], [ 98224.485000000335276, 3168291.493300002068281 ], [ 98109.61290000192821, 3168250.403300004079938 ], [ 97428.53830000013113, 3168006.781300000846386 ], [ 96960.384800001047552, 3167843.945300001651049 ], [ 96955.662299999967217, 3167842.302700003609061 ], [ 96895.124400001019239, 3167821.246000001206994 ], [ 96689.710300001315773, 3167754.983400003984571 ], [ 96671.984900000505149, 3167737.258000003173947 ], [ 96626.760900001041591, 3167692.034000001847744 ], [ 96520.740699999965727, 3167685.407700002193451 ], [ 96265.629700001329184, 3167589.326900001615286 ], [ 96138.447499999776483, 3167540.557800000533462 ], [ 95924.628600000403821, 3167458.567100001499057 ], [ 95824.98340000025928, 3167420.357300002127886 ], [ 95824.742500000633299, 3167420.214600002393126 ], [ 95646.074400000274181, 3167314.337100001052022 ], [ 95210.701299999840558, 3166889.9616 ], [ 95006.033599999733269, 3166673.92339999973774 ], [ 94735.094499999657273, 3166365.217100001871586 ], [ 94067.973200001753867, 3165605.1031 ], [ 93925.842800001613796, 3165434.546700002625585 ], [ 93760.971600001677871, 3165349.268500002101064 ], [ 93552.795699999667704, 3165258.716600002720952 ], [ 93189.661800000816584, 3165100.761500000953674 ], [ 92965.912700000219047, 3165003.435700001195073 ], [ 92493.16880000103265, 3164797.802700003609061 ], [ 92097.883299998939037, 3164629.893799999728799 ], [ 91850.73960000090301, 3164524.912400001659989 ], [ 91719.979600001126528, 3164524.912400001659989 ], [ 91526.682300000451505, 3164576.079299999400973 ], [ 91145.551500000990927, 3164789.401300001889467 ], [ 91118.189199999906123, 3164804.71619999781251 ], [ 90822.464399999938905, 3164961.936900001019239 ], [ 90721.394000000320375, 3164995.627100000157952 ], [ 90676.473700001835823, 3164976.910299997776747 ], [ 89828.291500000283122, 3164442.46000000089407 ], [ 89824.061200000345707, 3164439.79450000077486 ], [ 89385.486399999819696, 3164163.443000001832843 ], [ 88478.367300000973046, 3163663.799900000914931 ], [ 88382.653500000946224, 3163611.08049999922514 ], [ 88128.231200000271201, 3163478.861000001430511 ], [ 87701.585200001485646, 3163257.139500001445413 ], [ 87463.144500000402331, 3163108.114100001752377 ], [ 87444.173499999567866, 3163096.257200002670288 ], [ 87131.963100000284612, 3162952.712200004607439 ], [ 86977.614900002256036, 3162881.747500002384186 ], [ 86698.752299999818206, 3162731.590700002387166 ], [ 86446.703400000929832, 3162543.8947 ], [ 86356.400500000454485, 3162475.73059999756515 ], [ 85869.533699998632073, 3162108.224600002169609 ], [ 85615.478300000540912, 3161916.45380000025034 ], [ 85199.356800000183284, 3161762.488800000399351 ], [ 85079.204000000841916, 3161718.032300001010299 ], [ 84855.747400001622736, 3161636.441199999302626 ], [ 84197.26900000218302, 3161396.009999999776483 ], [ 83853.470000000670552, 3161270.4781 ], [ 83448.93030000012368, 3161122.767900001257658 ], [ 83314.861700000241399, 3161053.052200000733137 ], [ 83168.314299999736249, 3161020.01349999755621 ], [ 82998.509999999776483, 3160981.731599999591708 ], [ 82867.159799999557436, 3160919.5131 ], [ 82824.259399999864399, 3160901.334899999201298 ], [ 82663.221400002017617, 3160833.098500000312924 ], [ 82504.218500000424683, 3160719.031199999153614 ], [ 82417.803900001570582, 3160522.005999999120831 ], [ 82276.084000000730157, 3160414.85190000385046 ], [ 82203.495800000615418, 3160283.501700000837445 ], [ 82175.735100000165403, 3160268.553600002080202 ], [ 82171.332700002007186, 3160266.183100003749132 ], [ 82166.930399999953806, 3160263.812600003555417 ] ] ] } },
{ "type": "Feature", "properties": { "IMIS_CODE": "31110000003005000", "PARENT_CHA": "1-L/AC Disty", "REMARKS": null, "ZONE_NAME": "Bahawalpur", "CIRCLE_NAM": "Bahawalpur", "CHANNEL_NA": "3-L/1-L Minor", "CHANNEL_TY": "M", "DESIGNED_D": 18.0 }, "geometry": { "type": "MultiLineString", "coordinates": [ [ [ 95309.207499998621643, 3170134.685200002044439 ], [ 95047.093599999323487, 3169720.317600000649691 ], [ 94963.05699999909848, 3169590.261100001633167 ], [ 94841.004000000655651, 3169528.234100000932813 ], [ 94201.318300000391901, 3169294.835300002247095 ], [ 93804.553600000217557, 3169150.06980000436306 ], [ 93428.591199998743832, 3169011.603500001132488 ], [ 93285.957400000654161, 3168959.071700001135468 ], [ 92946.180500000715256, 3168833.932399999350309 ], [ 92117.82050000037998, 3168509.791500000283122 ], [ 91763.666600001044571, 3168379.734999999403954 ], [ 91275.79590000025928, 3168414.5449 ], [ 91218.911400001496077, 3168418.603700000792742 ], [ 91143.026499999687076, 3168380.661299999803305 ], [ 90559.66190000064671, 3167873.181500000879169 ], [ 90546.315800000913441, 3167866.508400002494454 ], [ 90541.843700000084937, 3167864.272400001063943 ], [ 90426.863499999977648, 3167806.782300001010299 ], [ 89478.303100001066923, 3167631.298599999397993 ], [ 89188.992200000211596, 3167683.469399999827147 ], [ 88667.284000000916421, 3167806.782300001010299 ], [ 88406.429900000803173, 3167882.667100001126528 ], [ 88010.454000000841916, 3167891.003400003537536 ], [ 87505.297500000335276, 3167901.638299997895956 ], [ 86579.483700000680983, 3167185.062300002202392 ], [ 86575.529699998907745, 3167182.001900000497699 ], [ 86572.366899999789894, 3167179.553899999707937 ], [ 86325.69230000115931, 3166982.939099997282028 ], [ 86231.823400000110269, 3166919.108200000599027 ], [ 86214.41539999935776, 3166902.529100002720952 ] ] ] } },
{ "type": "Feature", "properties": { "IMIS_CODE": "31110000004000000", "PARENT_CHA": "Abbassia Canal", "REMARKS": null, "ZONE_NAME": "Bahawalpur", "CIRCLE_NAM": "Bahawalpur", "CHANNEL_NA": "Basit Disty", "CHANNEL_TY": "D", "DESIGNED_D": 34.0 }, "geometry": { "type": "MultiLineString", "coordinates": [ [ [ 107645.605299999937415, 3187991.782200001180172 ], [ 107644.953000000678003, 3187991.600400002673268 ], [ 107523.352699999697506, 3187979.059699999168515 ], [ 106892.414300002157688, 3187763.284200001507998 ], [ 106458.132000001147389, 3187637.642800001427531 ], [ 105911.864900001324713, 3187462.837300002574921 ], [ 105543.134700001217425, 3187342.658600002527237 ], [ 105305.508500002324581, 3187288.031900001689792 ], [ 104824.793499999679625, 3187279.837900001555681 ], [ 104057.288300001062453, 3187277.106500001624227 ], [ 102164.473000000230968, 3187252.524500001221895 ], [ 100727.790700001642108, 3187241.599199999123812 ], [ 99936.524600000120699, 3187238.955699998885393 ], [ 99431.41330000013113, 3187238.955699998885393 ], [ 99210.807500001043081, 3187229.827199999243021 ], [ 99044.972800001502037, 3187200.920199999585748 ], [ 98816.759800001047552, 3187147.670500000938773 ], [ 98663.096499999053776, 3187079.206600001081824 ], [ 98377.069600000046194, 3186922.500400003045797 ], [ 97925.207999999634922, 3186647.123500000685453 ], [ 97529.639000001363456, 3186403.696399999782443 ], [ 96840.435899999924004, 3185991.391700003296137 ], [ 96263.817900001071393, 3185650.593700002878904 ], [ 96081.247600000351667, 3185534.965899998322129 ], [ 95518.322400000877678, 3185198.732100000604987 ], [ 94984.30420000012964, 3184880.755500001832843 ], [ 94766.741200000979006, 3184752.956200003623962 ], [ 94666.327500000596046, 3184695.142300004139543 ], [ 94485.27860000077635, 3184622.114200001582503 ], [ 93861.496600000187755, 3184471.493600001558661 ], [ 93159.554100001230836, 3184297.2983 ] ] ] } },
{ "type": "Feature", "properties": { "IMIS_CODE": "31110000005000000", "PARENT_CHA": "Abbassia Feeder", "REMARKS": null, "ZONE_NAME": "Bahawalpur", "CIRCLE_NAM": "Rahimyar Khan", "CHANNEL_NA": "Lower Amir Din Disty", "CHANNEL_TY": "D", "DESIGNED_D": 15.5 }, "geometry": { "type": "MultiLineString", "coordinates": [ [ [ 87972.476599999703467, 3183041.918700003996491 ], [ 87893.385400001890957, 3182908.616100002080202 ], [ 87809.896000000648201, 3182767.900399999693036 ], [ 87791.601000001654029, 3182735.303099999204278 ], [ 87675.119699999690056, 3182527.761500000953674 ], [ 87647.370000001043081, 3182482.600299999117851 ], [ 87455.175300001166761, 3182169.812700001522899 ], [ 87428.794599998742342, 3182121.685699999332428 ], [ 87295.60770000051707, 3181878.709799999371171 ], [ 87272.472400000318885, 3181839.0493 ], [ 87114.477000000886619, 3181568.199999999254942 ], [ 87096.634600000455976, 3181539.921499997377396 ], [ 87048.075799998827279, 3181462.960300002247095 ], [ 86885.907300001941621, 3181205.938600001856685 ], [ 86849.285699999891222, 3181171.758400000631809 ], [ 86756.528200000524521, 3181085.18470000103116 ], [ 86359.765700000338256, 3180735.861200001090765 ], [ 86187.260200001299381, 3180584.918999999761581 ], [ 86102.975499998778105, 3180507.757400002330542 ], [ 86102.60670000128448, 3180507.419800000265241 ], [ 86102.237900000996888, 3180507.08220000192523 ] ] ] } },
{ "type": "Feature", "properties": { "IMIS_CODE": "31110000006000000", "PARENT_CHA": "Minchin Branch", "REMARKS": null, "ZONE_NAME": "Bahawalpur", "CIRCLE_NAM": "Rahimyar Khan", "CHANNEL_NA": "Upper Amir Din Disty", "CHANNEL_TY": "D", "DESIGNED_D": 18.0 }, "geometry": { "type": "MultiLineString", "coordinates": [ [ [ 86367.979700001887977, 3186930.0833 ], [ 86440.744400001130998, 3186850.296599999070168 ], [ 86548.045199999585748, 3186569.270600002259016 ], [ 86752.427799999713898, 3186068.533400001004338 ], [ 87074.330200000666082, 3185266.332000002264977 ], [ 87248.055400001816452, 3184837.128699999302626 ], [ 87304.260600000619888, 3184694.060900000855327 ], [ 87311.605600002221763, 3184622.367300001904368 ], [ 87291.486700000241399, 3184260.227000001817942 ], [ 87409.3260000012815, 3184139.513599999248981 ], [ 87524.291200001724064, 3184024.54839999973774 ], [ 87642.130499999970198, 3183929.702200002968311 ] ] ] } },
{ "type": "Feature", "properties": { "IMIS_CODE": "31110000007000000", "PARENT_CHA": "Minchin Branch", "REMARKS": null, "ZONE_NAME": "Bahawalpur", "CIRCLE_NAM": "Rahimyar Khan", "CHANNEL_NA": "Link Disty", "CHANNEL_TY": "D", "DESIGNED_D": 39.0 }, "geometry": { "type": "MultiLineString", "coordinates": [ [ [ 86367.979700001887977, 3186930.0833 ], [ 86316.803399999625981, 3186877.032700000330806 ], [ 86280.993500000797212, 3186809.889199998229742 ], [ 86108.658600000664592, 3186744.983800003305078 ], [ 85289.507900001481175, 3186480.886100001633167 ], [ 84832.932099999859929, 3186337.646600000560284 ], [ 84694.16880000103265, 3186272.741199998185039 ], [ 84638.215900000184774, 3186225.740800002589822 ], [ 84474.833400000818074, 3186082.501300001516938 ], [ 84165.973300000652671, 3185822.87980000115931 ], [ 83935.447300000116229, 3185829.594100000336766 ], [ 83568.396200000308454, 3185834.07039999961853 ], [ 82523.195700000040233, 3185860.927799999713898 ], [ 81744.331100000999868, 3185867.642100000753999 ], [ 81724.915099998936057, 3185865.66579999960959 ], [ 81705.586300000548363, 3185862.966900000348687 ], [ 81686.371600001119077, 3185859.549099998548627 ], [ 81667.29769999999553, 3185855.4172000028193 ], [ 81648.391100000590086, 3185850.576899999752641 ], [ 81629.678199999965727, 3185845.03489999845624 ], [ 81611.185000000521541, 3185838.798900002613664 ], [ 81592.937199999578297, 3185831.877699999138713 ], [ 81574.960099999792874, 3185824.280800001695752 ], [ 81557.278900000266731, 3185816.018900001421571 ], [ 81539.917999999597669, 3185807.103300001472235 ], [ 81522.901700000278652, 3185797.546599999070168 ], [ 81506.253600001335144, 3185787.361999999731779 ], [ 81489.996800000779331, 3185776.563600001856685 ], [ 81474.15400000102818, 3185765.166500002145767 ], [ 81458.747300000861287, 3185753.186599999666214 ], [ 81443.798000000417233, 3185740.64049999974668 ], [ 81429.326899999752641, 3185727.545700000599027 ], [ 81415.354199999943376, 3185713.920299999415874 ], [ 81401.899299999698997, 3185699.783400001004338 ], [ 81256.421699999831617, 3185527.448400000110269 ], [ 81095.27730000205338, 3185285.731800001114607 ], [ 81014.705100000835955, 3185164.873500002548099 ], [ 80990.085800000466406, 3185073.110700001940131 ], [ 80949.799700000323355, 3184905.251900002360344 ], [ 80893.846800001338124, 3184728.440700000151992 ], [ 80804.322100000455976, 3184538.200799997895956 ], [ 80734.940499999560416, 3184426.295000001788139 ], [ 80730.464300000108778, 3184365.865800002589822 ], [ 80739.416699999012053, 3184309.912900004535913 ], [ 80781.940900000743568, 3184003.290899999439716 ], [ 80737.17860000114888, 3183855.575200000777841 ], [ 80701.368700002320111, 3183707.859500002115965 ], [ 80625.272800001315773, 3183372.142000002786517 ], [ 80551.414900000207126, 3183237.855000000447035 ], [ 80464.128400001674891, 3183069.996300000697374 ], [ 80410.413599998690188, 3182940.185500003397465 ], [ 80361.175000000745058, 3182846.184600003063679 ], [ 80316.41270000115037, 3182783.517400000244379 ], [ 80291.793400000780821, 3182698.468900004401803 ], [ 80255.983500001952052, 3182591.039300000295043 ], [ 80110.506000000983477, 3182210.559499999508262 ], [ 80043.362500001676381, 3182105.368000000715256 ], [ 79947.123400000855327, 3181930.794899998232722 ], [ 79781.50279999896884, 3181659.98280000127852 ], [ 79705.40679999999702, 3181527.933900002390146 ], [ 79629.310900001786649, 3181416.028100000694394 ], [ 79488.309500001370907, 3181261.598000001162291 ], [ 79425.642300000414252, 3181183.264000000432134 ], [ 79391.708200002089143, 3180887.293800000101328 ], [ 79370.487599999643862, 3180706.918100001290441 ], [ 79317.435900000855327, 3180404.523700002580881 ] ] ] } },
{ "type": "Feature", "properties": { "IMIS_CODE": "31110000008000000", "PARENT_CHA": "Minchin Branch", "REMARKS": null, "ZONE_NAME": "Bahawalpur", "CIRCLE_NAM": "Rahimyar Khan", "CHANNEL_NA": "Jamal Disty", "CHANNEL_TY": "D", "DESIGNED_D": 10.0 }, "geometry": { "type": "MultiLineString", "coordinates": [ [ [ 83283.605000000447035, 3182111.772100001573563 ], [ 82386.858099999837577, 3181969.261900000274181 ], [ 82296.077599999494851, 3181954.835100002586842 ], [ 81828.477700000628829, 3181746.085100002586842 ], [ 81624.522200000472367, 3181655.033600002527237 ], [ 81516.593600001186132, 3181565.093100002035499 ], [ 81267.08559999987483, 3181342.824900003150105 ], [ 81212.276999999769032, 3181293.999900002032518 ], [ 80880.2618000023067, 3181044.618200000375509 ], [ 80124.582900000736117, 3180510.544600002467632 ], [ 80124.174600000493228, 3180510.256100004538894 ], [ 79656.804400000721216, 3180179.94370000064373 ], [ 79541.67160000000149, 3180089.0494 ] ] ] } },
{ "type": "Feature", "properties": { "IMIS_CODE": "31110000009000000", "PARENT_CHA": "Minchin Branch", "REMARKS": null, "ZONE_NAME": "Bahawalpur", "CIRCLE_NAM": "Rahimyar Khan", "CHANNEL_NA": "Dashtian Disty", "CHANNEL_TY": "D", "DESIGNED_D": 9.0 }, "geometry": { "type": "MultiLineString", "coordinates": [ [ [ 86367.979700001887977, 3186930.0833 ], [ 86361.306900001130998, 3186868.075600001960993 ], [ 86320.869300001300871, 3186781.808800000697374 ], [ 86262.631599999964237, 3186688.212600002065301 ], [ 86147.86530000064522, 3186521.233000000938773 ], [ 85984.18680000025779, 3186271.218500001356006 ], [ 85719.783000000752509, 3185873.713500000536442 ], [ 85525.527200000360608, 3185553.551200004294515 ], [ 85547.111100002191961, 3185490.597900001332164 ], [ 85560.10149999987334, 3185388.173900000751019 ], [ 85524.128200000151992, 3185306.634400004521012 ], [ 85497.747800000943244, 3185253.87360000051558 ], [ 85471.367300000973046, 3185167.537599999457598 ], [ 85454.579800000414252, 3185083.599900003522635 ], [ 85440.190500000491738, 3184987.6711 ], [ 85406.615400000475347, 3184891.742300001904368 ], [ 85344.261699999682605, 3184791.017100000753999 ], [ 85298.69550000037998, 3184647.123900001868606 ], [ 85290.701399999670684, 3184462.860600002110004 ], [ 85335.468199999071658, 3184341.350800003856421 ], [ 85322.677700001746416, 3184002.40230000205338 ], [ 85309.887200001627207, 3183877.694900000467896 ], [ 85335.468199999071658, 3183778.568399999290705 ], [ 85345.06110000051558, 3183634.675200002267957 ], [ 85351.456300001591444, 3183538.746400000527501 ], [ 85329.073000000789762, 3183446.015300003811717 ], [ 85322.677700001746416, 3183346.888800002634525 ] ] ] } },
{ "type": "Feature", "properties": { "IMIS_CODE": "31110000010000000", "PARENT_CHA": "Minchin Branch", "REMARKS": null, "ZONE_NAME": "Bahawalpur", "CIRCLE_NAM": "Rahimyar Khan", "CHANNEL_NA": "Sherin Disty", "CHANNEL_TY": "D", "DESIGNED_D": 232.0 }, "geometry": { "type": "MultiLineString", "coordinates": [ [ [ 59998.788100000470877, 3167877.023200001567602 ], [ 60811.069700001738966, 3168395.881699999794364 ], [ 61578.745900001376867, 3168881.436899999156594 ], [ 62242.785899999551475, 3169295.982100002467632 ], [ 62912.583400000818074, 3169729.719100000336766 ], [ 63666.82530000153929, 3170209.516800001263618 ], [ 64417.228799999691546, 3170689.314400000497699 ], [ 65039.046500000171363, 3171088.506100002676249 ], [ 65975.6114999987185, 3171685.374300001189113 ], [ 66441.835600000806153, 3171973.799100002273917 ], [ 66971.671400002203882, 3172303.353700002655387 ], [ 67157.832900000736117, 3172433.858700001612306 ], [ 67570.45890000090003, 3172857.999800000339746 ], [ 68224.902900001034141, 3173533.55489999987185 ], [ 68670.15510000102222, 3173994.160599999129772 ], [ 69420.558600000105798, 3174759.917600000277162 ], [ 69460.861600000411272, 3174794.463100001215935 ], [ 69730.70380000025034, 3174976.449699999764562 ], [ 70038.53800000064075, 3175184.058700004592538 ], [ 70708.335500000044703, 3175631.230100002139807 ], [ 70996.214100001379848, 3175819.310799999162555 ], [ 71533.58739999961108, 3176189.714600002393126 ], [ 71907.829599999822676, 3176435.371000003069639 ], [ 72080.330500000156462, 3176547.085900001227856 ], [ 72109.344600001350045, 3176565.876000002026558 ], [ 72477.829200000502169, 3176811.532299997285008 ], [ 72750.354200000874698, 3176982.660199999809265 ], [ 72822.004000000655651, 3177026.161800002679229 ], [ 73318.434600001201034, 3177310.201999997720122 ], [ 74285.706699999980628, 3177837.339700000360608 ], [ 74336.885100000537932, 3177862.928900001570582 ], [ 74439.241899999789894, 3177888.518100004643202 ], [ 74705.369700000621378, 3177914.107300000265241 ], [ 75357.894500002264977, 3177965.285699998959899 ], [ 76153.71889999974519, 3178029.2588 ], [ 76199.779400000348687, 3178029.2588 ], [ 77082.60710000153631, 3178323.534700000658631 ], [ 77991.024000002071261, 3178612.692700000479817 ], [ 78771.494800000451505, 3178858.349099999293685 ], [ 78873.851599999703467, 3178899.291800001636147 ], [ 78945.501400001347065, 3178945.352400001138449 ], [ 79058.09389999974519, 3179019.56110000051558 ], [ 79216.747000000439584, 3179129.594700001180172 ], [ 79431.696299999952316, 3179280.571000000461936 ], [ 79746.443599999882281, 3179505.756000000983477 ], [ 80079.103300000540912, 3179751.412400001659989 ], [ 80511.019399999640882, 3180075.409300003200769 ], [ 81985.49930000025779, 3181117.8761 ], [ 82499.842300001531839, 3181478.684000004082918 ], [ 82653.377600000239909, 3181586.158600000664592 ], [ 82740.380900002084672, 3181606.630000002682209 ], [ 82801.794999999925494, 3181632.219200000166893 ], [ 82845.296600000932813, 3181665.485200000926852 ], [ 82868.004499999806285, 3181689.718900000676513 ], [ 82991.672600001096725, 3181714.452600002288818 ], [ 83065.631599999964237, 3181745.622700000181794 ], [ 83078.90440000128001, 3181752.921200001612306 ] ] ] } },
{ "type": "Feature", "properties": { "IMIS_CODE": "31110000010001000", "PARENT_CHA": "Sherin Disty", "REMARKS": null, "ZONE_NAME": "Bahawalpur", "CIRCLE_NAM": "Rahimyar Khan", "CHANNEL_NA": "Khanpur Minor", "CHANNEL_TY": "M", "DESIGNED_D": 21.0 }, "geometry": { "type": "MultiLineString", "coordinates": [ [ [ 72080.330500000156462, 3176547.085900001227856 ], [ 72085.816200001165271, 3176429.537900002673268 ], [ 72085.816200001165271, 3176216.413200004026294 ], [ 72077.92269999999553, 3176092.748199999332428 ], [ 72209.481200001202524, 3175837.524800004437566 ], [ 72277.891600000672042, 3175729.646800002083182 ], [ 72269.998100001364946, 3175527.046800000593066 ], [ 72262.104600000195205, 3175166.57660000026226 ], [ 72262.104600000195205, 3174519.308900002390146 ], [ 72233.161700000986457, 3174087.797100003808737 ], [ 72193.694200000725687, 3173958.869799999520183 ], [ 72180.53830000013113, 3173916.771099999547005 ], [ 72180.53830000013113, 3173890.459400001913309 ], [ 72193.694200000725687, 3173850.991800002753735 ], [ 72217.37470000050962, 3173800.999600002542138 ], [ 72204.218800000846386, 3173756.269800001755357 ], [ 72033.192800000309944, 3173514.202200001105666 ], [ 71406.974500000476837, 3172695.908500004559755 ], [ 70878.109400001354516, 3171938.131699999794364 ], [ 70671.124099999666214, 3171668.436800003051758 ], [ 70576.402000001631677, 3171471.976200001314282 ], [ 70558.86089999973774, 3171415.844499997794628 ], [ 70471.155200001783669, 3171219.383900003507733 ], [ 70411.515399999916553, 3171033.44790000282228 ], [ 70071.217500001192093, 3170047.636500000953674 ], [ 69934.39670000039041, 3169602.091800002381206 ], [ 69730.919599999673665, 3168998.676899999380112 ], [ 69653.738600000739098, 3168735.560000004246831 ], [ 69562.524700000882149, 3168472.443000001832843 ], [ 69253.800900000147521, 3167479.615100001916289 ] ] ] } },
{ "type": "Feature", "properties": { "IMIS_CODE": "31110000010002000", "PARENT_CHA": "Sherin Disty", "REMARKS": null, "ZONE_NAME": "Bahawalpur", "CIRCLE_NAM": "Rahimyar Khan", "CHANNEL_NA": "Lower Nawankot Minor", "CHANNEL_TY": "M", "DESIGNED_D": 36.0 }, "geometry": { "type": "MultiLineString", "coordinates": [ [ [ 69730.70380000025034, 3174976.449699999764562 ], [ 69596.495199999772012, 3174745.8509 ], [ 69454.10020000115037, 3174461.060900002717972 ], [ 69231.221099999733269, 3174108.169000001624227 ], [ 69005.246400000527501, 3173801.710200002416968 ], [ 68763.793999999761581, 3173408.576199999079108 ], [ 68581.156999999657273, 3173046.397600004449487 ], [ 68513.055000000633299, 3172959.72240000218153 ], [ 68410.902100000530481, 3172770.894200000911951 ], [ 68395.424400000832975, 3172699.696699997410178 ], [ 68395.424400000832975, 3172597.543800001963973 ], [ 68438.762000001035631, 3172164.167700000107288 ], [ 68472.813000001013279, 3171783.415900003165007 ], [ 68485.19510000012815, 3171693.645100001245737 ], [ 68612.112399999983609, 3171158.116099998354912 ], [ 68621.399000001139939, 3171071.440900001674891 ], [ 68627.590100000612438, 3170950.714700000360608 ], [ 68624.494600000791252, 3170467.810000004246831 ], [ 68680.21440000180155, 3169604.153400000184774 ], [ 68726.647499999962747, 3169176.968400001525879 ], [ 68686.405399999581277, 3169053.146600000560284 ], [ 68636.876800000667572, 3168985.044700000435114 ], [ 68590.443600000813603, 3168932.420499999076128 ], [ 68379.946700000204146, 3168783.834400001913309 ], [ 67955.857200000435114, 3168468.088999999687076 ], [ 67606.060800001956522, 3168208.063300000503659 ], [ 67048.862999999895692, 3167756.114 ], [ 66578.340400001965463, 3167403.221999999135733 ], [ 66030.429200001060963, 3167016.279100002720952 ], [ 65816.836799999698997, 3166842.928699998185039 ], [ 65705.397200000472367, 3166759.349000001326203 ], [ 65658.964000000618398, 3166688.151500003412366 ], [ 65389.651800000108778, 3166279.539799999445677 ], [ 65309.167600001208484, 3166103.093800002709031 ], [ 65163.67710000090301, 3165793.5395 ], [ 65142.008300000801682, 3165744.010800002142787 ], [ 65148.199400000274181, 3165208.481799999251962 ] ] ] } },
{ "type": "Feature", "properties": { "IMIS_CODE": "31110000010003000", "PARENT_CHA": "Sherin Disty", "REMARKS": null, "ZONE_NAME": "Bahawalpur", "CIRCLE_NAM": "Rahimyar Khan", "CHANNEL_NA": "Sehja Minor", "CHANNEL_TY": "M", "DESIGNED_D": 8.0 }, "geometry": { "type": "MultiLineString", "coordinates": [ [ [ 66441.835600000806153, 3171973.799100002273917 ], [ 66371.154800000600517, 3171206.407199999317527 ], [ 66344.228699999861419, 3170980.901700003072619 ], [ 66307.205400001257658, 3170886.660599999129772 ], [ 66263.45060000102967, 3170839.540100002661347 ], [ 65371.52589999884367, 3170226.972900003194809 ], [ 65024.853300000540912, 3169991.37020000256598 ], [ 64984.844300001859665, 3169873.340400001034141 ], [ 64924.929700001142919, 3169646.521000001579523 ] ] ] } },
{ "type": "Feature", "properties": { "IMIS_CODE": "31110000011000000", "PARENT_CHA": "Minchin Branch", "REMARKS": null, "ZONE_NAME": "Bahawalpur", "CIRCLE_NAM": "Rahimyar Khan", "CHANNEL_NA": "Abehayat Disty", "CHANNEL_TY": "D", "DESIGNED_D": 683.0 }, "geometry": { "type": "MultiLineString", "coordinates": [ [ [ 83078.90440000128001, 3181752.921200001612306 ], [ 83041.507500002160668, 3181697.329200003296137 ], [ 83026.437100000679493, 3181674.9265 ], [ 82903.941100001335144, 3181492.831499999389052 ], [ 82799.052700000815094, 3181302.721300004050136 ], [ 82751.634200001135468, 3181232.8868000023067 ], [ 82618.775700001046062, 3181037.222500002011657 ], [ 82520.442800001241267, 3180883.167700003832579 ], [ 82476.742300000973046, 3180808.252600001171231 ], [ 82474.554100000299513, 3180804.501300001516938 ], [ 82386.05460000038147, 3180630.779900003224611 ], [ 82340.165899999439716, 3180519.336000001057982 ], [ 82268.055100001394749, 3180424.280899999663234 ], [ 82068.111600001342595, 3180126.004499999806285 ], [ 81861.612499999813735, 3179781.839400000870228 ], [ 81831.513900001533329, 3179734.135900000110269 ], [ 81687.891100000590086, 3179506.507300002500415 ], [ 81634.122800000011921, 3179425.954900002107024 ], [ 81632.457200000062585, 3179423.459700001403689 ], [ 81605.253600002266467, 3179382.704900002107024 ], [ 81592.892099999822676, 3179364.185700001195073 ], [ 81512.237900000996888, 3179239.374500002712011 ], [ 81434.553899999707937, 3179119.159500000998378 ], [ 81140.504700001329184, 3178664.122300000861287 ], [ 81026.195100001990795, 3178490.0833 ], [ 80776.673100000247359, 3178110.180400000885129 ], [ 80684.120300001464784, 3177963.450400002300739 ], [ 80679.318800000473857, 3177955.838300000876188 ], [ 80642.284800000488758, 3177897.12580000422895 ], [ 80481.674399999901652, 3177651.29360000230372 ], [ 80409.56359999999404, 3177611.960500001907349 ], [ 79851.676000000908971, 3177304.927699999883771 ], [ 79771.952100000344217, 3177261.05180000141263 ], [ 79741.157200001180172, 3177244.103800000622869 ], [ 79239.402300000190735, 3176969.519000003114343 ], [ 79206.224300000816584, 3176947.400299999862909 ], [ 79180.40260000154376, 3176930.185799999162555 ], [ 79154.180499999783933, 3176887.574900003150105 ], [ 79153.130300001241267, 3176868.670800004154444 ], [ 79150.902700000442564, 3176828.575200002640486 ], [ 79150.902700000442564, 3176782.686499999836087 ], [ 79262.346699999645352, 3176277.91100000217557 ], [ 79295.124300001189113, 3176199.244699999690056 ], [ 79393.457200000993907, 3176051.745400000363588 ], [ 79460.717199999839067, 3175945.757200000807643 ], [ 79542.161000000312924, 3175817.418099999427795 ], [ 79584.427900000475347, 3175750.813900001347065 ], [ 79740.900000000372529, 3175517.470100000500679 ], [ 79770.39989999961108, 3175474.859200002625585 ], [ 79783.511000000871718, 3175386.359600003808737 ], [ 79799.216500000096858, 3175248.375499999150634 ], [ 79821.60840000025928, 3175051.645700000226498 ], [ 79829.399600001052022, 3174983.19480000063777 ], [ 79868.732800002209842, 3174717.696000000461936 ], [ 79878.566100001335144, 3174576.7522 ], [ 79907.979000002145767, 3174332.089700002223253 ], [ 79908.217799999751151, 3174330.104000000283122 ], [ 79950.676800000481308, 3173976.921599999070168 ], [ 80063.497400000691414, 3173751.280400002375245 ], [ 80075.231800000183284, 3173727.811599999666214 ], [ 80082.570600000210106, 3173712.742599999532104 ], [ 80321.064000002108514, 3173223.0362 ], [ 80478.396600000560284, 3172901.815400004386902 ], [ 80476.51410000026226, 3172847.223600000143051 ], [ 80465.796400001272559, 3172536.408399999141693 ], [ 80454.871899999678135, 3172219.596699999645352 ], [ 80442.341300000436604, 3171856.209100002422929 ], [ 80437.575499999336898, 3171625.861900001764297 ], [ 80430.128800000995398, 3171265.938999999314547 ], [ 80422.868300001136959, 3170915.014100003987551 ], [ 80422.674700001254678, 3170905.6579 ], [ 80409.205900000408292, 3170644.363000001758337 ], [ 80406.28590000141412, 3170587.7149 ], [ 80386.619300002232194, 3170469.715500002726912 ], [ 80350.563900000415742, 3170394.326900001615286 ], [ 80311.230700000189245, 3170345.160500001162291 ], [ 80232.564399999566376, 3170286.160800000652671 ], [ 80217.753300000913441, 3170276.313200002536178 ], [ 79922.964500000700355, 3170080.314200000837445 ], [ 79789.726700001396239, 3169991.727099999785423 ], [ 79250.113400001078844, 3169632.949400000274181 ], [ 79109.380900002084672, 3169539.379200000315905 ], [ 79106.882700000889599, 3169537.718200001865625 ], [ 79009.95890000090003, 3169473.275600001215935 ], [ 78530.815500000491738, 3169161.574699999764562 ], [ 78400.295099999755621, 3169076.666300004348159 ], [ 78363.726800001226366, 3169049.943300001323223 ], [ 78315.073300001211464, 3169014.388800002634525 ], [ 78056.130000000819564, 3168899.667099999263883 ], [ 77874.593000000342727, 3168827.052300000563264 ], [ 77574.695000001229346, 3168707.093100002035499 ], [ 77478.133499999530613, 3168668.468500001356006 ], [ 77318.633400000631809, 3168604.668500000610948 ], [ 77223.578300000168383, 3168558.779800001531839 ], [ 77148.189700000919402, 3168486.669000003486872 ], [ 76829.744599999859929, 3168032.925899999216199 ], [ 76515.581500000320375, 3167585.284300001338124 ], [ 76427.668100000359118, 3167466.079599998891354 ], [ 76322.193500000052154, 3167323.063300002366304 ], [ 76276.304800001904368, 3167260.785800002515316 ], [ 76164.860899998806417, 3167178.841700002551079 ], [ 75496.197300000116229, 3166693.732799999415874 ], [ 75420.808800001628697, 3166641.288599999621511 ], [ 75419.138000000268221, 3166639.200099999085069 ], [ 75397.898400001227856, 3166612.650600001215935 ], [ 75381.475600000470877, 3166592.122199999168515 ], [ 75358.531300000846386, 3166529.844700003042817 ], [ 75129.087900001555681, 3166048.013600001111627 ], [ 74974.497400000691414, 3165721.047900002449751 ], [ 74758.700699999928474, 3165264.628300001844764 ], [ 74730.728200001642108, 3165205.803900001570582 ], [ 74535.812800001353025, 3164795.908200001344085 ], [ 74473.535300000570714, 3164658.242200000211596 ], [ 74440.757700000889599, 3164605.798000000417233 ], [ 74371.924700002186, 3164540.24269999936223 ], [ 74370.394100002013147, 3164538.770899999886751 ], [ 74284.614900001324713, 3164456.291000001132488 ], [ 74100.802500002086163, 3164279.548300001770258 ], [ 73945.815500000491738, 3164130.522399999201298 ], [ 73873.704800001345575, 3164051.85610000230372 ], [ 73715.579800001345575, 3163897.071700001135468 ], [ 73104.583800001069903, 3163298.984100000932813 ], [ 73006.681499999947846, 3163203.150100002065301 ], [ 72942.820200000889599, 3163140.638000000268221 ], [ 72831.61699999962002, 3163031.751700000837445 ], [ 72785.487500000745058, 3162986.583200000226498 ], [ 72742.876600001938641, 3162940.694500001147389 ], [ 72680.59910000115633, 3162881.694800002500415 ], [ 72660.932599999941885, 3162845.639400001615286 ], [ 72613.292300000786781, 3162551.512700000777841 ], [ 72587.390400000847876, 3162391.596800001338124 ], [ 72585.544000000692904, 3162380.197100002318621 ], [ 72421.655900001525879, 3161547.645400002598763 ], [ 72377.167500000447035, 3161314.93720000050962 ], [ 72373.224200000055134, 3161294.310699999332428 ], [ 72336.43400000128895, 3161101.869599997997284 ], [ 72274.156600002199411, 3160708.538100002333522 ], [ 72273.059500002302229, 3160702.799600001424551 ], [ 72231.545599999837577, 3160485.650200003758073 ], [ 72225.055499999783933, 3160456.444700004532933 ], [ 72198.768000000156462, 3160338.150900004431605 ], [ 72193.602800000458956, 3160325.589100001379848 ], [ 72187.762600000016391, 3160313.326500000432134 ], [ 72181.264600000344217, 3160301.399500001221895 ], [ 72174.128100000321865, 3160289.843200003728271 ], [ 72166.373999999836087, 3160278.6919 ], [ 72158.025399999693036, 3160267.978399999439716 ], [ 72149.106800000183284, 3160257.734500002115965 ], [ 72139.644800000824034, 3160247.990299999713898 ], [ 72129.667100001126528, 3160238.774900002405047 ], [ 72119.20339999999851, 3160230.115199999883771 ], [ 72108.284599998965859, 3160222.037100000306964 ], [ 72096.942800000309944, 3160214.56420000270009 ], [ 72085.21169999986887, 3160207.718800002709031 ], [ 72073.126000000163913, 3160201.52110000140965 ], [ 72060.721200001426041, 3160195.989299999549985 ], [ 72048.034200000576675, 3160191.139799999073148 ], [ 72035.102400000207126, 3160186.987000001594424 ], [ 72021.963999999687076, 3160183.543099999427795 ], [ 72008.657800001092255, 3160180.818300003185868 ], [ 71961.663300001062453, 3160167.945900002494454 ], [ 71679.072700000368059, 3160090.540700001642108 ], [ 71328.004599999636412, 3159994.378499999642372 ], [ 71050.236399999819696, 3159918.294200003147125 ], [ 70697.239299999549985, 3159821.603700002655387 ], [ 70547.746000001206994, 3159780.655500002205372 ], [ 70544.852600000798702, 3159779.863000001758337 ], [ 70500.886900001205504, 3159767.820200001820922 ], [ 70344.427200000733137, 3159728.132800001651049 ], [ 69828.945600001141429, 3159597.376500003039837 ], [ 69724.776899999938905, 3159568.142100004479289 ], [ 69196.198300000280142, 3159419.799100000411272 ], [ 69034.447400001809001, 3159374.404500000178814 ], [ 69028.670599999837577, 3159372.783299999311566 ], [ 69025.782200000248849, 3159371.972600001841784 ], [ 69022.893799999728799, 3159371.162000002339482 ], [ 68812.839100001379848, 3159312.211200000718236 ], [ 68734.172800000756979, 3159263.044700000435114 ], [ 68688.284099999815226, 3159236.822600001469254 ], [ 68340.841299999505281, 3158931.99070000089705 ], [ 68272.651900000870228, 3158881.245099999010563 ], [ 68229.331300001591444, 3158849.00650000013411 ], [ 68058.953700001351535, 3158722.213899999856949 ], [ 67314.901600001379848, 3158122.383300002664328 ], [ 67207.759800000116229, 3158037.171100001782179 ], [ 67163.931300000287592, 3158002.313400000333786 ], [ 67073.143700000829995, 3157930.107999999076128 ], [ 66829.739000000990927, 3157736.523000001907349 ], [ 66576.942500000819564, 3157535.468500003218651 ], [ 66193.906700002029538, 3157230.83190000243485 ], [ 65921.852400001138449, 3157007.94400000013411 ], [ 65875.963700000196695, 3156971.888600002974272 ], [ 65839.908300001174212, 3156935.833200002089143 ], [ 65810.408500000834465, 3156850.611400002613664 ], [ 65788.436999999918044, 3156792.249500002712011 ], [ 65648.91440000012517, 3156421.642600001767278 ], [ 65600.631700000725687, 3156293.391700001433492 ], [ 65499.021000000648201, 3156044.281800001859665 ], [ 65476.07670000102371, 3155991.837500000372529 ], [ 65367.572200001217425, 3155919.005700001493096 ], [ 65236.799999999813735, 3155831.22719999961555 ], [ 64925.412500000558794, 3155621.450400000438094 ], [ 64865.680100000463426, 3155608.875099999830127 ], [ 64863.134999999776483, 3155608.339300001040101 ], [ 64810.690800000913441, 3155614.894800001755357 ], [ 64264.140999999828637, 3155661.658400001004338 ], [ 64258.162800000049174, 3155662.169900001958013 ], [ 64197.749200000427663, 3155667.338999999687076 ], [ 64056.805400000885129, 3155673.894600003957748 ], [ 63955.19480000063777, 3155641.116900000721216 ], [ 63823.45339999999851, 3155551.198200000450015 ], [ 63748.695700000971556, 3155500.173100002110004 ], [ 63588.141800001263618, 3155386.902100002393126 ], [ 63472.928699999116361, 3155305.619100004434586 ], [ 63123.203700000420213, 3155058.887500001117587 ], [ 62735.867000000551343, 3154785.620900001376867 ], [ 62493.312600000761449, 3154618.455 ], [ 62451.14130000025034, 3154569.795699998736382 ], [ 62408.090800000354648, 3154520.122100001201034 ], [ 62236.241500000469387, 3154323.326999999582767 ], [ 61798.426900000311434, 3153821.95860000140965 ], [ 61439.801500000990927, 3153417.734899999573827 ], [ 61149.783900001086295, 3153090.842200003564358 ], [ 60875.030399998649955, 3152781.154500000178814 ], [ 60873.703099999576807, 3152779.658399999141693 ], [ 60844.597900001332164, 3152746.852500000968575 ], [ 60633.76240000128746, 3152507.266700001433492 ], [ 60345.728699999861419, 3152179.955600002780557 ], [ 60195.600900001823902, 3152009.355799999088049 ], [ 60104.766800000332296, 3151916.705000003799796 ], [ 60031.712799999862909, 3151842.189899999648333 ], [ 59739.991899999789894, 3151553.746800001710653 ], [ 59589.937700000591576, 3151396.431900000199676 ], [ 59589.592600001953542, 3151396.070100001990795 ], [ 59536.770600000396371, 3151340.692199999466538 ], [ 59497.4375, 3151268.581499999389052 ], [ 59487.604200000874698, 3151186.637399999424815 ], [ 59477.770900000818074, 3151094.860000003129244 ], [ 59438.437700000591576, 3150904.749800002202392 ], [ 59241.772000001743436, 3150521.251599997282028 ], [ 59225.670900001190603, 3150488.636499999091029 ], [ 59133.153300000354648, 3150301.229200003668666 ], [ 58986.106500000692904, 3150003.3651 ], [ 58935.735400000587106, 3149895.754000002518296 ], [ 58913.995699999853969, 3149849.310200002044439 ], [ 58658.330200000666082, 3149367.479100000113249 ], [ 58616.594099999405444, 3149281.848200000822544 ], [ 58557.885300001129508, 3149161.393799999728799 ], [ 58557.00899999961257, 3149159.595899999141693 ], [ 58468.21999999973923, 3148977.425300002098083 ], [ 58432.164600000716746, 3148934.814400002360344 ], [ 58388.481999999843538, 3148916.093200001865625 ], [ 58363.331600000150502, 3148905.314500000327826 ], [ 58051.72510000038892, 3148800.893200000748038 ], [ 57747.112200000323355, 3148698.815500002354383 ], [ 57697.301400000229478, 3148684.823700001463294 ], [ 57694.413200000301003, 3148684.012399999424815 ], [ 56617.108300001360476, 3148381.398700000718236 ], [ 56580.228600001893938, 3148371.039200000464916 ], [ 56412.344200000166893, 3148322.743699999526143 ], [ 56189.386300001293421, 3148258.605100000277162 ], [ 56101.675300000235438, 3148233.373199999332428 ], [ 55990.231399999931455, 3148190.762300001457334 ], [ 55918.120600001886487, 3148138.31810000166297 ], [ 55889.134900001809001, 3148094.839500000700355 ], [ 55865.676400000229478, 3148059.651799999177456 ], [ 55847.324199999682605, 3148025.5691 ], [ 55698.4568000016734, 3147749.101099999621511 ], [ 55500.757200001738966, 3147381.944700000807643 ], [ 55475.622600000351667, 3147335.266200000420213 ], [ 55301.901200001128018, 3146994.378900002688169 ], [ 55292.031299999915063, 3146978.869100000709295 ], [ 55256.012500000186265, 3146922.268100000917912 ], [ 54981.827499998733401, 3146416.951900001615286 ], [ 54981.588999999687076, 3146416.51240000128746 ], [ 54859.403200000524521, 3146191.326999999582767 ], [ 54838.661399999633431, 3146150.491699999198318 ], [ 54754.51480000000447, 3145984.828000001609325 ], [ 54736.540500001050532, 3145936.89670000039041 ], [ 54734.848200000822544, 3145932.383800003677607 ], [ 54681.354500002227724, 3145538.8224 ], [ 54675.563099999912083, 3145496.214200001209974 ], [ 54674.754999999888241, 3145490.268899999558926 ], [ 54673.946899998933077, 3145484.323600001633167 ], [ 54667.078000000678003, 3145433.788200000301003 ], [ 54643.070899999700487, 3145257.164599999785423 ], [ 54629.959800001233816, 3145211.276000000536442 ], [ 54472.627199999988079, 3145017.888000002130866 ], [ 54338.238900000229478, 3144857.277599999681115 ], [ 54289.072500000707805, 3144831.055500000715256 ], [ 54213.684000000357628, 3144808.111099999397993 ], [ 53550.886199998669326, 3144661.679100003093481 ], [ 53368.021200000308454, 3144621.278699999675155 ], [ 53366.431100000627339, 3144620.609200000762939 ], [ 53305.743700002320111, 3144595.056600000709295 ], [ 53259.855000001378357, 3144542.612400000914931 ], [ 52941.911999999545515, 3143946.059500001370907 ], [ 52814.079300001263618, 3143687.11629999987781 ], [ 52774.746100000105798, 3143634.672100001946092 ], [ 52715.746399999596179, 3143608.450000001117587 ], [ 52566.217299999669194, 3143573.417500000447035 ], [ 52355.911999999545515, 3143524.145900001749396 ], [ 52142.137900000438094, 3143474.061699997633696 ], [ 52008.578700001351535, 3143437.636500000953674 ], [ 51997.916400000452995, 3143434.72859999909997 ], [ 51806.854399999603629, 3143226.030099999159575 ], [ 51784.861800001002848, 3143202.007400002330542 ], [ 51735.695300000719726, 3143126.618900001049042 ], [ 51732.417600000277162, 3143057.785900000482798 ], [ 51733.468399999663234, 3143048.32880000025034 ], [ 51738.548200000077486, 3143002.61009999923408 ], [ 51738.973100000061095, 3142998.786100002005696 ], [ 51762.122700000181794, 3142922.049500001594424 ], [ 51816.998400000855327, 3142740.146600002422929 ], [ 51915.972300000488758, 3142412.066600002348423 ], [ 51932.578800001181662, 3142348.896900001913309 ], [ 51933.34150000102818, 3142345.995500000193715 ], [ 52010.124399999156594, 3142053.919500002637506 ], [ 52083.13820000179112, 3141776.180599998682737 ], [ 52115.915800001472235, 3141645.070100001990795 ], [ 52112.719000001437962, 3141488.424100004136562 ], [ 52109.360300000756979, 3141323.849399998784065 ], [ 52103.140100000426173, 3141153.571900004521012 ], [ 52092.006000000983477, 3140848.7752 ], [ 52083.13820000179112, 3140606.019300000742078 ], [ 52082.795000000856817, 3140583.939799999818206 ], [ 52082.787199999205768, 3140583.439900001510978 ], [ 52078.046900000423193, 3140278.476700002327561 ], [ 52073.30489999987185, 3139973.411100002005696 ], [ 52047.082799999974668, 3139094.97069999948144 ], [ 52046.523699998855591, 3139074.912599999457598 ], [ 52037.607300001196563, 3138755.036900002509356 ], [ 52029.108900001272559, 3138450.155300002545118 ], [ 52020.860700001008809, 3138154.25280000269413 ], [ 52003.614099999889731, 3137536.511000001803041 ], [ 51986.590300001204014, 3136926.748600002378225 ], [ 51986.534500000067055, 3136924.749300001189113 ], [ 51984.805300001986325, 3136862.814300000667572 ], [ 51983.738800000399351, 3136621.775800002738833 ], [ 51982.592800000682473, 3136362.77840000204742 ], [ 51981.527600000612438, 3136122.039899999275804 ], [ 51952.02770000230521, 3135702.486300002783537 ], [ 51886.47240000218153, 3135430.432000001892447 ], [ 51856.972600001841784, 3135279.654900001361966 ], [ 51873.361400001682341, 3135210.821899998933077 ], [ 51909.416800000704825, 3135191.155300000682473 ], [ 51968.416500002145767, 3135197.710800001397729 ], [ 52053.638300000689924, 3135227.210700001567602 ], [ 52129.026899999938905, 3135246.877300001680851 ], [ 52227.359800000675023, 3135263.266100002452731 ], [ 52299.470499999821186, 3135197.710800001397729 ], [ 52338.803700000047684, 3135155.099899999797344 ], [ 52361.748000000603497, 3135125.600100001320243 ], [ 52335.525900000706315, 3135050.211500002071261 ], [ 52326.698000000789762, 3134990.274900000542402 ], [ 52296.535100001841784, 3134785.484300000593066 ], [ 52273.248399999924004, 3134627.380100004374981 ], [ 52263.415100000798702, 3134043.938400002196431 ], [ 52263.307899999432266, 3134033.273399999365211 ], [ 52263.006400001235306, 3134003.275000002235174 ], [ 52258.715200001373887, 3133576.296499999240041 ], [ 52256.859600000083447, 3133391.663600001484156 ], [ 52237.19300000090152, 3132893.443700002506375 ], [ 51971.694299998693168, 3132588.611700002104044 ], [ 51860.250300000421703, 3132454.22350000217557 ], [ 51824.194900001399219, 3132414.8903 ], [ 51814.361700000241399, 3132385.390400003641844 ], [ 51814.361700000241399, 3132359.168299999088049 ], [ 51868.864000000990927, 3132291.040399998426437 ], [ 52057.521900000981987, 3132055.218000002205372 ], [ 52220.804200001060963, 3131851.115100003778934 ], [ 52204.415400001220405, 3131411.894899999722838 ], [ 52197.842400001361966, 3131169.889300003647804 ], [ 52168.360000000335276, 3130084.401000002399087 ], [ 52162.720000000670552, 3129943.402300000190735 ], [ 52158.526700000278652, 3129838.568800002336502 ], [ 52148.693500000052154, 3129756.62470000050962 ], [ 52125.749100000597537, 3129694.347200000658631 ], [ 52056.916100000031292, 3129615.680900001898408 ], [ 51961.860999999567866, 3129530.459100004285574 ], [ 51453.807800001464784, 3129176.460700003430247 ], [ 51360.646700001321733, 3129111.160900002345443 ], [ 51103.087100001052022, 3128930.628500001505017 ], [ 50965.421100000850856, 3128845.406700002029538 ], [ 50673.700200000777841, 3128629.074400002136827 ], [ 50041.082399999722838, 3128167.434300003573298 ], [ 49874.010499999858439, 3128046.523500001057982 ] ] ] } },
{ "type": "Feature", "properties": { "IMIS_CODE": "31110000011001000", "PARENT_CHA": "Abehayat Disty", "REMARKS": null, "ZONE_NAME": "Bahawalpur", "CIRCLE_NAM": "Rahimyar Khan", "CHANNEL_NA": "Rahim Minor", "CHANNEL_TY": "D", "DESIGNED_D": 14.0 }, "geometry": { "type": "MultiLineString", "coordinates": [ [ [ 81512.237900000996888, 3179239.374500002712011 ], [ 81901.493700000457466, 3178978.433600001037121 ], [ 82132.945000000298023, 3178819.310900000855327 ], [ 82128.123100000433624, 3178766.27000000141561 ], [ 82055.794599999673665, 3178636.078700002282858 ], [ 82070.260299999266863, 3178423.91499999910593 ], [ 82094.369800000451505, 3178139.422900002449751 ], [ 82157.054500001482666, 3178018.875400001183152 ], [ 82210.095399999991059, 3177861.560899998992682 ], [ 82300.506000000052154, 3177731.369500001892447 ], [ 82474.094400000758469, 3177536.082499999552965 ], [ 82600.669300001114607, 3177355.261299999430776 ], [ 82597.052900000475347, 3177188.905700003728271 ], [ 82586.203599998727441, 3176697.071800000965595 ], [ 82568.121500000357628, 3176150.991499997675419 ], [ 82560.888700000941753, 3175858.061100002378225 ], [ 82533.106800001114607, 3174994.965900003910065 ] ] ] } },
{ "type": "Feature", "properties": { "IMIS_CODE": "31110000011002000", "PARENT_CHA": "Abehayat Disty", "REMARKS": null, "ZONE_NAME": "Bahawalpur", "CIRCLE_NAM": "Rahimyar Khan", "CHANNEL_NA": "Colony Minor", "CHANNEL_TY": "M", "DESIGNED_D": 8.0 }, "geometry": { "type": "MultiLineString", "coordinates": [ [ [ 79741.157200001180172, 3177244.103800000622869 ], [ 79631.700600000098348, 3177244.103800000622869 ], [ 79475.807900002226233, 3177237.470000000670552 ], [ 79160.705699999816716, 3177161.182100001722574 ], [ 78779.266200000420213, 3177108.112299999222159 ], [ 78308.271200001239777, 3177041.775000002235174 ], [ 78109.259300000965595, 3177015.240000002086163 ], [ 77948.404299999587238, 3176994.489300003275275 ], [ 77829.275400001555681, 3176997.19679999910295 ], [ 77604.555100002326071, 3177008.026699999347329 ], [ 77387.957200000062585, 3177051.34630000218749 ], [ 77217.386400000192225, 3177097.373299999162555 ], [ 77038.693099999800324, 3177097.373299999162555 ], [ 76908.734400001354516, 3177070.298599999397993 ], [ 76805.850400000810623, 3177035.101399999111891 ], [ 76692.136500001884997, 3176945.75480000115931 ], [ 76608.204800001345575, 3176902.435200002044439 ], [ 76437.633999998681247, 3176897.020300004631281 ], [ 76237.747399999760091, 3176880.534800002351403 ] ] ] } },
{ "type": "Feature", "properties": { "IMIS_CODE": "31110000011003000", "PARENT_CHA": "Abehayat Disty", "REMARKS": null, "ZONE_NAME": "Bahawalpur", "CIRCLE_NAM": "Rahimyar Khan", "CHANNEL_NA": "Shadab Minor", "CHANNEL_TY": "M", "DESIGNED_D": 36.0 }, "geometry": { "type": "MultiLineString", "coordinates": [ [ [ 79584.427900000475347, 3175750.813900001347065 ], [ 79030.095700001344085, 3175385.284499999135733 ], [ 78891.512600000947714, 3175293.902200002223253 ], [ 78625.632900000549853, 3175118.579800002276897 ], [ 78531.893100000917912, 3175061.520800003781915 ], [ 78516.640100001357496, 3175037.116100000217557 ], [ 78470.758400000631809, 3174963.705299999564886 ], [ 78193.614699999801815, 3174519.460200002416968 ], [ 78041.79700000025332, 3174369.170900002121925 ], [ 77982.291799999773502, 3174319.986700002104044 ], [ 77981.90639999974519, 3174319.668199999257922 ], [ 77900.203200000338256, 3174252.136100001633167 ], [ 77835.863800000399351, 3174198.956200001761317 ], [ 77730.010299999266863, 3174115.462100001052022 ], [ 77475.724200000986457, 3173900.90820000320673 ], [ 77465.024100000038743, 3173891.880000000819564 ], [ 77436.564000000245869, 3173867.866800002753735 ], [ 77426.635800002142787, 3173858.335699999704957 ], [ 77391.287800000049174, 3173824.401599997654557 ], [ 77283.727300000376999, 3173721.1436 ], [ 77164.514800000935793, 3173617.214700000360608 ], [ 77149.231100000441074, 3173556.0801 ], [ 77124.317000000737607, 3172998.909700004383922 ], [ 77123.691599999554455, 3172984.92369999922812 ], [ 77115.918899999931455, 3172811.097400000318885 ], [ 77115.607099999673665, 3172804.123900001868606 ], [ 77106.436900001019239, 3172501.507400002330542 ], [ 77108.322399999015033, 3172390.25929999910295 ], [ 77108.475000000558794, 3172381.260600002482533 ], [ 77112.550300000235438, 3172140.812999999150634 ], [ 77061.902400001883507, 3171991.056200003251433 ], [ 77042.954800001345575, 3171779.474600002169609 ] ] ] } },
{ "type": "Feature", "properties": { "IMIS_CODE": "31110000011003010", "PARENT_CHA": "Shadab Minor", "REMARKS": null, "ZONE_NAME": "Bahawalpur", "CIRCLE_NAM": "Rahimyar Khan", "CHANNEL_NA": "Mondi Sub Minor", "CHANNEL_TY": "SM", "DESIGNED_D": 23.0 }, "geometry": { "type": "MultiLineString", "coordinates": [ [ [ 77835.863800000399351, 3174198.956200001761317 ], [ 77562.795699999667704, 3174203.031799998134375 ], [ 77277.500700001604855, 3174194.8805 ], [ 76437.918200000189245, 3174215.258799998089671 ], [ 75749.134500001557171, 3174239.712600002065301 ], [ 75243.754699999466538, 3174243.788300001993775 ], [ 74938.081500001251698, 3174243.788300001993775 ], [ 74803.585300001315773, 3174235.637000000104308 ], [ 74746.526300000958145, 3174141.897200001403689 ], [ 74665.013400000520051, 3173762.862400002777576 ], [ 74591.651800001971424, 3173286.0121 ], [ 74510.139000000432134, 3172609.455299999564886 ], [ 74554.971000000834465, 3172450.505300002172589 ], [ 74612.029999999329448, 3172389.370600003749132 ], [ 74587.576200001873076, 3172250.79869999922812 ], [ 74534.592800000682473, 3171831.007500000298023 ], [ 74477.533799999393523, 3171716.889500001445413 ], [ 74436.777400000952184, 3171639.452299999073148 ], [ 74359.340200000442564, 3171557.939400002360344 ], [ 74330.810700000263751, 3170420.83500000089407 ], [ 74323.667999999597669, 3170273.2193 ] ] ] } },
{ "type": "Feature", "properties": { "IMIS_CODE": "31110000011004000", "PARENT_CHA": "Abehayat Disty", "REMARKS": null, "ZONE_NAME": "Bahawalpur", "CIRCLE_NAM": "Rahimyar Khan", "CHANNEL_NA": "1/L Abehayat Minor", "CHANNEL_TY": "M", "DESIGNED_D": 223.0 }, "geometry": { "type": "MultiLineString", "coordinates": [ [ [ 80442.341300000436604, 3171856.209100002422929 ], [ 80588.932500001043081, 3171770.990200003609061 ], [ 80761.245699999853969, 3171650.77170000039041 ], [ 80878.714300001040101, 3171508.716700002551079 ], [ 80933.558899999596179, 3171442.393000001087785 ], [ 81342.301800000481308, 3170993.577199999243021 ], [ 81492.44649999961257, 3170816.858200000599027 ], [ 81507.986100001260638, 3170798.568200001493096 ], [ 81509.928500001318753, 3170796.282000001519918 ], [ 81755.97169999871403, 3170506.691299999132752 ], [ 81761.799100001342595, 3170499.832599999383092 ], [ 81795.124800000339746, 3170460.608500001952052 ], [ 82183.831300000660121, 3170011.792800003662705 ], [ 82347.976700000464916, 3169843.916900001466274 ], [ 82350.773100001737475, 3169841.056800002232194 ], [ 82360.151800001040101, 3169831.464999999850988 ], [ 82420.260999999940395, 3169763.34119999781251 ], [ 82513.497999999672174, 3169659.262700002640486 ], [ 82592.574200000613928, 3169570.991599999368191 ], [ 82668.712600000202656, 3169454.780400002375245 ], [ 82696.241800001822412, 3169399.721999999135733 ], [ 82704.778100000694394, 3169382.649299999698997 ], [ 82704.778100000694394, 3169322.540100002661347 ], [ 82704.778100000694394, 3169230.372500002384186 ], [ 82684.74170000012964, 3169162.248700002208352 ], [ 82676.72719999961555, 3169118.168600000441074 ], [ 82636.654299999587238, 3169054.052100002765656 ], [ 82604.298700000159442, 3168998.58530000410974 ], [ 82584.143800000660121, 3168964.034199999645352 ], [ 82424.9206000007689, 3168691.079999998211861 ], [ 82396.703900001011789, 3168642.708399999886751 ], [ 82328.093500000424683, 3168525.090600004419684 ], [ 82039.144600002095103, 3168029.315100001171231 ], [ 82038.641099999658763, 3168028.451099997386336 ], [ 81947.401600000448525, 3167871.90340000204742 ], [ 81884.845199999399483, 3167769.7280000038445 ], [ 81884.584200001321733, 3167769.301600001752377 ], [ 81706.964600000530481, 3167479.189700001850724 ], [ 81673.143600000999868, 3167422.708599999547005 ], [ 81657.731399999931455, 3167396.970200002193451 ], [ 81465.07880000025034, 3167075.240500003099442 ], [ 81463.023900001309812, 3167071.808700000867248 ], [ 81344.863700000569224, 3166874.481200003996491 ], [ 81344.606800001114607, 3166874.052200002595782 ], [ 81306.236200001090765, 3166809.973300000652671 ], [ 81278.269199999980628, 3166762.253400001674891 ], [ 81112.423000002279878, 3166479.27110000140965 ], [ 80999.667799999937415, 3166286.877600001171231 ], [ 80827.248399999924004, 3165992.679400002583861 ], [ 80819.664000001735985, 3165979.738099997863173 ], [ 80743.819600000046194, 3165850.325500000268221 ], [ 80743.566800001077354, 3165849.894100001081824 ], [ 80733.194700001738966, 3165832.19620000012219 ], [ 80544.852400000207126, 3165535.657199999317527 ], [ 80490.547900000587106, 3165405.326500002294779 ], [ 80464.706700000911951, 3165343.307600000873208 ], [ 80383.670800000429153, 3165191.805600002408028 ], [ 80372.539200001396239, 3165170.994400002062321 ], [ 80331.174400000832975, 3165102.052999999374151 ], [ 80330.91710000205785, 3165101.624299999326468 ], [ 80033.024100001901388, 3164605.135900003835559 ], [ 79989.291900000534952, 3164532.248999997973442 ], [ 79927.730700001120567, 3164429.647000001743436 ], [ 79828.756000001914799, 3164269.402200004085898 ], [ 79811.940200001001358, 3164242.176600001752377 ], [ 79628.543200001120567, 3163945.248100003227592 ], [ 79627.492200002074242, 3163943.546500001102686 ], [ 79591.118900001049042, 3163884.656400002539158 ], [ 79466.199799999594688, 3163666.048000002279878 ], [ 79423.53179999999702, 3163591.379100002348423 ], [ 79423.283800001256168, 3163590.945000002160668 ], [ 79318.623599999584258, 3163407.789700001478195 ], [ 79214.503200000151992, 3163247.604399999603629 ], [ 79214.434300000779331, 3163247.498400002717972 ], [ 79082.193900001235306, 3162983.01770000346005 ], [ 78986.019100000150502, 3162834.748200001195073 ], [ 78724.750500000081956, 3162400.898500001057982 ], [ 78549.22520000115037, 3162109.429900001734495 ], [ 78055.591099999845028, 3161278.195400003343821 ], [ 78040.272900000214577, 3161252.401000002399087 ], [ 77861.560600002296269, 3160951.465899998322129 ], [ 77851.957899999804795, 3160935.295800004154444 ], [ 77819.899600001983345, 3160887.208400001749396 ], [ 77506.78249999973923, 3160618.822300000116229 ], [ 77506.402900001034141, 3160618.49690000154078 ], [ 77455.236800000071526, 3160574.640300001949072 ], [ 76922.268100001849234, 3160113.802700001746416 ], [ 76840.937500000931323, 3160050.545600002631545 ], [ 76814.071500001475215, 3160029.649800000712276 ], [ 76810.310300000943244, 3160025.020700003951788 ], [ 76761.976800000295043, 3159965.53319999948144 ], [ 76582.299599999561906, 3159738.727600002661347 ], [ 76517.532500000670552, 3159656.97240000218153 ], [ 76172.906100002117455, 3159216.17119999974966 ], [ 76099.573900000192225, 3159122.236100001260638 ], [ 75901.428000000305474, 3158868.420700000599027 ], [ 75896.505199999548495, 3158862.114800002425909 ], [ 75764.202799999155104, 3158692.641800001263618 ], [ 75680.513899999670684, 3158585.44030000269413 ], [ 75331.376600000075996, 3158138.21200000308454 ], [ 75222.451800000853837, 3157995.376700000837445 ], [ 75213.356000000610948, 3157983.449100002646446 ], [ 74906.604600001126528, 3157581.19960000179708 ], [ 74846.495300000533462, 3157513.075799999758601 ], [ 74812.15610000025481, 3157430.661800002679229 ], [ 74806.422500001266599, 3157416.901000002399087 ], [ 74698.067700000479817, 3157135.981200002133846 ], [ 74637.969100001268089, 3156980.169900003820658 ], [ 74590.029199999757111, 3156855.881300002336502 ], [ 74579.336500001139939, 3156828.080399999395013 ], [ 74529.919900001958013, 3156699.597200000658631 ], [ 74526.935000000521541, 3156691.808299999684095 ], [ 74273.453800001181662, 3156030.38090000115335 ], [ 74058.6764000011608, 3155500.596799999475479 ], [ 74024.487300000153482, 3155416.263599999248981 ], [ 74018.851700002327561, 3155402.362500000745058 ], [ 73972.907500000670552, 3155289.033500000834465 ], [ 73920.812900001183152, 3155144.771299999207258 ], [ 73884.747300000861287, 3155040.581900000572205 ], [ 73855.505900000222027, 3154992.732300002127886 ], [ 73840.667200000025332, 3154968.450799999758601 ], [ 73708.426800000481308, 3154868.268700003623962 ], [ 73554.591500001959503, 3154792.144000001251698 ], [ 73319.720300000160933, 3154675.919099999591708 ], [ 73202.39740000013262, 3154611.292100002989173 ], [ 73201.959500000812113, 3154611.050799999386072 ], [ 72801.672100000083447, 3154390.553600000217557 ], [ 72494.230499999597669, 3154221.200099999085069 ], [ 71901.142000001855195, 3153894.498800000175834 ], [ 71733.011199999600649, 3153802.026900002732873 ], [ 71653.275600001215935, 3153758.1722999997437 ], [ 71370.257799999788404, 3153602.512499999254942 ], [ 71340.122300000861287, 3153585.937999999150634 ], [ 71183.838299999944866, 3153529.836000002920628 ], [ 71100.686099999584258, 3153505.792000001296401 ], [ 70851.233699998818338, 3153433.6612 ], [ 70718.993400000967085, 3153397.59569999948144 ], [ 70671.661000001244247, 3153360.30350000038743 ], [ 70671.268300000578165, 3153359.994100000709295 ], [ 70586.753000001423061, 3153293.406300002709031 ], [ 70389.29350000154227, 3153126.724899999797344 ], [ 70339.303299999795854, 3153084.526699999347329 ], [ 70201.052000002004206, 3152982.340900000184774 ], [ 69996.680500000715256, 3152832.067800000309944 ], [ 69995.823400000110269, 3152831.569700002670288 ], [ 69736.448899999260902, 3152680.822000004351139 ], [ 69645.041400000452995, 3152627.696300001814961 ], [ 69425.553899999707937, 3152499.316900003701448 ], [ 69393.61600000038743, 3152480.636200001463294 ], [ 69326.462400000542402, 3152441.357699999585748 ], [ 68925.270299999043345, 3152220.010300001129508 ], [ 68892.873900000937283, 3152202.136499999091029 ], [ 68890.67030000127852, 3152200.920699998736382 ], [ 68770.451800000853837, 3152152.833300003781915 ], [ 68588.28899999987334, 3152050.366699999198318 ], [ 68481.927400000393391, 3151990.538300001993775 ], [ 68301.599700001068413, 3151882.341600000858307 ], [ 68275.112900000065565, 3151861.554500002413988 ], [ 68064.168100001290441, 3151696.002900000661612 ], [ 67880.834900001063943, 3151518.680700000375509 ], [ 67838.296799999661744, 3151482.580800000578165 ], [ 67324.824300001375377, 3151046.823000002652407 ], [ 67256.171299999579787, 3150990.900299999862909 ], [ 67019.696200001053512, 3150798.274900000542402 ], [ 66870.999500000849366, 3150677.151100004091859 ], [ 66555.34910000115633, 3150402.800700001418591 ], [ 66417.228500001132488, 3150282.75199999846518 ], [ 66227.830500000156462, 3150118.135099999606609 ], [ 65877.787800000049174, 3149827.359000001102686 ], [ 65659.798000001348555, 3149646.277500001713634 ], [ 65392.311900001019239, 3149423.873200001195073 ], [ 65106.792900000698864, 3149249.556399999186397 ], [ 65051.06110000051558, 3149215.6886 ], [ 64931.420000000856817, 3149142.983600001782179 ], [ 64921.16509999986738, 3149136.751800002530217 ], [ 64716.082799999974668, 3149012.124900002032518 ], [ 64304.334400000981987, 3148798.737000003457069 ], [ 64207.328200001269579, 3148760.522400001063943 ], [ 64105.973900001496077, 3148720.595000002533197 ], [ 63837.601100000552833, 3148600.386399999260902 ], [ 63528.925099999643862, 3148462.125200001522899 ], [ 63330.731100001372397, 3148369.491100000217557 ], [ 62975.920000000856817, 3148203.65540000423789 ], [ 62794.095400000922382, 3148062.236300000920892 ], [ 62759.526700001209974, 3148035.349500000476837 ], [ 62633.297199999913573, 3147918.136500000953674 ], [ 62597.417600000277162, 3147889.432800002396107 ], [ 62597.027199999429286, 3147889.12049999833107 ], [ 62062.259300000965595, 3147461.306200001388788 ], [ 61888.659700000658631, 3147302.672000002115965 ], [ 61539.308899999596179, 3146983.437600001692772 ], [ 61326.976300000213087, 3146791.434699999168515 ], [ 61256.795399999246001, 3146727.973300002515316 ], [ 61112.533200001344085, 3146601.743900002911687 ], [ 60784.806600000709295, 3146330.066000001505017 ], [ 60769.147700000554323, 3146316.85360000282526 ], [ 60768.765500001609325, 3146316.531099999323487 ] ] ] } },
{ "type": "Feature", "properties": { "IMIS_CODE": "31110000011004010", "PARENT_CHA": "1/L Abehayat Minor", "REMARKS": null, "ZONE_NAME": "Bahawalpur", "CIRCLE_NAM": "Rahimyar Khan", "CHANNEL_NA": "1R/IL Abehayat Sub Minor", "CHANNEL_TY": "SM", "DESIGNED_D": 22.0 }, "geometry": { "type": "MultiLineString", "coordinates": [ [ [ 74529.919900001958013, 3156699.597200000658631 ], [ 74015.343399999663234, 3156633.376800000667572 ], [ 73746.545699999667704, 3156593.057099999859929 ], [ 73232.470100000500679, 3156529.217700004577637 ], [ 73067.83150000218302, 3156522.497700000181794 ], [ 72963.672400000505149, 3156485.53800000064075 ], [ 72667.994900002144277, 3156320.899500001221895 ], [ 72459.676700000651181, 3156233.540200000628829 ], [ 71928.801300001330674, 3155981.542400002479553 ], [ 71088.808500000275671, 3155588.425700001418591 ], [ 70141.296600000932813, 3155158.34940000064671 ], [ 69647.380800001323223, 3154943.311200002208352 ], [ 68478.110800000838935, 3154402.355899998918176 ], [ 68027.87470000050962, 3154180.597800001502037 ], [ 67278.601099999621511, 3153871.480399999767542 ], [ 66539.407400000840425, 3153505.243600001558661 ], [ 65571.735700001008809, 3153068.447300001978874 ], [ 65318.325699999928474, 3152936.912499999627471 ] ] ] } },
{ "type": "Feature", "properties": { "IMIS_CODE": "31110000011004020", "PARENT_CHA": "1/L Abehayat Minor", "REMARKS": null, "ZONE_NAME": "Bahawalpur", "CIRCLE_NAM": "Rahimyar Khan", "CHANNEL_NA": "2R/IL Abehayat Sub Minor", "CHANNEL_TY": "SM", "DESIGNED_D": 2.0 }, "geometry": { "type": "MultiLineString", "coordinates": [ [ [ 61326.976300000213087, 3146791.434699999168515 ], [ 61091.890700001269579, 3146797.455800000578165 ], [ 60738.544300001114607, 3146801.471100000664592 ] ] ] } },
{ "type": "Feature", "properties": { "IMIS_CODE": "31110000011005000", "PARENT_CHA": "Abehayat Disty", "REMARKS": null, "ZONE_NAME": "Bahawalpur", "CIRCLE_NAM": "Rahimyar Khan", "CHANNEL_NA": "Pir Chanan Minor", "CHANNEL_TY": "M", "DESIGNED_D": 18.0 }, "geometry": { "type": "MultiLineString", "coordinates": [ [ [ 76515.581500000320375, 3167585.284300001338124 ], [ 76532.86699999962002, 3167521.533800000324845 ], [ 76556.211600000970066, 3167378.547600001096725 ], [ 76582.47440000064671, 3167209.298600001260638 ], [ 76582.47440000064671, 3167162.609300000593066 ], [ 76620.409500000998378, 3167118.838000001385808 ], [ 76625.719000001437962, 3167110.149700000882149 ], [ 76652.508500001393259, 3167066.312400002032518 ], [ 76696.279699999839067, 3167002.114600002765656 ], [ 76742.969100001268089, 3166917.4901 ], [ 76842.18400000128895, 3166724.896400002762675 ], [ 76891.791500001214445, 3166593.582599999383092 ], [ 76909.299999999813735, 3166523.548500001430511 ], [ 76967.661700001917779, 3166418.497500002384186 ], [ 77011.338800001889467, 3166345.70240000076592 ], [ 77046.450000000186265, 3166287.183600002899766 ], [ 77084.385100000537932, 3166187.968700001016259 ], [ 77089.775799999944866, 3166165.058299999684095 ], [ 77107.729800000786781, 3166088.753800000995398 ], [ 77107.729800000786781, 3166050.142100002616644 ], [ 77107.729800000786781, 3165983.7027000002563 ], [ 77104.811700000427663, 3165718.156999999657273 ], [ 77087.30320000089705, 3165656.877200001850724 ], [ 77072.712799999862909, 3165467.20160000026226 ], [ 77019.236100000329316, 3165015.323800001293421 ], [ 77015.710400002077222, 3164985.531700002029538 ], [ 77014.351100000552833, 3164974.045200003311038 ], [ 76973.497899999842048, 3164842.731300001963973 ], [ 76954.786199999973178, 3164798.625100001692772 ], [ 76932.64470000192523, 3164746.434500001370907 ], [ 76690.443599999882281, 3164346.6568 ], [ 76640.986100000329316, 3164261.028899999335408 ], [ 76494.931800000369549, 3164008.158900000154972 ], [ 76273.157300000078976, 3163631.72580000013113 ], [ 76265.134300000034273, 3163622.699899999424815 ], [ 76226.468000000342727, 3163579.200300002470613 ], [ 76141.979000001214445, 3163479.349700000137091 ], [ 76130.17119999974966, 3163465.394999999552965 ], [ 75861.707300000824034, 3163135.651300001889467 ], [ 75785.837100000120699, 3163056.863000001758337 ], [ 75690.51970000192523, 3162996.118400001898408 ], [ 75675.429400001652539, 3162988.070300001651049 ], [ 75674.988300001248717, 3162987.83500000461936 ] ] ] } },
{ "type": "Feature", "properties": { "IMIS_CODE": "31110000011006000", "PARENT_CHA": "Abehayat Disty", "REMARKS": null, "ZONE_NAME": "Bahawalpur", "CIRCLE_NAM": "Rahimyar Khan", "CHANNEL_NA": "Jhole Minor", "CHANNEL_TY": "M", "DESIGNED_D": 19.0 }, "geometry": { "type": "MultiLineString", "coordinates": [ [ [ 75129.087900001555681, 3166048.013600001111627 ], [ 74814.9112000009045, 3166006.468700001016259 ], [ 74602.733000000007451, 3165974.86769999936223 ], [ 74494.386700000613928, 3165911.665699999779463 ], [ 74358.953900000080466, 3165875.550200000405312 ], [ 73803.679100001230836, 3165767.204000001773238 ], [ 73559.900000001303852, 3165717.545199999585748 ], [ 73293.548600002191961, 3165667.886500000953674 ], [ 73040.740600001066923, 3165667.886500000953674 ], [ 72539.639000000432134, 3165672.40090000256896 ], [ 72101.739400001242757, 3165658.857700001448393 ], [ 71821.844800001010299, 3165672.40090000256896 ], [ 71699.955200001597404, 3165640.799900000914931 ], [ 71618.695500002242625, 3165609.198899999260902 ], [ 71541.950199999846518, 3165536.968100000172853 ], [ 71167.252600000239909, 3165162.270500000566244 ], [ 70512.660400000400841, 3165216.443600000813603 ], [ 70413.343000001274049, 3165157.755999999120831 ], [ 69799.380700001493096, 3164683.74100000038743 ], [ 69501.428400001488626, 3164458.019600002095103 ], [ 68730.589599999599159, 3164333.308500001206994 ], [ 68618.857500000856817, 3164275.749500000849366 ], [ 68219.330600000917912, 3163964.253900000825524 ], [ 68104.212600000202656, 3163903.3091000020504 ] ] ] } },
{ "type": "Feature", "properties": { "IMIS_CODE": "31110000011007000", "PARENT_CHA": "Abehayat Disty", "REMARKS": null, "ZONE_NAME": "Bahawalpur", "CIRCLE_NAM": "Rahimyar Khan", "CHANNEL_NA": "Shergarh Minor", "CHANNEL_TY": "M", "DESIGNED_D": 47.0 }, "geometry": { "type": "MultiLineString", "coordinates": [ [ [ 68688.284099999815226, 3159236.822600001469254 ], [ 68523.845499999821186, 3159290.252499999478459 ], [ 68085.945900000631809, 3159439.22859999909997 ], [ 67819.594600000418723, 3159547.574899999424815 ], [ 67029.569500001147389, 3159836.498400000855327 ], [ 66790.304800000973046, 3159931.301400002092123 ], [ 66731.617200001142919, 3159949.359099999070168 ], [ 66654.87190000154078, 3160008.046700002625585 ], [ 66537.496799999848008, 3160111.878500003367662 ], [ 66388.520600000396371, 3160229.253700003027916 ], [ 66203.428999999538064, 3160387.258699998259544 ], [ 66167.31359999999404, 3160418.859700001776218 ], [ 66108.626000000163913, 3160427.888599999248981 ], [ 65178.653700000606477, 3160427.888599999248981 ], [ 65074.821800000965595, 3160418.859700001776218 ], [ 65002.591000000014901, 3160387.258699998259544 ], [ 64736.23970000166446, 3160107.928400000557303 ], [ 64343.484300000593066, 3159742.259700002148747 ], [ 64055.689500001259148, 3159488.323000002652407 ], [ 63629.0760000012815, 3159122.654300002381206 ], [ 63016.242200001142919, 3158597.851900001987815 ], [ 62474.510800000280142, 3158133.994400000199676 ], [ 62220.574100000783801, 3157900.372700002044439 ], [ 61804.11809999961406, 3157754.782299999147654 ], [ 61705.92920000012964, 3157673.522600002586842 ], [ 61045.693999999202788, 3157020.059000002220273 ], [ 60534.434899999760091, 3156539.272400001063943 ], [ 59691.365400000475347, 3156156.674500001594424 ], [ 58553.729300001636147, 3155658.958700001239777 ], [ 58506.327800000086427, 3155618.3289 ], [ 58441.997200000099838, 3155543.840800002217293 ], [ 57988.297000001184642, 3155042.739200003445148 ], [ 57967.982100000604987, 3154985.18019999936223 ], [ 57937.509700001217425, 3154836.20409999974072 ], [ 57896.879900000058115, 3154707.54280000180006 ], [ 57829.163399999961257, 3154409.590500000864267 ] ] ] } },
{ "type": "Feature", "properties": { "IMIS_CODE": "31110000012000000", "PARENT_CHA": "Sherin Disty", "REMARKS": null, "ZONE_NAME": "Bahawalpur", "CIRCLE_NAM": "Rahimyar Khan", "CHANNEL_NA": "Nazir Minor", "CHANNEL_TY": "M", "DESIGNED_D": 16.0 }, "geometry": { "type": "MultiLineString", "coordinates": [ [ [ 63666.82530000153929, 3170209.516800001263618 ], [ 63713.683100000023842, 3170096.874199999496341 ], [ 63770.217700000852346, 3169960.969100000336766 ], [ 63775.110000000335276, 3169940.747500002384186 ], [ 63837.271900000981987, 3169683.811700001358986 ], [ 63922.207200000993907, 3169353.010900000110269 ], [ 63918.705200000666082, 3169254.952400002628565 ], [ 63917.737000000663102, 3169227.843000002205372 ], [ 63935.61809999961406, 3169165.259100001305342 ], [ 63721.044599999673665, 3169031.150700001046062 ], [ 63698.693199999630451, 3168981.977600002661347 ], [ 63671.871500000357628, 3168852.339500000700355 ], [ 63636.109300000593066, 3168570.711800001561642 ], [ 63595.876699999906123, 3168418.722200002521276 ], [ 63560.114500000141561, 3168311.435499999672174 ], [ 63519.882000001147389, 3168217.559600001201034 ], [ 63497.530600001104176, 3167842.05599999986589 ], [ 63498.384399999864399, 3167692.212600000202656 ], [ 63500.105100001208484, 3167390.217400003224611 ], [ 63502.760200001299381, 3166924.224899999797344 ], [ 63502.763000000268221, 3166923.725000001490116 ] ] ] } },
{ "type": "Feature", "properties": { "IMIS_CODE": "31110000013000000", "PARENT_CHA": "Sherin Disty", "REMARKS": null, "ZONE_NAME": "Bahawalpur", "CIRCLE_NAM": "Rahimyar Khan", "CHANNEL_NA": "Bakhshan Minor", "CHANNEL_TY": "M", "DESIGNED_D": 12.0 }, "geometry": { "type": "MultiLineString", "coordinates": [ [ [ 59998.788100000470877, 3167877.023200001567602 ], [ 59329.458899999968708, 3167453.520100001245737 ], [ 58907.042600001208484, 3167190.275100002065301 ], [ 58573.394899999722838, 3166969.884000001475215 ], [ 58480.243300000205636, 3166910.729400001466274 ], [ 58154.039499999955297, 3166703.578000001609325 ], [ 58013.234099999070168, 3166620.93129999935627 ], [ 57829.574799999594688, 3166538.284700002521276 ], [ 57666.022199999541044, 3166463.323100000619888 ], [ 57462.256199998781085, 3166369.930300001055002 ], [ 57012.291000001132488, 3166177.08809999935329 ], [ 56868.424599999561906, 3166118.929300002753735 ], [ 56757.223200000822544, 3166070.910500001162291 ], [ 56599.057599999941885, 3166002.6118 ], [ 56210.312100000679493, 3165828.13540000282228 ], [ 56205.198500000871718, 3165825.81980000063777 ], [ 56104.082500000484288, 3165780.031500000506639 ], [ 55561.382700000889599, 3165534.280600000172853 ], [ 55206.308100000023842, 3165378.170199999585748 ], [ 55111.417500000447035, 3165341.438300000503659 ], [ 54795.471500000916421, 3165202.139399999752641 ], [ 54752.840300000272691, 3165183.996500002220273 ], [ 54750.079900000244379, 3165182.821700001135468 ] ] ] } },
{ "type": "Feature", "properties": { "IMIS_CODE": "31110000013001000", "PARENT_CHA": "Lower Haji Disty", "REMARKS": null, "ZONE_NAME": "Bahawalpur", "CIRCLE_NAM": "Rahimyar Khan", "CHANNEL_NA": "Bahishti Minor", "CHANNEL_TY": "M", "DESIGNED_D": 13.0 }, "geometry": { "type": "MultiLineString", "coordinates": [ [ [ 59397.209400000981987, 3165158.200099999085069 ], [ 59531.258200000971556, 3164661.545900002121925 ], [ 59678.976300001144409, 3164135.525300001725554 ], [ 59729.027600000612438, 3163975.986900001764297 ], [ 59736.622399999760091, 3163951.77840000204742 ], [ 59742.29839999973774, 3163927.813300002366304 ], [ 59742.759300000034273, 3163925.867100002244115 ], [ 59866.326200000941753, 3163404.140500001609325 ], [ 59956.398199998773634, 3163187.96760000102222 ], [ 60050.073100000619888, 3162816.870900001376867 ], [ 60118.705599999986589, 3162599.534500000998378 ], [ 60136.542200000956655, 3162543.051899999380112 ], [ 60186.982500000856817, 3162290.850300000980496 ], [ 60211.410799999721348, 3162225.708200002089143 ], [ 60219.408500001765788, 3162204.381100002676249 ], [ 60190.585400001145899, 3162128.720599999651313 ], [ 60011.910100000910461, 3161719.79360000230372 ], [ 60001.900400000624359, 3161696.884900001809001 ], [ 59841.10600000154227, 3161328.881099998950958 ], [ 59675.373500001616776, 3160975.798800002783537 ], [ 59459.216500000096858, 3160773.058399999514222 ], [ 59152.955700000748038, 3160485.807 ], [ 58973.626799999736249, 3160322.7807 ], [ 58943.83659999910742, 3160293.526699999347329 ], [ 58943.479799999855459, 3160293.176400002092123 ] ] ] } },
{ "type": "Feature", "properties": { "IMIS_CODE": "31110000014000000", "PARENT_CHA": "Sherin Disty", "REMARKS": null, "ZONE_NAME": "Bahawalpur", "CIRCLE_NAM": "Rahimyar Khan", "CHANNEL_NA": "Lower Haji Disty", "CHANNEL_TY": "D", "DESIGNED_D": 78.0 }, "geometry": { "type": "MultiLineString", "coordinates": [ [ [ 59998.788100000470877, 3167877.023200001567602 ], [ 60170.371000002138317, 3167614.753499999642372 ], [ 60328.257000001147389, 3167389.421100001782179 ], [ 60701.932000000029802, 3166841.839099999517202 ], [ 60768.340100000612438, 3166736.367499999701977 ], [ 60773.287100001238286, 3166721.961200004443526 ], [ 60777.51549999974668, 3166707.3279 ], [ 60781.01490000076592, 3166692.5033 ], [ 60783.776700001209974, 3166677.523700004443526 ], [ 60785.794100000523031, 3166662.425899997353554 ], [ 60787.062199998646975, 3166647.246799999848008 ], [ 60787.578000000678003, 3166632.023499997332692 ], [ 60787.340099999681115, 3166616.793299997225404 ], [ 60786.34910000115633, 3166601.593599999323487 ], [ 60784.607499999925494, 3166586.461500003933907 ], [ 60782.119500001892447, 3166571.434000002220273 ], [ 60778.891200000420213, 3166556.548100002110004 ], [ 60774.930600000545382, 3166541.840000001713634 ], [ 60770.247200000099838, 3166527.345799999311566 ], [ 60764.85259999986738, 3166513.101100001484156 ], [ 60758.759999999776483, 3166499.140600001439452 ], [ 60751.984300000593066, 3166485.49860000051558 ], [ 60744.542100000195205, 3166472.208499999716878 ], [ 60736.451600001193583, 3166459.302800001576543 ], [ 60727.732700001448393, 3166446.813000001013279 ], [ 60718.406600000336766, 3166434.769800001755357 ], [ 60708.496100001037121, 3166423.2027000002563 ], [ 60698.025700000114739, 3166412.140000002458692 ], [ 59908.941900000907481, 3165642.588100001215935 ], [ 59576.901800001040101, 3165330.079700000584126 ], [ 59397.209400000981987, 3165158.200099999085069 ], [ 58283.89820000063628, 3164087.858799999579787 ], [ 57584.660600000992417, 3163419.871999999508262 ], [ 57526.065300001762807, 3163326.119500003755093 ], [ 57451.844600002281368, 3163158.146200003102422 ], [ 57115.898000000044703, 3162431.56420000270009 ], [ 56744.794300001114607, 3161654.199500003829598 ], [ 56529.944800001569092, 3161158.092399999499321 ], [ 56061.182199999690056, 3160197.129100002348423 ], [ 55924.459700000472367, 3159900.246100002899766 ], [ 55916.647000000812113, 3159736.179200001060963 ], [ 55912.740699999965727, 3159540.861400000751019 ], [ 55920.553399999625981, 3159345.543700000271201 ], [ 55904.928000000305474, 3159107.255999997258186 ], [ 55897.115199999883771, 3158880.687400000169873 ], [ 55881.489799999631941, 3158587.710799999535084 ], [ 55854.145300001837313, 3158341.610400000587106 ], [ 55799.456400000490248, 3158197.075300002470613 ], [ 55701.797500001266599, 3158005.663899999111891 ], [ 55315.068300001323223, 3157458.774100001901388 ], [ 55154.907800001092255, 3157134.546700002625585 ], [ 55162.720500000752509, 3156986.105200000107288 ], [ 55108.031499999575317, 3156782.974700000137091 ], [ 55025.998100000433624, 3156591.563300000503659 ], [ 55022.091700000688434, 3156482.185399999842048 ], [ 54912.713800000958145, 3156404.058299999684095 ], [ 54865.837500001303852, 3156333.743899999186397 ], [ 54815.054900000803173, 3156216.553199999034405 ], [ 54787.710400000214577, 3156001.703700000420213 ], [ 54756.45960000064224, 3155814.198599999770522 ], [ 54740.834100000560284, 3155732.165200004354119 ], [ 54709.58330000191927, 3155654.038100002333522 ], [ 54682.238800000399351, 3155568.098300002515316 ], [ 54693.957899999804795, 3155493.877500001341105 ], [ 54736.927799999713898, 3155321.997899999842048 ], [ 54795.52309999987483, 3155064.178500002250075 ], [ 54791.616700001060963, 3154896.205200001597404 ], [ 54783.804000000469387, 3154704.793800001963973 ], [ 54760.365899999625981, 3154529.007799999788404 ], [ 54686.145200000144541, 3154263.375700002536178 ], [ 54670.51970000192523, 3154224.312100000679493 ] ] ] } },
{ "type": "Feature", "properties": { "IMIS_CODE": "31110000015000000", "PARENT_CHA": "Rahimyar Khan Branch", "REMARKS": null, "ZONE_NAME": "Bahawalpur", "CIRCLE_NAM": "Rahimyar Khan", "CHANNEL_NA": "Sultan Pur Disty", "CHANNEL_TY": "D", "DESIGNED_D": 37.0 }, "geometry": { "type": "MultiLineString", "coordinates": [ [ [ 50886.510200000368059, 3163186.61089999973774 ], [ 50666.992100002244115, 3163157.539100002497435 ], [ 50486.995200000703335, 3163128.422000002115965 ], [ 50145.530399999581277, 3162941.807500001043081 ], [ 49489.070900000631809, 3162595.048599999397993 ], [ 48337.178700000047684, 3162000.279300004243851 ], [ 47250.138300000689924, 3161421.465600002557039 ], [ 46621.520700002089143, 3161084.889699999243021 ], [ 46383.857300001196563, 3160967.456000000238419 ], [ 45775.718500000424683, 3160643.115300001576543 ], [ 45367.496599999256432, 3160430.61629999987781 ], [ 44988.633100002072752, 3160232.097400000318885 ], [ 44936.90639999974519, 3160183.1667 ], [ 44903.35390000231564, 3160134.235999999567866 ], [ 44861.413299999199808, 3160069.92710000090301 ], [ 44853.025200000032783, 3159952.493400001898408 ], [ 44856.287200001068413, 3159259.153000002726912 ], [ 44878.655600000172853, 3158538.395999999716878 ], [ 44853.801900000311434, 3158456.378799999132752 ], [ 44257.313299999572337, 3157437.377400001510978 ], [ 44046.056900001130998, 3157076.998900001868606 ], [ 43847.227300000376999, 3156761.35700000077486 ], [ 43840.516900001093745, 3156745.372100001201034 ], [ 43834.527499999850988, 3156729.103200001642108 ], [ 43829.271200001239777, 3156712.582900002598763 ], [ 43824.758500000461936, 3156695.844200003892183 ], [ 43820.998300001956522, 3156678.920600002631545 ], [ 43817.998300000093877, 3156661.845799999311566 ], [ 43815.764299998991191, 3156644.653999999165535 ], [ 43814.300900002010167, 3156627.379499999806285 ], [ 43813.610999999567866, 3156610.056900002062321 ], [ 43813.695899999700487, 3156592.720799997448921 ], [ 43814.555500000715256, 3156575.405799999833107 ], [ 43816.188099998980761, 3156558.146500000730157 ], [ 43818.590400000102818, 3156540.977399999275804 ], [ 43821.757600001059473, 3156523.932800002396107 ], [ 43825.683300000615418, 3156507.046900000423193 ], [ 43830.3597999997437, 3156490.353199999779463 ], [ 43835.777700001373887, 3156473.885200001299381 ], [ 43841.926200000569224, 3156457.675800001248717 ], [ 43848.792900000698864, 3156441.757300002500415 ], [ 43856.364200000651181, 3156426.161699999123812 ], [ 43864.624900000169873, 3156410.920000003650784 ], [ 43875.063800000585616, 3156396.462600000202656 ], [ 43886.096099999733269, 3156382.452700002118945 ], [ 43897.702500001527369, 3156368.914599999785423 ], [ 43909.862900000065565, 3156355.871800003573298 ], [ 43922.556099999696016, 3156343.346999997273088 ], [ 43935.760200001299381, 3156331.362000001594424 ], [ 43949.452100000344217, 3156319.937500001862645 ], [ 43963.608199999667704, 3156309.093400003388524 ], [ 43978.203700002282858, 3156298.848500000312924 ], [ 43993.213499999605119, 3156289.220599999651313 ], [ 44008.611400000751019, 3156280.226500002667308 ], [ 44024.370600000023842, 3156271.881700001657009 ], [ 44040.463800001889467, 3156264.200799999758601 ], [ 44056.863100000657141, 3156257.197100000455976 ], [ 44067.106500000692904, 3156253.194599999114871 ], [ 44083.797400000505149, 3156247.323799999430776 ], [ 44100.717299999669194, 3156242.150000000372529 ], [ 44117.837100001983345, 3156237.681900002062321 ], [ 44135.127399999648333, 3156233.927300002425909 ], [ 44152.558500001206994, 3156230.8926 ], [ 44170.100399999879301, 3156228.583000000566244 ], [ 44187.722900002263486, 3156227.002600003033876 ], [ 44207.268800000660121, 3156229.634200001135468 ], [ 44226.905200000852346, 3156231.47240000218153 ], [ 44246.599900000728667, 3156232.513900004327297 ], [ 44266.320600002072752, 3156232.757200000807643 ], [ 44286.035000000149012, 3156232.201900001615286 ], [ 44305.710799999535084, 3156230.84880000166595 ], [ 44325.315600001253188, 3156228.700200004503131 ], [ 44344.817400000989437, 3156225.759700000286102 ], [ 44364.184100001119077, 3156222.031899997964501 ], [ 44423.832999999634922, 3156179.780600000172853 ], [ 44451.172100000083447, 3156137.52930000051856 ], [ 44495.908699999563396, 3156095.278100000694394 ], [ 44625.147900001145899, 3156043.08530000038445 ], [ 44809.065200000070035, 3155821.887500002980232 ], [ 44983.041100000031292, 3155615.601800000295043 ], [ 45102.338800000026822, 3155473.935800002887845 ], [ 45288.741500000469387, 3155294.989199999719858 ], [ 45388.156200000084937, 3155188.118300002068281 ], [ 45377.93859999999404, 3154882.55599999986589 ], [ 45223.293400000780821, 3154643.960500001907349 ], [ 45064.229800000786781, 3154356.762299997732043 ], [ 45042.137600000947714, 3154277.230499997735023 ], [ 45011.208599999547005, 3153283.082800002768636 ], [ 44997.953300000168383, 3152633.573000000789762 ], [ 45053.196600002236664, 3152348.551899999380112 ] ] ] } },
{ "type": "Feature", "properties": { "IMIS_CODE": "31110000016000000", "PARENT_CHA": "Rahimyar Khan Branch", "REMARKS": null, "ZONE_NAME": "Bahawalpur", "CIRCLE_NAM": "Rahimyar Khan", "CHANNEL_NA": "Azim Disty", "CHANNEL_TY": "D", "DESIGNED_D": 13.0 }, "geometry": { "type": "MultiLineString", "coordinates": [ [ [ 50886.510200000368059, 3163186.61089999973774 ], [ 51096.767599999904633, 3163194.523800000548363 ], [ 51595.789900001138449, 3163220.399000000208616 ], [ 51758.434199999086559, 3163209.309599999338388 ], [ 51768.202500000596046, 3163206.571200001984835 ], [ 51777.768699999898672, 3163203.194000001996756 ], [ 51787.091099999845028, 3163199.192700000479817 ], [ 51796.129100000485778, 3163194.584799999371171 ], [ 51804.84320000000298, 3163189.3903 ], [ 51813.19539999961853, 3163183.631899999454618 ], [ 51821.257000000216067, 3163177.305800002068281 ], [ 51828.881199999712408, 3163170.459000002592802 ], [ 51836.034599999897182, 3163163.1217 ], [ 51842.685499999672174, 3163155.325999999418855 ], [ 51848.804800001904368, 3163147.1064000017941 ], [ 51854.365500000305474, 3163138.499100003391504 ], [ 51859.343100001104176, 3163129.541900001466274 ], [ 51863.715700000524521, 3163120.274300003424287 ], [ 51867.463999999687076, 3163110.737099999561906 ], [ 51870.571500000543892, 3163100.972300002351403 ], [ 51873.024500001221895, 3163091.022900000214577 ], [ 52017.186500001698732, 3162710.287299998104572 ], [ 52113.294499999843538, 3162440.445600003004074 ], [ 52146.562700000591576, 3162370.212900003418326 ], [ 52150.259100002236664, 3162229.747300002723932 ], [ 52224.188299999572337, 3161786.17200000025332 ], [ 52394.225600000470877, 3161501.544400002807379 ], [ 52530.994599999859929, 3161290.846100002527237 ], [ 52804.532800002023578, 3161039.486800001934171 ], [ 53214.840000000782311, 3160651.358300000429153 ], [ 53262.894000000320375, 3160570.036200003698468 ], [ 53259.197499999776483, 3160418.481200000271201 ], [ 53233.322300001978874, 3159974.905899999663234 ] ] ] } },
{ "type": "Feature", "properties": { "IMIS_CODE": "31110000017000000", "PARENT_CHA": "Rahimyar Khan Branch", "REMARKS": null, "ZONE_NAME": "Bahawalpur", "CIRCLE_NAM": "Rahimyar Khan", "CHANNEL_NA": "Tarinda Disty", "CHANNEL_TY": "D", "DESIGNED_D": 231.0 }, "geometry": { "type": "MultiLineString", "coordinates": [ [ [ 50886.510200000368059, 3163186.61089999973774 ], [ 50896.627100002020597, 3162905.111600002273917 ], [ 50755.00800000037998, 3162536.902100002393126 ], [ 50355.327600001357496, 3161649.422700000926852 ], [ 50046.912800000980496, 3160950.768800001591444 ], [ 49987.11809999961406, 3160790.267200000584126 ], [ 49930.470500000752509, 3160667.530700001865625 ], [ 49930.470500000752509, 3160560.5296 ], [ 50009.147700000554323, 3160362.263000000268221 ], [ 50216.855700001120567, 3160028.671399999409914 ], [ 50226.296900001354516, 3159981.46509999781847 ], [ 50175.943500000983477, 3159817.816400000825524 ], [ 50119.29590000025928, 3159682.491600001230836 ], [ 50157.061000000685453, 3158694.305300001055002 ], [ 50185.384800000116229, 3158033.416500002145767 ], [ 50220.002800000831485, 3157004.318099999800324 ], [ 50238.885300002060831, 3156450.430200001224875 ], [ 50248.32660000026226, 3156299.369899999350309 ], [ 50352.180499999783933, 3156019.278899999335408 ], [ 50393.092699999921024, 3155852.483200000599027 ], [ 50424.563600000925362, 3155764.364600002765656 ], [ 50468.62290000077337, 3155506.303300000727177 ], [ 50484.358300000429153, 3155304.889500001445413 ], [ 50534.71169999986887, 3155232.506400000303984 ], [ 50777.037700000219047, 3155075.152000002563 ], [ 51762.076799999922514, 3154392.233400002121925 ], [ 52076.785799999721348, 3154178.231300001963973 ], [ 52123.99210000038147, 3154137.319199999794364 ], [ 52155.463000001385808, 3154077.524500001221895 ], [ 52177.492700001224875, 3153910.728700000792742 ], [ 52356.876799998804927, 3152894.218700001016259 ], [ 52432.407000000588596, 3152208.153100002557039 ], [ 52444.995299999602139, 3151899.738300001248717 ], [ 52476.4662000015378, 3151830.502299999818206 ], [ 52507.93709999974817, 3151780.148800000548363 ], [ 52536.260900000110269, 3151534.675800001248717 ], [ 52520.525500000454485, 3151440.263100001960993 ], [ 52422.965699999593198, 3151304.938300000503659 ], [ 52092.521200001239777, 3150974.49379999935627 ], [ 52035.873599999584258, 3150861.198599999770522 ], [ 51504.015400000847876, 3149712.510800002142787 ], [ 51308.895900000818074, 3149309.683299999684095 ], [ 50732.978400000371039, 3148066.582800002768636 ], [ 50566.182600001804531, 3147720.402900001034141 ], [ 50506.387900000438094, 3147673.196500001475215 ], [ 50254.620700000785291, 3147528.430400000885129 ], [ 49584.290600000880659, 3147185.397600004449487 ], [ 49515.054600001312792, 3147116.16160000115633 ], [ 49112.227100000716746, 3146590.5976 ], [ 48297.130800000391901, 3145536.322499999776483 ], [ 47847.0970000019297, 3144954.11089999973774 ], [ 47721.213400000706315, 3144762.138399999588728 ], [ 47708.625, 3144633.107699999585748 ], [ 47674.007000001147389, 3143471.831500003114343 ], [ 47648.830299999564886, 3142546.587099999189377 ], [ 47604.771100000478327, 3142442.7331000007689 ], [ 47488.328700002282858, 3142351.467500001192093 ], [ 47054.030299999751151, 3142156.347900003194809 ], [ 46443.494900001212955, 3141879.40399999730289 ], [ 45807.782700001262128, 3140906.953299999237061 ], [ 45272.777400000952184, 3140095.004100002348423 ], [ 44740.919300000183284, 3139257.878100000321865 ], [ 44174.443100000731647, 3138373.545900002121925 ], [ 43743.291799999773502, 3137718.951199999079108 ], [ 43667.317600001581013, 3137599.621700001880527 ], [ 43419.141500000841916, 3137209.822000000625849 ], [ 43384.52350000012666, 3137080.791300000622869 ], [ 43076.108700001612306, 3136020.222000002861023 ], [ 42921.901300000958145, 3135485.216700000688434 ], [ 42767.693900000303984, 3135252.332100002095103 ], [ 42613.486499999649823, 3135006.859099999070168 ], [ 42537.956300000660121, 3134959.652699999511242 ] ] ] } },
{ "type": "Feature", "properties": { "IMIS_CODE": "31110000017001000", "PARENT_CHA": "Tarinda Disty", "REMARKS": null, "ZONE_NAME": "Bahawalpur", "CIRCLE_NAM": "Rahimyar Khan", "CHANNEL_NA": "Channa Minor", "CHANNEL_TY": "M", "DESIGNED_D": 8.0 }, "geometry": { "type": "MultiLineString", "coordinates": [ [ [ 49987.11809999961406, 3160790.267200000584126 ], [ 49647.256900002248585, 3160777.448800001293421 ], [ 49546.536100001074374, 3160752.26860000193119 ], [ 49304.806100000627339, 3160616.295500002801418 ], [ 47733.5608000010252, 3159714.843900002539158 ], [ 47718.543500000610948, 3159708.540900001302361 ], [ 47703.852400001138449, 3159701.511 ], [ 47689.522699999623001, 3159693.770899999886751 ], [ 47675.588800000026822, 3159685.339199999347329 ], [ 47662.083899999968708, 3159676.23619999922812 ], [ 47649.040400000289083, 3159666.483500003814697 ], [ 47636.489500000141561, 3159656.104499999433756 ], [ 47624.461300000548363, 3159645.124100001528859 ], [ 47612.984500001184642, 3159633.568499999120831 ], [ 47602.086699998937547, 3159621.465400001034141 ], [ 47591.79380000103265, 3159608.843900002539158 ], [ 47582.13050000090152, 3159595.734000001102686 ], [ 47573.120099999941885, 3159582.167099999263883 ], [ 47564.783900000154972, 3159568.175800001248717 ], [ 47557.142099999822676, 3159553.793500002473593 ], [ 47550.212800000794232, 3159539.054700002074242 ], [ 47544.012699999846518, 3159523.994600001722574 ], [ 47538.556500000879169, 3159508.649299999698997 ], [ 47533.857499999925494, 3159493.055500000715256 ], [ 47529.926700000651181, 3159477.250600000843406 ], [ 47526.773700000718236, 3159461.272200001403689 ], [ 47524.405900001525879, 3159445.158899998292327 ], [ 47522.829100001603365, 3159428.948900001123548 ], [ 47522.04700000025332, 3159412.68129999935627 ], [ 47506.938900001347065, 3159075.266500003635883 ] ] ] } },
{ "type": "Feature", "properties": { "IMIS_CODE": "31110000017002000", "PARENT_CHA": "Tarinda Disty", "REMARKS": null, "ZONE_NAME": "Bahawalpur", "CIRCLE_NAM": "Rahimyar Khan", "CHANNEL_NA": "Pattan Munara Mionr", "CHANNEL_TY": "M", "DESIGNED_D": 79.0 }, "geometry": { "type": "MultiLineString", "coordinates": [ [ [ 50238.885300002060831, 3156450.430200001224875 ], [ 49194.01310000102967, 3155791.7668999992311 ], [ 48196.876699999906123, 3154940.675699999555945 ], [ 47048.659099999815226, 3153978.791600001975894 ], [ 47013.406800000928342, 3153913.323100000619888 ], [ 46958.010300001129508, 3153439.935100000351667 ], [ 47114.127600001171231, 3153087.412100002169609 ], [ 47265.20890000090003, 3152704.672900002449751 ], [ 47396.146000000648201, 3152407.546400001272559 ], [ 47441.470399999991059, 3152316.897600000724196 ], [ 47416.290200001560152, 3152115.455900000408292 ], [ 47250.10080000013113, 3150760.760500002652407 ], [ 47149.379900000989437, 3149924.777499999850988 ], [ 47114.127600001171231, 3149874.417100002989173 ], [ 47058.731100001372397, 3149819.020600002259016 ], [ 45683.89159999974072, 3149068.650300001725554 ], [ 45552.954500000923872, 3148978.001500001177192 ], [ 45507.630100001581013, 3148887.352800002321601 ], [ 45170.215300001204014, 3148131.946399997919798 ], [ 45175.251299999654293, 3148011.081400001421571 ], [ 45170.215300001204014, 3147824.7478 ], [ 45155.107100000604987, 3147295.963400000706315 ], [ 45114.818800000473857, 3147190.206500001251698 ], [ 44596.106399999931455, 3146646.31389999948442 ], [ 44452.825500000268221, 3146492.706400001421571 ], [ 44037.105700001120567, 3146047.024900000542402 ], [ 44027.033600000664592, 3145976.520300002768636 ], [ 44021.997600000351667, 3145875.799400001764297 ], [ 44142.862600001506507, 3145518.24040000140667 ], [ 44258.691599999554455, 3145110.321000002324581 ], [ 44445.025200000964105, 3144531.176100000739098 ], [ 44439.989100001752377, 3144153.472899999469519 ], [ 44450.06120000127703, 3143241.949300004169345 ], [ 44424.881000000052154, 3143105.976099999621511 ], [ 43483.141099999658763, 3142254.885000003501773 ] ] ] } },
{ "type": "Feature", "properties": { "IMIS_CODE": "31110000017002010", "PARENT_CHA": "Pattan Munara Mionr", "REMARKS": null, "ZONE_NAME": "Bahawalpur", "CIRCLE_NAM": "Rahimyar Khan", "CHANNEL_NA": "Akbar Sub Minor", "CHANNEL_TY": "M", "DESIGNED_D": 9.0 }, "geometry": { "type": "MultiLineString", "coordinates": [ [ [ 44452.825500000268221, 3146492.706400001421571 ], [ 44284.105200001038611, 3146506.102099999785423 ], [ 43959.582400000654161, 3146517.860200000926852 ], [ 43362.272300000302494, 3146543.727900000289083 ], [ 42739.094500000588596, 3146546.079500002786517 ], [ 42146.487600000575185, 3146557.837600000202656 ], [ 41992.848799999803305, 3146511.197300001978874 ], [ 41848.616499999538064, 3146429.674600001424551 ], [ 41560.151800001040101, 3146307.390699999406934 ], [ 41441.003300001844764, 3146250.951899999752641 ], [ 41365.751600001007318, 3146207.055099999532104 ], [ 41315.583800001069903, 3146134.938900001347065 ], [ 41246.603199999779463, 3146012.654999999329448 ], [ 41177.622499999590218, 3145821.3903 ], [ 41105.506299999542534, 3145605.041800003498793 ], [ 40964.409400001168251, 3145209.970599999651313 ], [ 40923.648100000806153, 3145140.989900002256036 ], [ 40829.583500000648201, 3145056.331800000742078 ], [ 40776.280299999751151, 3145012.435000002384186 ] ] ] } },
{ "type": "Feature", "properties": { "IMIS_CODE": "31110000017003000", "PARENT_CHA": "Tarinda Disty", "REMARKS": null, "ZONE_NAME": "Bahawalpur", "CIRCLE_NAM": "Rahimyar Khan", "CHANNEL_NA": "Jue Sheer Minor", "CHANNEL_TY": "M", "DESIGNED_D": 14.0 }, "geometry": { "type": "MultiLineString", "coordinates": [ [ [ 43667.317600001581013, 3137599.621700001880527 ], [ 44265.265900000929832, 3136706.754699999466538 ], [ 44690.4206000007689, 3136084.577099999412894 ], [ 44960.030900000594556, 3135659.422399999573827 ], [ 45322.967899999581277, 3135296.485400002449751 ], [ 45888.112600000575185, 3134762.4496 ], [ 45851.818900001235306, 3134067.684599999338388 ], [ 45908.851800002157688, 3134015.836399998515844 ], [ 46334.006599999964237, 3133756.595699997618794 ], [ 46676.204300001263618, 3133564.75760000012815 ], [ 46800.63980000000447, 3133450.691700000315905 ], [ 46852.487900000996888, 3133362.549900002777576 ], [ 46868.042400001548231, 3133207.005500001832843 ], [ 46883.596800000406802, 3132994.428100002929568 ], [ 46914.705699999816716, 3132818.144500002264977 ], [ 46873.227200000546873, 3132605.567100001499057 ], [ 46862.857499999925494, 3132522.61009999923408 ], [ 47002.847500000149012, 3132346.326400000602007 ] ] ] } },
{ "type": "Feature", "properties": { "IMIS_CODE": "31110000018000000", "PARENT_CHA": "Sadiq Feeder", "REMARKS": null, "ZONE_NAME": "Bahawalpur", "CIRCLE_NAM": "Rahimyar Khan", "CHANNEL_NA": "Nasim Disty", "CHANNEL_TY": "D", "DESIGNED_D": 8.0 }, "geometry": { "type": "MultiLineString", "coordinates": [ [ [ 40105.214599999599159, 3157991.775700001046062 ], [ 40094.535400001332164, 3157959.738099999725819 ], [ 40042.622100000269711, 3157803.998199999332428 ], [ 39993.953400000929832, 3157675.296400003135204 ], [ 39961.507500001229346, 3157598.507900001481175 ], [ 39923.654099999926984, 3157504.415000002831221 ], [ 39907.431100000627339, 3157374.631699999794364 ], [ 39942.598600001074374, 3157270.05940000154078 ] ] ] } },
{ "type": "Feature", "properties": { "IMIS_CODE": "31110000019000000", "PARENT_CHA": "Sadiq Branch", "REMARKS": null, "ZONE_NAME": "Bahawalpur", "CIRCLE_NAM": "Rahimyar Khan", "CHANNEL_NA": "Adam Sohaba Disty", "CHANNEL_TY": "D", "DESIGNED_D": 460.0 }, "geometry": { "type": "MultiLineString", "coordinates": [ [ [ 39794.394900000654161, 3157633.330900000408292 ], [ 39744.434200000017881, 3157549.0801 ], [ 39668.952100001275539, 3157469.625300001353025 ], [ 39621.279199999757111, 3157410.034199999645352 ], [ 39596.778000000864267, 3157331.6305 ], [ 39581.551800000481308, 3157282.906500002369285 ], [ 39541.824400001205504, 3157060.43300000205636 ], [ 39498.124200001358986, 3156786.313800003379583 ], [ 39486.742900000885129, 3156655.428800003603101 ], [ 39474.874699999578297, 3156518.943900000303984 ], [ 39474.287800000980496, 3156512.194700002670288 ], [ 39541.824400001205504, 3156265.884700002148747 ], [ 39577.578999999910593, 3156114.92060000449419 ], [ 39580.398600000888109, 3156093.421 ], [ 39609.360999999567866, 3155872.583299998193979 ], [ 39633.197399999946356, 3155602.436899999156594 ], [ 39736.488699999637902, 3155427.636300001293421 ], [ 39759.652300000190735, 3155185.705200001597404 ], [ 39759.700000001117587, 3155185.207499999552965 ], [ 39772.243400000967085, 3155054.198599999770522 ], [ 39796.079800001345575, 3154780.079500002786517 ], [ 39835.807200000621378, 3154597.333400003612041 ], [ 39863.616399998776615, 3154414.587300002574921 ], [ 39835.807200000621378, 3154327.187000002712011 ], [ 39806.8885000012815, 3154263.817400002852082 ], [ 39747.406800001859665, 3154133.474800001829863 ], [ 39407.502299999818206, 3153388.64049999974668 ], [ 39378.941999999806285, 3153326.056200003251433 ], [ 39125.928000001236796, 3152705.191200001165271 ], [ 38998.552000000141561, 3152528.652500003576279 ], [ 38873.613099999725819, 3152369.83190000243485 ], [ 38734.861300000920892, 3152193.452500002458692 ], [ 38571.289500000886619, 3151977.904700001701713 ], [ 38495.751899999566376, 3151878.364499997347593 ], [ 38390.722600000910461, 3151739.815100001171231 ], [ 38301.335900001227856, 3151643.724400004372001 ], [ 38289.903599999845028, 3151634.097200002521276 ], [ 38216.418599999509752, 3151572.215099999681115 ], [ 37990.717199999839067, 3151366.625700000673532 ], [ 37749.373200001195073, 3151161.036400001496077 ], [ 37396.295800002291799, 3150718.572300000116229 ], [ 37172.47130000218749, 3150438.504700001329184 ], [ 36960.535799999721348, 3150173.31360000371933 ], [ 36949.733000000938773, 3150159.513499999418855 ], [ 36573.938399999402463, 3149679.452199999243021 ], [ 36142.647599998861551, 3149143.132100002840161 ], [ 36036.203099999576807, 3149066.566800002008677 ], [ 36015.271600000560284, 3149051.510800000280142 ], [ 35933.785900000482798, 3148996.67930000461638 ], [ 35410.272499999031425, 3148644.408600002527237 ], [ 35297.943500000983477, 3148568.822699999436736 ], [ 35168.393000000156462, 3148473.893399998545647 ], [ 35038.722200001589954, 3148378.876000000163913 ], [ 34873.356800000183284, 3148150.940000001341105 ], [ 34798.293399999849498, 3148039.166700001806021 ], [ 34567.207400001585484, 3147695.067900002002716 ], [ 34418.176199999637902, 3147485.069400003179908 ], [ 34272.231399999000132, 3147279.419900001958013 ], [ 34266.827100001275539, 3147271.213300000876188 ], [ 34151.55940000154078, 3147096.177200000733137 ], [ 33689.728199999779463, 3146990.527100000530481 ], [ 33489.177899999544024, 3146936.665000000968575 ], [ 32762.755300000309944, 3146741.568600000813603 ], [ 32554.043100000359118, 3146686.578599998727441 ], [ 32453.47520000115037, 3146660.081700000911951 ], [ 32276.514299999922514, 3146613.45720000192523 ], [ 32255.24030000064522, 3146607.852100001648068 ], [ 31878.158200000412762, 3146508.501200001686811 ], [ 31611.321100001223385, 3146441.791899997740984 ], [ 31484.232499999925494, 3146410.0197 ], [ 31454.399100000970066, 3146402.5614 ], [ 31086.877000000327826, 3146305.009200001135468 ], [ 30070.086000001057982, 3146035.120299998670816 ], [ 29970.533300000242889, 3146008.695800002664328 ], [ 29959.901499999687076, 3146005.873700000345707 ], [ 29878.712800000794232, 3145984.323700001463294 ], [ 29738.174900000914931, 3145947.020400000736117 ], [ 29076.051400000229478, 3145766.922800000756979 ], [ 29061.641900001093745, 3145767.350199997425079 ], [ 29045.649000000208616, 3145767.82459999807179 ], [ 28802.594399999827147, 3145775.03380000218749 ], [ 28573.168600001372397, 3145778.013400001451373 ], [ 28553.275700001046062, 3145780.851100001484156 ], [ 28533.290699999779463, 3145782.944499999284744 ], [ 28513.241600000299513, 3145784.290699999779463 ], [ 28493.156100001186132, 3145784.887900002300739 ], [ 28473.062400000169873, 3145784.735200004652143 ], [ 28452.988400001078844, 3145783.832800004631281 ], [ 28432.962000001221895, 3145782.181900000199676 ], [ 28413.011200001463294, 3145779.785000002011657 ], [ 28393.16370000038296, 3145776.645200001075864 ], [ 28373.447200001217425, 3145772.767000000923872 ], [ 28353.88920000102371, 3145768.155799999833107 ], [ 28334.516800001263618, 3145762.818000001832843 ], [ 28315.357099999673665, 3145756.761100001633167 ], [ 28296.436700001358986, 3145749.9934 ], [ 28277.782100000418723, 3145742.52450000308454 ], [ 28259.419099999591708, 3145734.364600002765656 ], [ 28241.373499999754131, 3145725.525299999862909 ], [ 28223.67020000051707, 3145716.018700001761317 ], [ 28206.333999999798834, 3145705.8581000007689 ], [ 28189.389000000432134, 3145695.057700000703335 ], [ 28172.858799999579787, 3145683.63260000385344 ], [ 28156.766499999910593, 3145671.598600002005696 ], [ 28141.134400000795722, 3145658.972500002011657 ], [ 28125.984299999661744, 3145645.771899998188019 ], [ 28111.33739999961108, 3145632.015100000426173 ], [ 28093.587400000542402, 3145618.609700001776218 ], [ 28075.388100000098348, 3145605.821000002324581 ], [ 28056.760800002142787, 3145593.664000000804663 ], [ 28037.727500000037253, 3145582.153200002387166 ], [ 28018.310600000433624, 3145571.301999999210238 ], [ 27998.532800000160933, 3145561.123200003057718 ], [ 27978.417600000277162, 3145551.628700001165271 ], [ 27957.988500000908971, 3145542.829800004139543 ], [ 27938.344800001010299, 3145535.156800001859665 ], [ 27937.269700000993907, 3145534.7369 ], [ 27916.285500000230968, 3145527.359300000593066 ], [ 27895.06050000153482, 3145520.705900004133582 ], [ 27873.619800001382828, 3145514.784499999135733 ], [ 27851.988600000739098, 3145509.60190000012517 ], [ 27830.192400000989437, 3145505.16440000012517 ], [ 27808.256799999624491, 3145501.477100003510714 ], [ 27786.207600000314415, 3145498.544400000944734 ], [ 27764.070900000631809, 3145496.369699999690056 ], [ 27741.872500000521541, 3145494.955600000917912 ], [ 27399.223500000312924, 3145506.873800000175834 ], [ 27360.489300000481308, 3145509.85330000333488 ], [ 27350.539200000464916, 3145509.73760000243783 ], [ 27165.551700000651181, 3145507.586600003764033 ], [ 27104.247500001452863, 3145506.873800000175834 ], [ 27005.922100000083447, 3145483.0373 ], [ 26898.658100000582635, 3145444.303099999204278 ], [ 26809.27140000090003, 3145390.671099998056889 ], [ 26457.970300000160933, 3145117.138900004327297 ], [ 26418.949599999934435, 3145086.756400002166629 ], [ 26352.325400001369417, 3145034.706299997866154 ], [ 26323.603800000622869, 3145012.2675 ], [ 26049.484700000844896, 3144681.536800000816584 ], [ 25999.659300000406802, 3144624.162000002339482 ], [ 25852.834000001661479, 3144455.090500002726912 ], [ 25838.009300000034273, 3144440.984999999403954 ], [ 25836.802900000475347, 3144439.917400000616908 ], [ 25822.685200002044439, 3144427.423800002783537 ], [ 25806.881699999794364, 3144414.4243 ], [ 25790.619400000199676, 3144402.003700001165271 ], [ 25773.91950000077486, 3144390.177999999374151 ], [ 25756.803600002080202, 3144378.9627 ], [ 25739.294200000353158, 3144368.372300000861287 ], [ 25721.413999998942018, 3144358.420700000599027 ], [ 25703.186300000175834, 3144349.120800001546741 ], [ 25684.634899999015033, 3144340.4847999997437 ], [ 25665.783900001086295, 3144332.523900000378489 ], [ 25646.657899999991059, 3144325.248500002548099 ], [ 25627.28179999999702, 3144318.667999999597669 ], [ 25607.680900001898408, 3144312.79109999909997 ], [ 25587.880599998869002, 3144307.62529999949038 ], [ 25567.906900001689792, 3144303.177400000393391 ], [ 25547.785600000992417, 3144299.453299999237061 ], [ 25527.542999999597669, 3144296.457700002938509 ], [ 25507.205500000156462, 3144294.194499999284744 ], [ 24717.623200002126396, 3144300.153600001707673 ], [ 24714.95170000102371, 3144300.183900000527501 ], [ 24702.801799999549985, 3144300.32179999910295 ], [ 24687.992499999701977, 3144299.697100002318621 ], [ 24673.237900000996888, 3144298.281499998643994 ], [ 24658.580099999904633, 3144296.079 ], [ 24644.060999999754131, 3144293.095800001174212 ], [ 24629.722199999727309, 3144289.340500002726912 ], [ 24615.604700000956655, 3144284.823800001293421 ], [ 24601.74900000076741, 3144279.558700000867248 ], [ 24588.194600000046194, 3144273.560200002044439 ], [ 24574.980299999006093, 3144266.845499999821186 ], [ 24562.144100000150502, 3144259.433800002560019 ], [ 24549.722500001080334, 3144251.346400002017617 ], [ 24537.751100001856685, 3144242.606200000271201 ], [ 24526.264200000092387, 3144233.238500000908971 ], [ 24515.294700000435114, 3144223.269900001585484 ], [ 24504.873900000937283, 3144212.729000002145767 ], [ 24495.031700000166893, 3144201.646000001579523 ], [ 24485.79619999974966, 3144190.052500000223517 ], [ 24477.193799999542534, 3144177.981799999251962 ], [ 24469.249200001358986, 3144165.468300001695752 ], [ 24461.985100001096725, 3144152.547900002449751 ], [ 24455.4222999997437, 3144139.25760000385344 ], [ 24454.062900002114475, 3144137.065899999812245 ], [ 24453.799300000071526, 3144136.641000002622604 ], [ 24248.232200000435114, 3143805.21650000102818 ], [ 24220.296200000680983, 3143760.17680000141263 ], [ 24163.425800001248717, 3143668.487800000235438 ], [ 24071.905300000682473, 3143522.732900002971292 ], [ 23841.63370000012219, 3143156.004100002348423 ], [ 23755.226600000634789, 3142998.087700001895428 ], [ 23662.860400001518428, 3142640.541000001132488 ], [ 23630.880300001241267, 3142493.299200000241399 ], [ 23519.841700000688434, 3141982.0591000020504 ], [ 23504.943900000303984, 3141919.488399999216199 ], [ 23391.720800000242889, 3141734.756000000983477 ], [ 23374.946900000795722, 3141713.788600001484156 ], [ 23100.565600001253188, 3141370.811999998986721 ], [ 22974.583000000566244, 3141213.333699999377131 ], [ 22852.42119999974966, 3141064.355900004506111 ], [ 22301.203300000168383, 3140840.889200001955032 ], [ 21782.760600000619888, 3140635.299799999222159 ], [ 21680.439600000157952, 3140595.102300001308322 ], [ 21532.477900001220405, 3140536.974500000476837 ], [ 21340.783499999903142, 3140424.945300001651049 ], [ 21303.052099999971688, 3140402.894500002264977 ], [ 21115.424300001934171, 3140297.306399999186397 ], [ 20616.065500000491738, 3140016.290700003504753 ], [ 20610.836600000038743, 3140013.348100002855062 ], [ 20567.101800000295043, 3139988.736200001090765 ], [ 20489.633300000801682, 3139941.063300002366304 ], [ 20167.841300000436604, 3139616.2917 ], [ 19980.129200001247227, 3139401.763700000941753 ], [ 19969.920599999837577, 3139386.467700004577637 ], [ 19960.381900001317263, 3139370.745400004088879 ], [ 19951.530700001865625, 3139354.625900002196431 ], [ 19943.383500000461936, 3139338.1393 ], [ 19935.955700000748038, 3139321.316500002518296 ], [ 19929.261000000871718, 3139304.188699999824166 ], [ 19923.31180000025779, 3139286.787799997255206 ], [ 19918.119400000199676, 3139269.146400002762675 ], [ 19913.693300001323223, 3139251.297300001606345 ], [ 19910.041799999773502, 3139233.273700000718236 ], [ 19907.171700000762939, 3139215.109400002285838 ], [ 19905.088400000706315, 3139196.837999999523163 ], [ 19903.795800002291799, 3139178.493800001218915 ], [ 19903.400999999605119, 3139163.964199999347329 ], [ 19903.319500000216067, 3139160.965299999341369 ], [ 19903.296299999579787, 3139160.110899997875094 ], [ 19903.590699999593198, 3139141.723500004038215 ], [ 19904.67860000114888, 3139123.365999998524785 ], [ 19906.557900001294911, 3139105.072600001469254 ], [ 19909.225199999287724, 3139086.877300001680851 ], [ 19912.675400000996888, 3139068.8141999989748 ], [ 19916.902100000530481, 3139050.916799999773502 ], [ 19921.89740000013262, 3139033.218500003218651 ], [ 19927.652000000700355, 3139015.752400001510978 ], [ 19934.155299999751151, 3138998.551000002771616 ], [ 19941.395000000484288, 3138981.646300001069903 ], [ 20057.59770000167191, 3138817.770700000226498 ], [ 20073.060600001364946, 3138792.819199999794364 ], [ 20319.798600001260638, 3138394.673800000920892 ], [ 20349.594200002029538, 3138335.082599999383092 ], [ 20376.410199999809265, 3138126.513699999079108 ], [ 20380.513900000602007, 3138050.936600001528859 ], [ 20383.441800000146031, 3137997.01600000448525 ], [ 20400.141200002282858, 3137689.469100000336766 ], [ 20412.164900001138449, 3137468.031900003552437 ], [ 20397.577800000086427, 3137385.067900002002716 ], [ 20370.217300000600517, 3137229.454900002107024 ], [ 20364.49199999962002, 3137196.892300002276897 ], [ 20350.106900001876056, 3137097.995100000873208 ], [ 20292.982600000686944, 3136705.265500001609325 ], [ 20245.309700001962483, 3136592.042400004342198 ], [ 20186.917700000107288, 3136491.47829999960959 ], [ 20138.045699999667704, 3136407.309900002554059 ], [ 19935.79009999986738, 3136128.219800002872944 ], [ 19812.560800000093877, 3135958.17710000090301 ], [ 19791.435800001956522, 3135929.026900004595518 ], [ 19740.970399999991059, 3135859.390400001779199 ], [ 19604.705200000666082, 3135671.359600001946092 ], [ 19434.870499999262393, 3135424.056500000879169 ], [ 19424.700699998997152, 3135410.708599999547005 ], [ 19423.488599999807775, 3135409.117800002917647 ], [ 19387.197600000537932, 3135361.4858 ], [ 19321.647400001063943, 3135319.772000001743436 ], [ 19244.178899999707937, 3135278.058199999853969 ], [ 19186.978099999949336, 3135253.032900001853704 ], [ 19148.833100000396371, 3135236.344499999657273 ], [ 18293.70060000102967, 3134923.491100000217557 ] ] ] } },
{ "type": "Feature", "properties": { "IMIS_CODE": "31110000019001000", "PARENT_CHA": "Adam Sohaba Disty", "REMARKS": null, "ZONE_NAME": "Bahawalpur", "CIRCLE_NAM": "Rahimyar Khan", "CHANNEL_NA": "Naushera Minor", "CHANNEL_TY": "M", "DESIGNED_D": 57.0 }, "geometry": { "type": "MultiLineString", "coordinates": [ [ [ 39747.406800001859665, 3154133.474800001829863 ], [ 39793.243500001728535, 3154114.8344 ], [ 39847.124099999666214, 3154071.729900004342198 ], [ 39868.676400002092123, 3154036.707400001585484 ], [ 39868.676400002092123, 3153977.438699999824166 ], [ 39871.370400000363588, 3153891.229599999263883 ], [ 39909.086899999529123, 3153756.528000004589558 ], [ 39946.803399999625981, 3153605.662100000306964 ], [ 40011.460200000554323, 3153430.550000002607703 ], [ 40081.505000000819564, 3153322.788599999621511 ], [ 40121.915500001050532, 3153228.497500002384186 ], [ 40167.714100001379848, 3153118.042100001126528 ], [ 40240.452999998815358, 3152991.422500003129244 ], [ 40391.318900001235306, 3152713.937100002542138 ], [ 40458.669700000435114, 3152616.951899999752641 ], [ 40447.893600000999868, 3152433.75760000012815 ], [ 40434.42339999973774, 3152280.197699997574091 ], [ 40380.542700001038611, 3152196.682700004428625 ], [ 40286.251600000075996, 3152115.861700002104044 ], [ 40226.982800000347197, 3152067.369100000709295 ], [ 40183.878300001844764, 3151962.301799999549985 ], [ 40119.221499999985099, 3151932.66750000230968 ], [ 39989.907900000922382, 3151916.5033 ], [ 39919.862999998964369, 3151900.339099999517202 ], [ 39852.512199999764562, 3151827.60020000115037 ], [ 39804.019600001163781, 3151738.697100002318621 ], [ 39645.071600000374019, 3151445.047400001436472 ], [ 39550.780500001274049, 3151331.898000001907349 ], [ 39467.265400001779199, 3151207.972500000149012 ], [ 39421.466900002211332, 3151097.517100002616644 ], [ 39405.302699999883771, 3151024.778200000524521 ], [ 39267.906999998725951, 3150814.64360000193119 ], [ 39098.182900001294911, 3150429.396900001913309 ], [ 38950.011100000701845, 3150103.418800001963973 ], [ 38815.30940000154078, 3149793.60500000230968 ], [ 38726.406299999915063, 3149583.4704 ], [ 38540.51799999922514, 3149187.447499999776483 ], [ 38403.122300000861287, 3149025.805500002577901 ], [ 38360.017800000496209, 3148942.290500000119209 ], [ 38303.443099999800324, 3148683.66330000013113 ], [ 38268.4206000007689, 3148597.454199999570847 ], [ 38225.316100000403821, 3148495.081000000238419 ], [ 38184.905600000172853, 3148357.685300003737211 ], [ 38166.047399999573827, 3148204.125400001183152 ], [ 38168.741399999707937, 3148047.871500000357628 ], [ 38184.905600000172853, 3147932.028000002726912 ], [ 38201.069799999706447, 3147697.647099999710917 ], [ 38219.928000000305474, 3147592.579800002276897 ], [ 38203.763799999840558, 3147425.549799999222159 ], [ 38217.234000001102686, 3147301.624199999496341 ], [ 38254.950500001199543, 3147139.982200002297759 ], [ 38289.972900001332164, 3147029.526900002732873 ], [ 38289.972900001332164, 3146832.862400000914931 ], [ 38324.995300001464784, 3146601.175599999725819 ], [ 38306.137100000865757, 3146474.55599999986589 ], [ 38228.010100000537932, 3146218.622900001704693 ], [ 38222.622100001201034, 3146097.3914 ], [ 38166.047399999573827, 3145830.682100001722574 ], [ 38144.495099999010563, 3145722.920700002461672 ], [ 38127.304900000803173, 3145549.108900003135204 ], [ 38120.248800001107156, 3145477.763700000941753 ], [ 38101.39060000050813, 3145364.61430000141263 ], [ 38085.226400000974536, 3145305.345599997788668 ], [ 38044.815900000743568, 3145256.853000001981854 ], [ 37999.017300000414252, 3145219.136500002816319 ], [ 37953.218700001947582, 3145189.502100002020597 ], [ 37629.93470000103116, 3145044.024300001561642 ], [ 37422.494200000539422, 3144957.81529999896884 ], [ 36501.134800000116229, 3144572.568500000983477 ], [ 35894.977300001308322, 3144319.329400001093745 ], [ 35517.812599999830127, 3144168.463500002399087 ], [ 35450.461799999698997, 3144125.359000001102686 ], [ 35439.98240000102669, 3144120.8958 ], [ 35429.675300002098083, 3144116.047699999064207 ], [ 35419.554800000041723, 3144110.821399999782443 ], [ 35406.315000001341105, 3144103.329100001603365 ], [ 35393.448400001041591, 3144095.2127 ], [ 35380.984200000762939, 3144086.490800004452467 ], [ 35368.951100001111627, 3144077.183299999684095 ], [ 35357.376500001177192, 3144067.311400001868606 ], [ 35346.286800000816584, 3144056.89780000410974 ], [ 35335.707400001585484, 3144045.966099999845028 ], [ 35325.662399999797344, 3144034.54140000231564 ], [ 35316.174700000323355, 3144022.649700002744794 ], [ 35307.26619999948889, 3144010.318300001323223 ], [ 35298.957100002095103, 3143997.575300000607967 ], [ 35291.266300001181662, 3143984.449800001457334 ], [ 35284.211600000038743, 3143970.971800001338124 ], [ 35277.808900000527501, 3143957.172100001946092 ], [ 35272.072900000028312, 3143943.08220000192523 ], [ 35267.016699999570847, 3143928.734300000593066 ], [ 35262.651899999938905, 3143914.16130000166595 ], [ 35258.988500000908971, 3143899.396299999207258 ], [ 35256.034700000658631, 3143884.473100000992417 ], [ 35253.797400000505149, 3143869.425799999386072 ], [ 35186.446600001305342, 3143432.992400001734495 ], [ 35143.342000001110137, 3143160.895100001245737 ], [ 35108.319600000977516, 3143093.54420000128448 ], [ 35035.580699998885393, 3143020.805299999192357 ], [ 34917.043200001120567, 3142921.12610000371933 ], [ 34855.080500000156462, 3142872.633500002324581 ], [ 34658.416000002063811, 3142729.849700000137091 ], [ 34071.116799999959767, 3142293.416400000452995 ], [ 33955.273300000466406, 3142217.983400002121925 ], [ 33618.519199999980628, 3141943.191999999806285 ], [ 32963.869099999777973, 3141482.512300001457334 ], [ 32745.652400000952184, 3141304.70610000193119 ], [ 32678.301600001752377, 3141253.519500002264977 ], [ 32637.184399999678135, 3141161.811500003561378 ], [ 32615.431800000369549, 3141042.172300001606345 ], [ 32561.050300001166761, 3140665.127300001680851 ], [ 32513.919700000435114, 3140237.32630000077188 ] ] ] } },
{ "type": "Feature", "properties": { "IMIS_CODE": "31110000019002000", "PARENT_CHA": "Adam Sohaba Disty", "REMARKS": null, "ZONE_NAME": "Bahawalpur", "CIRCLE_NAM": "Rahimyar Khan", "CHANNEL_NA": "Sianwar Minor", "CHANNEL_TY": "M", "DESIGNED_D": 138.0 }, "geometry": { "type": "MultiLineString", "coordinates": [ [ [ 34151.55940000154078, 3147096.177200000733137 ], [ 34027.39470000192523, 3146838.535799998790026 ], [ 33995.992600000463426, 3146773.376599999144673 ], [ 33684.386700000613928, 3146190.808999998494983 ], [ 33657.158600000664592, 3146139.904200000688434 ], [ 33566.047300000675023, 3145961.558800000697374 ], [ 33425.925700000487268, 3145687.278000002726912 ], [ 33310.958599999547005, 3145462.236100001260638 ], [ 33134.175600000657141, 3145127.08500000089407 ], [ 33071.564900000579655, 3145031.327500002458692 ], [ 33005.271300000138581, 3144953.984999999403954 ], [ 32950.02660000231117, 3144891.374299999326468 ], [ 32902.147900001145899, 3144810.348799999803305 ], [ 32898.464900001883507, 3144769.836000001057982 ], [ 32883.733000000938773, 3144681.444500001147389 ], [ 32787.975600000470877, 3144515.7105 ], [ 32743.486300001852214, 3144450.687700001522899 ], [ 32740.096800001338124, 3144445.733899999409914 ], [ 32571.273900000378489, 3144201.385000001639128 ], [ 32460.190399999730289, 3144040.606200003996491 ], [ 32400.223600000143051, 3143999.719700001180172 ], [ 32379.164900000207126, 3143985.36150000244379 ], [ 32102.941500000655651, 3143871.189200004562736 ], [ 31793.571300001814961, 3143738.602000001817942 ], [ 31635.203200001269579, 3143679.6743 ], [ 31465.786100001074374, 3143646.527499999850988 ], [ 31451.347800000570714, 3143630.687500001862645 ], [ 31086.439300000667572, 3143230.350900001823902 ], [ 31052.285800000652671, 3143193.409399999305606 ], [ 30674.163399999961257, 3142784.419800002127886 ], [ 30640.899500002153218, 3142748.440500000491738 ], [ 30545.041400000452995, 3142644.757200004532933 ], [ 30423.532399999909103, 3142514.963400000706315 ], [ 30382.99040000140667, 3142471.657200003042817 ], [ 30231.988199999555945, 3142397.997599998489022 ], [ 29948.496300000697374, 3142268.501300001516938 ], [ 29946.677099999971688, 3142267.67030000127852 ], [ 29933.666899999603629, 3142261.727399999275804 ], [ 29896.837100000120699, 3142232.263600002974272 ], [ 29837.909500000998378, 3142132.823200000450015 ], [ 29771.615899999625981, 3142014.967800004407763 ], [ 29598.80530000012368, 3141815.755700003355742 ], [ 29506.441400000825524, 3141709.280600000172853 ], [ 29403.31800000090152, 3141587.742300001904368 ], [ 29368.131000000983477, 3141515.169199999421835 ], [ 29344.390300001017749, 3141466.204000001773238 ], [ 29270.730700000189245, 3141274.689099999144673 ], [ 29222.851999999955297, 3141086.857200000435114 ], [ 29221.760600000619888, 3141083.476000001654029 ], [ 29160.939200000837445, 3140895.048899998888373 ], [ 29100.117800001055002, 3140706.621800001710653 ], [ 29035.02010000217706, 3140504.946500001475215 ], [ 28931.896700001321733, 3140140.331599999219179 ], [ 28909.798800000920892, 3139974.597500000149012 ], [ 28867.044599999673665, 3139507.59010000154376 ], [ 28866.862300000153482, 3139505.59850000217557 ], [ 28866.406500001437962, 3139500.619300000369549 ], [ 28866.224100000225008, 3139498.627600001171231 ], [ 28861.920100000686944, 3139451.614500002935529 ], [ 28836.139200000092387, 3139149.610300000756979 ], [ 28777.211600000970066, 3138641.359200000762939 ], [ 28746.071400000713766, 3138287.695600001141429 ], [ 28725.649900000542402, 3138055.765500003471971 ], [ 28717.139299999922514, 3138015.482200000435114 ], [ 28716.932600001804531, 3138014.503799999132752 ], [ 28670.405200000852346, 3137794.274000002071261 ], [ 28577.051000000908971, 3137420.857400001958013 ], [ 28574.647699998691678, 3137411.244200002402067 ], [ 28556.395299999974668, 3137348.764800000935793 ], [ 28486.852600000798702, 3137110.71480000205338 ], [ 28312.715400001034141, 3136514.629799999296665 ], [ 28309.63090000115335, 3136504.07120000012219 ], [ 28287.375400001183152, 3136427.888900002464652 ], [ 28229.369300002232194, 3136221.242300001904368 ], [ 28169.520000000484288, 3136008.029300002381206 ], [ 28145.067900002002716, 3135884.887199999764562 ], [ 28090.533599999733269, 3135610.249299999326468 ], [ 28032.88300000037998, 3135319.917700001969934 ], [ 28032.298700001090765, 3135316.975199999287724 ], [ 27976.400999999605119, 3135035.471300000324845 ], [ 27950.186600001528859, 3134903.4539 ], [ 27938.915800000540912, 3134834.970000002533197 ], [ 27882.247700000181794, 3134490.642000002786517 ], [ 27734.92850000038743, 3133654.605799997225404 ], [ 27712.067700000479817, 3133524.47520000115037 ], [ 27711.548700000159442, 3133521.520500002428889 ], [ 27647.702100000344217, 3133158.086000001057982 ], [ 27639.171099999919534, 3133109.524900000542402 ], [ 27624.4391999989748, 3133043.231300001963973 ], [ 27624.4391999989748, 3132932.741900000721216 ], [ 27624.96650000102818, 3132922.46030000038445 ], [ 27631.805100000463426, 3132789.105800000950694 ], [ 27650.220000001601875, 3132612.322800001129508 ], [ 27656.23240000102669, 3132589.366400001570582 ], [ 27731.226800000295043, 3132303.024200001731515 ], [ 27731.245600000023842, 3132302.952500000596046 ], [ 27732.623500000685453, 3132294.133600000292063 ], [ 27732.700699999928474, 3132293.639600001275539 ], [ 27786.490200000815094, 3131949.386600002646446 ], [ 27840.141800000332296, 3131681.129100000485778 ], [ 27852.783900001086295, 3131617.918500000610948 ], [ 27834.368999999947846, 3131533.210000002756715 ], [ 27766.06140000000596, 3131384.276900002732873 ], [ 27609.707300000824034, 3131043.373800000175834 ], [ 27488.168999999761581, 3130748.735500000417233 ], [ 27421.875300002284348, 3130623.514199998229742 ], [ 27409.662800000980496, 3130603.281999999657273 ], [ 27396.811099999584258, 3130583.4496 ], [ 27383.333500000648201, 3130564.037200000137091 ], [ 27369.24349999986589, 3130545.064600000157952 ], [ 27354.555599998682737, 3130526.551000000908971 ], [ 27339.284599999897182, 3130508.515300003811717 ], [ 27323.446200001053512, 3130490.975900003686547 ], [ 27307.056400000117719, 3130473.950600003823638 ], [ 27305.993599999696016, 3130472.914799999445677 ], [ 27290.13190000038594, 3130457.456599999219179 ], [ 27285.075000001117587, 3130452.833499999716878 ], [ 27272.689899999648333, 3130441.510900001972914 ], [ 27254.748300001956522, 3130426.129600003361702 ], [ 27236.325100000947714, 3130411.328400002792478 ], [ 27217.439300000667572, 3130397.122300000861287 ], [ 27199.998700000345707, 3130384.814100001007318 ], [ 27182.21070000063628, 3130373.0135000012815 ], [ 27164.090100000612438, 3130361.730200000107288 ], [ 27145.651899999938905, 3130350.9737 ], [ 26806.817899999208748, 3130240.484400004148483 ], [ 26377.112200001254678, 3130101.760500002652407 ], [ 26046.893900000490248, 3129995.1546 ], [ 25988.843900000676513, 3129976.414100002497435 ], [ 25871.341199999675155, 3129938.480100004002452 ], [ 25823.913200001232326, 3129924.218500001356006 ], [ 25344.675200000405312, 3129780.111999997869134 ], [ 25238.032200001180172, 3129744.084000002592802 ], [ 25072.134800001047552, 3129688.037500001490116 ], [ 24993.927600000984967, 3129643.720100000500679 ], [ 24961.645400000736117, 3129625.426899999380112 ], [ 24943.314100000075996, 3129615.274900002405047 ], [ 24925.372399999760091, 3129604.449400000274181 ], [ 24907.844800000078976, 3129592.965400001034141 ], [ 24890.755599998869002, 3129580.838600002229214 ], [ 24880.379800000227988, 3129572.880499998107553 ], [ 24874.128400000743568, 3129568.085799999535084 ], [ 24857.986000001430511, 3129554.724600004032254 ], [ 24842.350700001232326, 3129540.773400001227856 ], [ 24827.244099999777973, 3129526.251500001177192 ], [ 24812.686900001019239, 3129511.178699998185039 ], [ 24802.472000000998378, 3129499.784300001338124 ], [ 24798.699299999512732, 3129495.575999999418855 ], [ 24785.300500000827014, 3129479.46480000205338 ], [ 24772.50899999961257, 3129462.8673 ], [ 24760.34250000026077, 3129445.806500000879169 ], [ 24748.817600000649691, 3129428.305700000375509 ], [ 24737.950300000607967, 3129410.3892 ], [ 24727.755600000731647, 3129392.081700002774596 ], [ 24718.247499998658895, 3129373.408399999141693 ], [ 24709.439100000075996, 3129354.394900001585484 ], [ 24701.34260000102222, 3129335.067600000649691 ], [ 24693.969100000336766, 3129315.453099999576807 ], [ 24687.328800001181662, 3129295.578400000929832 ], [ 24681.430800000205636, 3129275.470900002866983 ], [ 24676.283300001174212, 3129255.158300001174212 ], [ 24671.893400002270937, 3129234.66860000230372 ], [ 24668.266999999992549, 3129214.030100002884865 ], [ 24665.409300001338124, 3129193.271200001239777 ], [ 24663.32420000154525, 3129172.420499999076128 ], [ 24674.971300001256168, 3129013.72859999909997 ], [ 24692.78800000064075, 3128770.975800001993775 ], [ 24695.860600001178682, 3128729.495200004428625 ], [ 24722.251800000667572, 3128373.214100001379848 ], [ 24729.61780000012368, 3128281.139599999412894 ], [ 24729.627100001089275, 3128259.75789999961853 ], [ 24728.845599999651313, 3128238.3904 ], [ 24727.274500000290573, 3128217.066500000655651 ], [ 24724.915700000710785, 3128195.815300000831485 ], [ 24721.772600000724196, 3128174.66580000333488 ], [ 24717.84950000140816, 3128153.647099999710917 ], [ 24713.151800001040101, 3128132.787800002843142 ], [ 24707.6858000010252, 3128112.116600001230836 ], [ 24701.458999999798834, 3128091.661599999293685 ], [ 24694.480000000447035, 3128071.450900001451373 ], [ 24686.758399999700487, 3128051.512200001627207 ], [ 24678.304600001312792, 3128031.872600002214313 ], [ 24669.13020000141114, 3128012.5592 ], [ 24659.24790000077337, 3127993.598200000822544 ], [ 24648.67100000102073, 3127975.015700001269579 ], [ 24637.414200001396239, 3127956.837100001052022 ], [ 24625.492700001224875, 3127939.087300002574921 ], [ 24612.923000001348555, 3127921.7905000038445 ], [ 24599.722100000828505, 3127904.970400001853704 ], [ 24585.908299999311566, 3127888.650000002235174 ], [ 24571.500200000591576, 3127872.851700000464916 ], [ 24556.517800001427531, 3127857.596999999135733 ], [ 24541.30360000114888, 3127840.116200001910329 ], [ 24525.504500000737607, 3127823.162200001999736 ], [ 24509.138600001111627, 3127806.754699999466538 ], [ 24492.224900000728667, 3127790.912500001490116 ], [ 24474.782800001092255, 3127775.653900001198053 ], [ 24456.832499999552965, 3127760.996600000187755 ], [ 24438.394700000993907, 3127746.95750000141561 ], [ 24419.49070000089705, 3127733.552699999883771 ], [ 24400.142200000584126, 3127720.797800000756979 ], [ 24380.371699999086559, 3127708.707400001585484 ], [ 24360.201999999582767, 3127697.295500002801418 ], [ 24339.656299999915063, 3127686.575300000607967 ], [ 24318.758300000801682, 3127676.559200003743172 ], [ 24297.532100001350045, 3127667.258600004017353 ], [ 24276.002300001680851, 3127658.684399999678135 ], [ 24254.19370000064373, 3127650.846400000154972 ], [ 24232.131400001235306, 3127643.753700001165271 ], [ 24209.841000000946224, 3127637.4145 ], [ 24187.348100000061095, 3127631.8361000046134 ], [ 24164.678700000047684, 3127627.024800000712276 ], [ 24141.858900001272559, 3127622.986400000751019 ], [ 24118.915200000628829, 3127619.725400000810623 ], [ 24095.873900000937283, 3127617.24549999833107 ], [ 24072.761699999682605, 3127615.549800001084805 ], [ 24049.605200000107288, 3127614.640000002458692 ], [ 24026.431200000457466, 3127614.517300000414252 ], [ 24003.266400001011789, 3127615.181800000369549 ], [ 23980.137500001117587, 3127616.632800001651049 ], [ 23957.071300001814961, 3127618.86849999986589 ], [ 23934.09429999999702, 3127621.886400001123548 ], [ 23425.843299999833107, 3127725.009800001978874 ], [ 23030.180500000715256, 3127802.28770000115037 ] ] ] } },
{ "type": "Feature", "properties": { "IMIS_CODE": "31110000019002010", "PARENT_CHA": "Sianwar Minor", "REMARKS": null, "ZONE_NAME": "Bahawalpur", "CIRCLE_NAM": "Rahimyar Khan", "CHANNEL_NA": "Barthla Sub Minor", "CHANNEL_TY": "M", "DESIGNED_D": 7.0 }, "geometry": { "type": "MultiLineString", "coordinates": [ [ [ 29222.851999999955297, 3141086.857200000435114 ], [ 29046.615900000557303, 3141074.435100000351667 ], [ 28618.641600000672042, 3140996.992200000211596 ], [ 28410.768400000408292, 3140972.536499999463558 ], [ 28332.851099999621511, 3140953.98480000346899 ], [ 28325.173600000329316, 3140952.1568 ], [ 28288.490100001916289, 3140919.549200002104044 ], [ 28235.502799999900162, 3140870.637900002300739 ], [ 28031.705500001087785, 3140654.612800002098083 ], [ 27823.832300000824034, 3140446.739499999210238 ], [ 27689.326100002042949, 3140304.081500003114343 ], [ 27673.282800000160933, 3140285.058900002390146 ], [ 27672.960400001145899, 3140284.676700003445148 ] ] ] } },
{ "type": "Feature", "properties": { "IMIS_CODE": "31110000019002020", "PARENT_CHA": "Sianwar Minor", "REMARKS": null, "ZONE_NAME": "Bahawalpur", "CIRCLE_NAM": "Rahimyar Khan", "CHANNEL_NA": "Lunda Sub Minor", "CHANNEL_TY": "M", "DESIGNED_D": 6.0 }, "geometry": { "type": "MultiLineString", "coordinates": [ [ [ 29222.851999999955297, 3141086.857200000435114 ], [ 29321.109600001014769, 3140929.877400001510978 ], [ 29780.733000000007451, 3140300.684200003743172 ], [ 30080.168699999339879, 3139883.385500000789762 ], [ 30106.986499999649823, 3139846.011700002476573 ], [ 30409.926200000569224, 3139423.829800004139543 ], [ 30660.379099999554455, 3139097.482099998742342 ], [ 30851.700199999846518, 3138848.185000000521541 ], [ 30928.085699999704957, 3138741.687200002372265 ], [ 30952.087300000712276, 3138713.9353 ], [ 30952.41440000012517, 3138713.557099999859929 ], [ 30952.741500000469387, 3138713.178999999538064 ] ] ] } },
{ "type": "Feature", "properties": { "IMIS_CODE": "31110000019002030", "PARENT_CHA": "Sianwar Minor", "REMARKS": null, "ZONE_NAME": "Bahawalpur", "CIRCLE_NAM": "Rahimyar Khan", "CHANNEL_NA": "Chandrami Sub Minor", "CHANNEL_TY": "M", "DESIGNED_D": 29.0 }, "geometry": { "type": "MultiLineString", "coordinates": [ [ [ 27950.186600001528859, 3134903.4539 ], [ 27130.92160000000149, 3134931.985500000417233 ], [ 25814.391200001351535, 3134964.593100002035499 ], [ 25414.948600000701845, 3134976.820900002494454 ], [ 25048.113499999977648, 3134972.744999999180436 ], [ 24872.847900001332164, 3134984.972800003364682 ], [ 24758.721400000154972, 3134968.669000001624227 ], [ 24656.822800001129508, 3134931.985500000417233 ], [ 24322.595300000160933, 3134679.276900004595518 ], [ 23780.494500000029802, 3134292.062100004404783 ], [ 23478.87459999974817, 3134067.8851000033319 ], [ 23409.583500001579523, 3133982.290200004354119 ], [ 23348.444299998693168, 3133843.708100002259016 ], [ 23283.229200000874698, 3133423.88569999858737 ], [ 23185.406500000506639, 3132763.582599997520447 ], [ 23120.191400001756847, 3132307.0767 ], [ 23010.14089999999851, 3132033.988399999216199 ], [ 22989.761100001633167, 3131728.292500000447035 ] ] ] } },
{ "type": "Feature", "properties": { "IMIS_CODE": "31110000019002040", "PARENT_CHA": "Sianwar Minor", "REMARKS": null, "ZONE_NAME": "Bahawalpur", "CIRCLE_NAM": "Rahimyar Khan", "CHANNEL_NA": "Akil Sub Minor", "CHANNEL_TY": "M", "DESIGNED_D": 5.0 }, "geometry": { "type": "MultiLineString", "coordinates": [ [ [ 27217.439300000667572, 3130397.122300000861287 ], [ 27477.284300001338124, 3129805.865700002759695 ], [ 27679.482800000347197, 3129332.14360000193119 ], [ 27685.259900000877678, 3129176.161900002509356 ], [ 27667.928600000217557, 3129008.626000000163913 ], [ 27615.93470000103116, 3128800.650399999693036 ], [ 27517.724000001326203, 3128558.012200001627207 ], [ 27454.175899999216199, 3128280.711500000208616 ] ] ] } },
{ "type": "Feature", "properties": { "IMIS_CODE": "31110000019003000", "PARENT_CHA": "Adam Sohaba Disty", "REMARKS": null, "ZONE_NAME": "Bahawalpur", "CIRCLE_NAM": "Rahimyar Khan", "CHANNEL_NA": "Bangla Minor", "CHANNEL_TY": "M", "DESIGNED_D": 6.0 }, "geometry": { "type": "MultiLineString", "coordinates": [ [ [ 24163.425800001248717, 3143668.487800000235438 ], [ 24270.074400000274181, 3143507.581800000742078 ], [ 24525.326799999922514, 3143179.083100002259016 ], [ 24869.362599999643862, 3142721.848400002345443 ], [ 25051.348100000992417, 3142479.914800001308322 ], [ 25058.027400000952184, 3142471.035199999809265 ], [ 25052.745400002226233, 3142454.430400002747774 ], [ 25038.051099999807775, 3142439.961000001057982 ], [ 24923.777800001204014, 3142354.255999999120831 ], [ 24771.700800000689924, 3142240.19820000231266 ], [ 24614.265500000678003, 3142114.214300001040101 ], [ 24575.577700001187623, 3142085.35530000180006 ], [ 24574.784100000746548, 3142084.763300001621246 ] ] ] } },
{ "type": "Feature", "properties": { "IMIS_CODE": "31110000019004000", "PARENT_CHA": "Adam Sohaba Disty", "REMARKS": null, "ZONE_NAME": "Bahawalpur", "CIRCLE_NAM": "Rahimyar Khan", "CHANNEL_NA": "Mandi Minor", "CHANNEL_TY": "M", "DESIGNED_D": 11.0 }, "geometry": { "type": "MultiLineString", "coordinates": [ [ [ 23100.565600001253188, 3141370.811999998986721 ], [ 23256.144500001333654, 3141220.014500001445413 ], [ 23310.629400001838803, 3141138.287200000137091 ], [ 23280.250799999572337, 3141097.186799999326468 ], [ 23277.278800001367927, 3141093.165899999439716 ], [ 23233.442400000058115, 3141033.85780000127852 ], [ 23206.200000001117587, 3140947.589999999850988 ], [ 23206.060700000263751, 3140941.808800000697374 ], [ 23204.61530000064522, 3140881.826300002634525 ], [ 23197.119200000539422, 3140570.736099999397993 ], [ 23176.132500001229346, 3140182.483400002121925 ], [ 23165.715300002135336, 3139989.764699999243021 ], [ 23160.795900001190603, 3139898.75560000166297 ], [ 23144.899000000208616, 3139678.470499999821186 ], [ 23129.013000002130866, 3139458.335900001227856 ], [ 23121.345099999569356, 3139383.43440000154078 ], [ 23121.31459999922663, 3139383.136 ], [ 23121.284000000916421, 3139382.837500000372529 ], [ 23121.251400001347065, 3139382.519200002774596 ] ] ] } },
{ "type": "Feature", "properties": { "IMIS_CODE": "31110000019005000", "PARENT_CHA": "Adam Sohaba Disty", "REMARKS": null, "ZONE_NAME": "Bahawalpur", "CIRCLE_NAM": "Rahimyar Khan", "CHANNEL_NA": "Wadera Minor", "CHANNEL_TY": "M", "DESIGNED_D": 18.0 }, "geometry": { "type": "MultiLineString", "coordinates": [ [ [ 18293.70060000102967, 3134923.491100000217557 ], [ 18176.534400000236928, 3134364.453199999406934 ], [ 18115.401800001971424, 3133936.525100002065301 ], [ 18115.401800001971424, 3133875.392500001937151 ], [ 18251.252000001259148, 3133671.617200000211596 ], [ 18550.122400001622736, 3133155.386499999091029 ], [ 18620.09320000000298, 3133038.768500003963709 ], [ 18916.917900000698864, 3132544.060599999502301 ], [ 18938.418300000950694, 3132501.059799998998642 ], [ 18964.803999998606741, 3132448.288600001484156 ], [ 18971.258000001311302, 3132435.380500001832843 ], [ 18950.880500001832843, 3131939.527300000190735 ], [ 18919.592400000430644, 3131566.540700001642108 ], [ 18918.616000001318753, 3131554.901400001719594 ], [ 18882.955400001257658, 3131447.919399999082088 ], [ 18701.840300000272691, 3131228.450600001960993 ], [ 18504.527100001461804, 3130989.353300001472235 ], [ 18501.344600000418723, 3130985.496899999678135 ], [ 18501.026400000788271, 3130985.111300002783537 ], [ 18449.932900002226233, 3130923.198000000789762 ], [ 18113.703600000590086, 3130566.591199999675155 ], [ 17823.323900000192225, 3130220.1732 ], [ 17640.533200001344085, 3130007.303099999204278 ], [ 17421.639200000092387, 3129752.388599999248981 ], [ 17420.867700000293553, 3129751.4901 ], [ 17217.092400000430644, 3129613.941800000146031 ], [ 17158.111500000581145, 3129570.9912 ] ] ] } },
{ "type": "Feature", "properties": { "IMIS_CODE": "31110000019006000", "PARENT_CHA": "Adam Sohaba Disty", "REMARKS": null, "ZONE_NAME": "Bahawalpur", "CIRCLE_NAM": "Rahimyar Khan", "CHANNEL_NA": "Tibbi Minor", "CHANNEL_TY": "M", "DESIGNED_D": 25.0 }, "geometry": { "type": "MultiLineString", "coordinates": [ [ [ 18293.70060000102967, 3134923.491100000217557 ], [ 18243.610400001518428, 3135002.312300000339746 ], [ 17846.248599999584258, 3135732.082600001245737 ], [ 17643.746899999678135, 3136083.594900000840425 ], [ 17452.707500000484288, 3136431.286499999463558 ], [ 17361.008700001053512, 3136622.325900003314018 ], [ 17311.338399999774992, 3136740.770300004631281 ], [ 17292.234500001184642, 3136813.365199998021126 ], [ 17284.592899998649955, 3136889.780899999663234 ], [ 17257.847400000318885, 3136962.375900002196431 ], [ 17243.667100000195205, 3136990.736500004306436 ], [ 17238.74349999986589, 3137000.583699997514486 ], [ 17213.261900001205504, 3137012.166300000622869 ], [ 17196.71480000205338, 3137019.687699999660254 ], [ 17131.761500000022352, 3137023.508500000461936 ], [ 16963.646900000981987, 3137000.583699997514486 ], [ 15664.454499999992549, 3136817.082000002264977 ], [ 15611.088400000706315, 3136809.544400002807379 ], [ 15253.930600001476705, 3136756.303500002250075 ], [ 15212.389600001275539, 3136750.111000003293157 ], [ 14995.94170000217855, 3136717.845500001683831 ], [ 14907.124200000427663, 3136683.684900002554059 ], [ 14906.657500000670552, 3136683.505400002002716 ], [ 14598.579900000244379, 3136565.01410000026226 ], [ 14327.303999999538064, 3136465.673600001260638 ], [ 14308.452399999834597, 3136453.903000002726912 ], [ 14289.999500000849366, 3136441.516700001433492 ], [ 14271.965300000272691, 3136428.528400000184774 ], [ 14254.36949999909848, 3136414.952100001275539 ], [ 14237.231200001202524, 3136400.802599998190999 ], [ 14220.569200000725687, 3136386.095300002023578 ], [ 14204.401400000788271, 3136370.846200002357364 ], [ 14188.745600000023842, 3136355.072000002488494 ], [ 14187.226399999111891, 3136353.436700001358986 ], [ 14173.618800001218915, 3136338.789900001138449 ], [ 14159.037499999627471, 3136322.017500003799796 ], [ 14145.017500000074506, 3136304.773100001737475 ], [ 14131.574099999852479, 3136287.075500000268221 ], [ 14118.722000000998378, 3136268.943900002166629 ], [ 14106.475200000219047, 3136250.398199999704957 ], [ 14094.846900000236928, 3136231.458499999716878 ], [ 14083.849899998866022, 3136212.145500000566244 ], [ 14073.496100000105798, 3136192.480100000277162 ], [ 14063.796800000593066, 3136172.48369999974966 ], [ 14054.762499999254942, 3136152.178300004452467 ], [ 14046.403200000524521, 3136131.585800001397729 ], [ 14038.727900000289083, 3136110.728700002655387 ], [ 14031.744900001212955, 3136089.629699999466538 ], [ 14025.461900001391768, 3136068.311799999326468 ], [ 13989.612900000065565, 3136002.588700000196695 ], [ 13963.276100001297891, 3135954.304400004446507 ], [ 13910.838300001807511, 3135858.168500002473593 ], [ 13857.347300000488758, 3135751.186499999836087 ], [ 13780.931500000879169, 3135651.846000000834465 ], [ 13744.478700000792742, 3135615.393200000748038 ], [ 13700.695000001229346, 3135571.60950000025332 ], [ 13589.892200000584126, 3135495.193799998611212 ], [ 13379.950899999588728, 3135434.702200001105666 ], [ 13364.46580000128597, 3135430.240399999544024 ], [ 13223.096700000576675, 3135357.645500000566244 ], [ 13067.091199999675155, 3135285.295099999755621 ] ] ] } },
{ "type": "Feature", "properties": { "IMIS_CODE": "31110000019007000", "PARENT_CHA": "Adam Sohaba Disty", "REMARKS": null, "ZONE_NAME": "Bahawalpur", "CIRCLE_NAM": "Rahimyar Khan", "CHANNEL_NA": "Bindoor Minor", "CHANNEL_TY": "M", "DESIGNED_D": 88.0 }, "geometry": { "type": "MultiLineString", "coordinates": [ [ [ 18293.70060000102967, 3134923.491100000217557 ], [ 17647.136900000274181, 3134682.147099999710917 ], [ 16800.943100000731647, 3134363.334600003436208 ], [ 16306.336799999698997, 3134193.499900002032518 ], [ 15364.797100001014769, 3133689.954900000244379 ], [ 15037.045900001190603, 3133499.263399999588728 ], [ 14625.867200002074242, 3133088.084599999710917 ], [ 14050.812900002114475, 3132545.805500000715256 ], [ 13711.143600000999868, 3132221.033900002017617 ], [ 13204.619000000879169, 3131732.386700000613928 ], [ 12823.235900000669062, 3131365.9013 ], [ 12432.914100000634789, 3130990.477299999445677 ], [ 12078.346900000236928, 3130644.848799999803305 ], [ 11959.164700000546873, 3130475.014099998399615 ], [ 11717.820600001141429, 3129801.634400000795722 ], [ 11601.617999999783933, 3129473.883300004526973 ], [ 11547.98589999973774, 3129387.476199999451637 ], [ 11440.721900000236928, 3129256.375700002536178 ], [ 11193.41880000103265, 3128886.910800004377961 ], [ 11112.970800002105534, 3128776.667200000956655 ], [ 10731.587600001133978, 3128201.61290000192821 ], [ 10421.713800001889467, 3127766.59770000167191 ], [ 10204.206200000829995, 3127417.989700002595782 ], [ 10067.146599999628961, 3127292.848300004377961 ], [ 9992.657700001262128, 3127257.093700001016259 ], [ 9861.55730000231415, 3127215.379899999126792 ], [ 9798.986600000411272, 3127209.420800002291799 ], [ 9739.395500000566244, 3127206.441199999302626 ], [ 9103.323399999178946, 3127210.867300001904368 ] ] ] } },
{ "type": "Feature", "properties": { "IMIS_CODE": "31110000019007010", "PARENT_CHA": "Bindoor Minor", "REMARKS": null, "ZONE_NAME": "Bahawalpur", "CIRCLE_NAM": "Rahimyar Khan", "CHANNEL_NA": "Ther Sub Minor", "CHANNEL_TY": "M", "DESIGNED_D": 17.0 }, "geometry": { "type": "MultiLineString", "coordinates": [ [ [ 13204.619000000879169, 3131732.386700000613928 ], [ 13645.90440000128001, 3131262.357899999246001 ], [ 13739.180700001306832, 3131105.261100001633167 ], [ 13783.364099999889731, 3131002.166300000622869 ], [ 13793.182700000703335, 3130918.70860000140965 ], [ 13793.182700000703335, 3130761.6119 ], [ 13748.999200001358986, 3130579.968699999153614 ], [ 13582.083899999968708, 3129784.666200002655387 ], [ 13518.263299999758601, 3129465.563300000503659 ], [ 13513.354000001214445, 3129367.37780000269413 ], [ 13542.809700000099838, 3129259.373800000175834 ], [ 13616.448800000362098, 3129107.186300003901124 ], [ 13773.545599999837577, 3128900.9967 ], [ 13911.005300000309944, 3128738.99070000089705 ], [ 14073.011300001293421, 3128522.982599999755621 ], [ 14141.741200000047684, 3128400.250700004398823 ], [ 14185.924700002186, 3128282.428099999204278 ], [ 14264.473100000061095, 3127909.323200000450015 ], [ 14382.295700000599027, 3127276.026799999177456 ], [ 14411.751300000585616, 3127128.748500002548099 ] ] ] } },
{ "type": "Feature", "properties": { "IMIS_CODE": "31110010001000000", "PARENT_CHA": "Sadiq Branch", "REMARKS": null, "ZONE_NAME": "Bahawalpur", "CIRCLE_NAM": "Rahimyar Khan", "CHANNEL_NA": "Kausar Disty", "CHANNEL_TY": "D", "DESIGNED_D": 14.0 }, "geometry": { "type": "MultiLineString", "coordinates": [ [ [ 41729.334300002083182, 3153649.706900000572205 ], [ 41774.593700001016259, 3153631.158300001174212 ], [ 41930.393800000660121, 3153528.02309999987483 ], [ 41983.585500000044703, 3153462.527899999171495 ], [ 42096.682200000621378, 3153317.117900002747774 ], [ 42415.034800000488758, 3152756.540400000289083 ], [ 42602.915199999697506, 3152408.613600000739098 ], [ 42624.111499999649823, 3152249.641400001943111 ], [ 42651.757299999706447, 3150919.191999999806285 ], [ 42662.962800000794232, 3150514.651800001040101 ] ] ] } },
{ "type": "Feature", "properties": { "IMIS_CODE": "31110010002000000", "PARENT_CHA": "Sadiq Branch", "REMARKS": null, "ZONE_NAME": "Bahawalpur", "CIRCLE_NAM": "Rahimyar Khan", "CHANNEL_NA": "Nishat Disty", "CHANNEL_TY": "D", "DESIGNED_D": 8.0 }, "geometry": { "type": "MultiLineString", "coordinates": [ [ [ 41729.334300002083182, 3153649.706900000572205 ], [ 41740.719200001098216, 3153639.940500000491738 ], [ 41917.227600000798702, 3153488.52449999935925 ], [ 41945.379999999888241, 3153458.109100000932813 ], [ 41968.149799999780953, 3153433.509000001475215 ], [ 42071.667999999597669, 3153300.414300002157688 ], [ 42182.219000000506639, 3153105.748400000855327 ], [ 42388.789800000376999, 3152742.004200000315905 ], [ 42429.506400001235306, 3152666.603100003674626 ], [ 42573.905199999921024, 3152399.197799997404218 ], [ 42594.152900000102818, 3152247.340200001373887 ], [ 42614.219200000166893, 3151281.65259999781847 ], [ 42621.765899999067187, 3150918.467200001701713 ], [ 42645.92850000038743, 3150041.708200000226498 ], [ 42644.709900001063943, 3150021.924100000411272 ], [ 42642.745900001376867, 3150002.200100000947714 ], [ 42640.039400001056492, 3149982.564200000837445 ], [ 42636.594100000336766, 3149963.044400000944734 ], [ 42632.415100000798702, 3149943.668400002643466 ], [ 42627.508200000040233, 3149924.4638 ], [ 42621.880400001071393, 3149905.458000002428889 ], [ 42615.539800000376999, 3149886.677899999544024 ], [ 42608.495299999602139, 3149868.150400001555681 ], [ 42600.757099999114871, 3149849.901699999347329 ], [ 42599.30040000192821, 3149846.797900004312396 ], [ 42592.33600000012666, 3149831.957900002598763 ], [ 42583.244100000709295, 3149814.344500003382564 ], [ 42573.494300000369549, 3149797.086599998176098 ], [ 42563.100600000470877, 3149780.208699999377131 ], [ 42552.077600000426173, 3149763.734900001436472 ], [ 42540.441100000403821, 3149747.688500000163913 ], [ 42528.207700001075864, 3149732.092399999499321 ], [ 42515.394700000993907, 3149716.968900004401803 ], [ 42434.231900000013411, 3149638.676100000739098 ], [ 42294.682400002144277, 3149511.187100000679493 ], [ 42186.071800000965595, 3149402.576500002294779 ] ] ] } },
{ "type": "Feature", "properties": { "IMIS_CODE": "31110010003000000", "PARENT_CHA": "Sadiq Branch", "REMARKS": null, "ZONE_NAME": "Bahawalpur", "CIRCLE_NAM": "Rahimyar Khan", "CHANNEL_NA": "Upper Wah Faquiran Disty", "CHANNEL_TY": "D", "DESIGNED_D": 3.0 }, "geometry": { "type": "MultiLineString", "coordinates": [ [ [ 40290.846600001677871, 3147465.808700004592538 ], [ 40271.320100001990795, 3147372.664600001648068 ], [ 40035.239400001242757, 3146936.609500002115965 ], [ 39824.1554000005126, 3146575.544800000265241 ], [ 39765.829499999992549, 3146422.786700000986457 ], [ 39704.726300000213087, 3145922.850999997928739 ], [ 39693.616600000299513, 3145770.092800002545118 ], [ 39626.958500001579523, 3145320.150699999183416 ], [ 39615.848800000734627, 3145178.502200003713369 ] ] ] } },
{ "type": "Feature", "properties": { "IMIS_CODE": "31110010004000000", "PARENT_CHA": "Sadiq Branch", "REMARKS": null, "ZONE_NAME": "Bahawalpur", "CIRCLE_NAM": "Rahimyar Khan", "CHANNEL_NA": "Naushera Link Disty", "CHANNEL_TY": "D", "DESIGNED_D": 3.0 }, "geometry": { "type": "MultiLineString", "coordinates": [ [ [ 39625.165300000458956, 3145500.028500001877546 ], [ 38957.372100000269711, 3145515.899900000542402 ], [ 38127.304900000803173, 3145549.108900003135204 ] ] ] } },
{ "type": "Feature", "properties": { "IMIS_CODE": "31110010005000000", "PARENT_CHA": "Sadiq Branch", "REMARKS": null, "ZONE_NAME": "Bahawalpur", "CIRCLE_NAM": "Rahimyar Khan", "CHANNEL_NA": "Lower Wah Faquiran Disty", "CHANNEL_TY": "D", "DESIGNED_D": 9.0 }, "geometry": { "type": "MultiLineString", "coordinates": [ [ [ 39376.178100001066923, 3143698.013000000268221 ], [ 39415.960900001227856, 3143581.033900002017617 ], [ 39475.645600000396371, 3143302.505500001832843 ], [ 39514.835700001567602, 3143081.361400002613664 ], [ 39514.923000000417233, 3143080.869000002741814 ], [ 39515.435399999842048, 3143077.97749999910593 ], [ 39604.643200000748038, 3142782.06840000115335 ], [ 39631.962500001303852, 3142691.448300000280142 ], [ 39771.226700001396239, 3142239.550200002267957 ], [ 39896.280300000682473, 3141946.811200002208352 ], [ 40032.70240000076592, 3141639.86150000244379 ], [ 40120.808300001546741, 3141443.754799999296665 ], [ 40416.389400001615286, 3141244.806000001728535 ], [ 40436.456700000911951, 3141228.96340000256896 ], [ 40497.274300000630319, 3141192.258000001311302 ], [ 40500.920800002291799, 3141187.048700001090765 ], [ 40501.20750000141561, 3141186.639100002124906 ], [ 40501.494199999608099, 3141186.229500003159046 ] ] ] } },
{ "type": "Feature", "properties": { "IMIS_CODE": "31110010006000000", "PARENT_CHA": "Sadiq Branch", "REMARKS": null, "ZONE_NAME": "Bahawalpur", "CIRCLE_NAM": "Rahimyar Khan", "CHANNEL_NA": "Kacha Disty", "CHANNEL_TY": "D", "DESIGNED_D": 7.0 }, "geometry": { "type": "MultiLineString", "coordinates": [ [ [ 39460.497299999929965, 3144288.174900002777576 ], [ 39429.575100000947714, 3144215.555900001898408 ], [ 39371.818600000813603, 3143803.5592 ], [ 39335.88120000064373, 3143575.100000001490116 ], [ 39271.707200000993907, 3143110.480599999427795 ], [ 39237.053300000727177, 3142745.9726 ], [ 39230.350700000301003, 3142633.596900001168251 ], [ 39217.515899999067187, 3142537.336000002920628 ] ] ] } },
{ "type": "Feature", "properties": { "IMIS_CODE": "31110010007000000", "PARENT_CHA": "Sadiq Branch", "REMARKS": null, "ZONE_NAME": "Bahawalpur", "CIRCLE_NAM": "Rahimyar Khan", "CHANNEL_NA": "Nal Disty", "CHANNEL_TY": "D", "DESIGNED_D": 39.0 }, "geometry": { "type": "MultiLineString", "coordinates": [ [ [ 38955.154199999757111, 3139027.859400000423193 ], [ 39054.943599999882281, 3139021.57799999974668 ], [ 39177.75069999974221, 3138974.344500001519918 ], [ 39259.622100000269711, 3138889.324200002476573 ], [ 39448.556100000627339, 3138640.561100002378225 ], [ 39533.576400001533329, 3138514.605100000277162 ], [ 39552.469800001010299, 3138420.1381 ], [ 39520.980800000950694, 3138284.735400004312396 ], [ 39300.557799999602139, 3137478.617000004276633 ], [ 39146.261699999682605, 3136918.112799998372793 ], [ 39061.241400001570582, 3136615.81840000115335 ], [ 38878.605200000107288, 3135916.762600000947714 ], [ 38787.287100000306964, 3135611.319299999624491 ], [ 38648.735500000417233, 3135072.857400001958013 ], [ 38543.545800001360476, 3134727.342200001701713 ], [ 38393.022800001315773, 3134161.963400000706315 ], [ 38286.555400001816452, 3133989.41270000115037 ], [ 37981.838200000114739, 3133614.941000003367662 ], [ 37890.055900000967085, 3133479.103200001642108 ], [ 37834.986600001342595, 3133368.964500002563 ], [ 37823.972699999809265, 3133299.209899997338653 ], [ 37816.630100000649691, 3132796.243000002577901 ] ] ] } },
{ "type": "Feature", "properties": { "IMIS_CODE": "31110010007001000", "PARENT_CHA": "Nal Disty", "REMARKS": null, "ZONE_NAME": "Bahawalpur", "CIRCLE_NAM": "Rahimyar Khan", "CHANNEL_NA": "Zarin Minor", "CHANNEL_TY": "M", "DESIGNED_D": 12.0 }, "geometry": { "type": "MultiLineString", "coordinates": [ [ [ 38648.735500000417233, 3135072.857400001958013 ], [ 39006.128500000573695, 3134771.397700004279613 ], [ 39633.919300000183284, 3134264.759500000625849 ], [ 39714.687700000591576, 3134125.250500002875924 ], [ 39780.770899999886751, 3133912.315600000321865 ], [ 39832.168999998830259, 3133754.450099999085069 ], [ 39830.712799999862909, 3133688.923200001940131 ], [ 39824.826399999670684, 3133424.033800000324845 ], [ 39820.431300000287592, 3133079.0165 ], [ 39817.483900001272559, 3132847.641100000590086 ], [ 39795.456100000999868, 3132377.715800002217293 ], [ 39793.214100001379848, 3132189.564500000327826 ], [ 39793.208100000396371, 3132189.064600002020597 ] ] ] } },
{ "type": "Feature", "properties": { "IMIS_CODE": "31110010008000000", "PARENT_CHA": "Sadiq Branch", "REMARKS": null, "ZONE_NAME": "Bahawalpur", "CIRCLE_NAM": "Rahimyar Khan", "CHANNEL_NA": "Kohna Disty", "CHANNEL_TY": "M", "DESIGNED_D": 14.0 }, "geometry": { "type": "MultiLineString", "coordinates": [ [ [ 38955.154199999757111, 3139027.859400000423193 ], [ 38155.063900001347065, 3139052.061300002038479 ], [ 37690.796600001864135, 3139062.53350000269711 ], [ 37177.659099999815226, 3139425.569600000977516 ], [ 37058.974299999885261, 3139488.402700001373887 ], [ 37010.104000002145767, 3139519.819299999624491 ], [ 36067.702900000847876, 3139531.346400002017617 ], [ 35639.594499999657273, 3139546.970800001174212 ] ] ] } },
{ "type": "Feature", "properties": { "IMIS_CODE": "31110010009000000", "PARENT_CHA": "Sadiq Branch", "REMARKS": null, "ZONE_NAME": "Bahawalpur", "CIRCLE_NAM": "Rahimyar Khan", "CHANNEL_NA": "Talla Disty", "CHANNEL_TY": "M", "DESIGNED_D": 51.0 }, "geometry": { "type": "MultiLineString", "coordinates": [ [ [ 38830.822200000286102, 3138126.452699998393655 ], [ 38814.485700000077486, 3138139.64809999987483 ], [ 38738.456200000829995, 3138201.0592 ], [ 38724.205700000748038, 3138209.125200001522899 ], [ 38709.584300000220537, 3138216.497600002214313 ], [ 38694.625799999572337, 3138223.159600000828505 ], [ 38679.364699999801815, 3138229.095599997788668 ], [ 38663.836200001649559, 3138234.292100001126528 ], [ 38648.076100000180304, 3138238.737000001594424 ], [ 38632.120800000615418, 3138242.420200001448393 ], [ 38616.007100000977516, 3138245.333000000566244 ], [ 38599.771999999880791, 3138247.468800000846386 ], [ 38583.453200001269579, 3138248.822599999606609 ], [ 38567.088200001046062, 3138249.391300002112985 ], [ 38550.714700001291931, 3138249.173700001090765 ], [ 38534.370600000023842, 3138248.170200003311038 ], [ 38518.093500000424683, 3138246.383100001141429 ], [ 38501.92090000025928, 3138243.816600000485778 ], [ 38485.890300000086427, 3138240.476500002667308 ], [ 38470.038500000722706, 3138236.3706 ], [ 38454.402100000530481, 3138231.508400000631809 ], [ 38439.017200001515448, 3138225.901000002399087 ], [ 38423.919300001114607, 3138219.561400003731251 ], [ 38340.587300001643598, 3138181.126600001007318 ], [ 37669.525200000964105, 3137871.616300001740456 ], [ 37290.661299999803305, 3137696.875000001862645 ], [ 36990.811600000597537, 3137545.750800000503659 ], [ 36945.26900000218302, 3137522.7972999997437 ], [ 36939.91100000217557, 3137520.096900001168251 ], [ 36745.238300001248717, 3137421.981900000944734 ], [ 36712.468500000424683, 3137405.465900003910065 ], [ 36699.076899999752641, 3137398.721300000324845 ], [ 36686.060800000093877, 3137391.277800001204014 ], [ 36673.456800000742078, 3137383.156100001186132 ], [ 36661.299999999813735, 3137374.379000000655651 ], [ 36649.624500000849366, 3137364.971200002357364 ], [ 36638.463100000284612, 3137354.958799999207258 ], [ 36627.846900001168251, 3137344.370100004598498 ], [ 36617.805700002238154, 3137333.234600001946092 ], [ 36608.367700000293553, 3137321.583499999716878 ], [ 36599.559200000949204, 3137309.449400000274181 ], [ 36591.404999999329448, 3137296.866400003433228 ], [ 36583.927799999713898, 3137283.869599999859929 ], [ 36577.148600001819432, 3137270.49550000205636 ], [ 36571.086400000378489, 3137256.781500000506639 ], [ 36565.758200001902878, 3137242.766000002622604 ], [ 36561.178800000809133, 3137228.488199999555945 ], [ 36558.531600001268089, 3137218.433800004422665 ], [ 36557.361200000159442, 3137213.988200003281236 ], [ 36554.315900001674891, 3137199.306600004434586 ], [ 36552.051600000821054, 3137184.484400000423193 ], [ 36550.574500001035631, 3137169.563200000673532 ], [ 36545.540600001811981, 3136929.19539999961853 ], [ 36539.154600000940263, 3136624.262300003319979 ], [ 36532.072300001047552, 3136286.084499999880791 ], [ 36531.640400000847876, 3136273.343699999153614 ], [ 36523.678899999707937, 3136038.478600000962615 ], [ 36513.570100001059473, 3135740.270400000736117 ], [ 36506.90360000077635, 3135434.722600001841784 ], [ 36501.014100001193583, 3135164.78690000064671 ], [ 36485.816900000907481, 3134468.246200004592538 ], [ 36486.167999999597669, 3134451.506200002506375 ], [ 36485.720300000160933, 3134434.76860000193119 ], [ 36484.47480000089854, 3134418.071300003677607 ], [ 36482.434400000609457, 3134401.452400002628565 ], [ 36479.603700000792742, 3134384.949799997732043 ], [ 36475.989099999889731, 3134368.600900001823902 ], [ 36471.599000001326203, 3134352.44310000166297 ], [ 36466.443199999630451, 3134336.513000002130866 ], [ 36460.533500000834465, 3134320.846899997442961 ], [ 36453.883399999700487, 3134305.480500001460314 ], [ 36446.50789999961853, 3134290.448799999430776 ], [ 36438.424000000581145, 3134275.785900000482798 ], [ 36429.64989999961108, 3134261.5253000035882 ], [ 36420.205599999986589, 3134247.699400002136827 ], [ 36410.112800001166761, 3134234.339600002393126 ], [ 36399.394199999980628, 3134221.476400000974536 ], [ 36390.338200000114739, 3134211.6064000017941 ], [ 36388.074300001375377, 3134209.139000002294779 ], [ 36376.17890000063926, 3134197.355599999427795 ], [ 36363.735000001266599, 3134186.152899999171495 ], [ 36350.771100000478327, 3134175.556400001049042 ], [ 36337.316400001756847, 3134165.590300001204014 ], [ 36323.401800001040101, 3134156.277199998497963 ], [ 36309.058799998834729, 3134147.638400001451373 ], [ 36294.320200000889599, 3134139.693499999120831 ], [ 36279.219400000758469, 3134132.4605 ], [ 36263.79079999960959, 3134125.956000002101064 ], [ 35938.067800002172589, 3134032.161400001496077 ], [ 35669.001200000755489, 3133954.681500004604459 ], [ 35604.617300000041723, 3133936.141699999570847 ], [ 35380.31220000050962, 3133871.551200000569224 ], [ 35062.483399999327958, 3133780.621600000187755 ], [ 34596.191300000995398, 3133647.217200001701713 ], [ 34594.268500000238419, 3133646.667000001296401 ], [ 34258.730500001460314, 3133550.670900002121925 ], [ 33650.359100000932813, 3133376.618100004270673 ], [ 33579.989300000481308, 3133356.386800000444055 ], [ 33245.537200000137091, 3133260.23170000128448 ], [ 32935.111800000071526, 3133170.984300002455711 ], [ 32885.136200000531971, 3133156.61629999987781 ], [ 32608.348299999721348, 3133077.039600001648068 ], [ 32239.29769999999553, 3132970.937500001862645 ], [ 32053.811300001107156, 3132917.610100001096725 ], [ 32053.330800000578165, 3132917.471900003030896 ], [ 32052.850300000980496, 3132917.333799999207258 ], [ 32052.369699999690056, 3132917.195599999278784 ], [ 32051.889200000092387, 3132917.057499999180436 ], [ 32051.408699999563396, 3132916.919300001114607 ] ] ] } },
{ "type": "Feature", "properties": { "IMIS_CODE": "31110010010000000", "PARENT_CHA": "Sadiq Branch", "REMARKS": null, "ZONE_NAME": "Bahawalpur", "CIRCLE_NAM": "Rahimyar Khan", "CHANNEL_NA": "Chamman Disty", "CHANNEL_TY": "D", "DESIGNED_D": 67.0 }, "geometry": { "type": "MultiLineString", "coordinates": [ [ [ 37473.601900001056492, 3134066.204600004479289 ], [ 37466.137700000777841, 3133016.875400003045797 ], [ 37423.715400001034141, 3131298.772099999710917 ], [ 37418.41260000038892, 3131097.266100000590086 ], [ 37752.488200000487268, 3130582.895700000226498 ], [ 37731.277099998667836, 3128928.425899999216199 ], [ 37688.854800001718104, 3128848.884100001305342 ], [ 37402.504200001247227, 3128445.872199999168515 ], [ 37291.14570000115782, 3128297.394099999219179 ], [ 37190.392699999734759, 3128170.127200001850724 ], [ 37073.7314000017941, 3127920.896200001239777 ], [ 36946.464499999769032, 3127650.454000001773238 ], [ 36919.950500001199543, 3127496.673100000247359 ], [ 36972.978400000371039, 3127353.497900001704693 ], [ 37084.336900002323091, 3127136.08360000140965 ], [ 37174.484299999661744, 3126961.091599998995662 ], [ 37386.595900000073016, 3126722.466100001707673 ], [ 37625.221300001256168, 3126515.657400002703071 ], [ 37694.157599999569356, 3126478.537900000810623 ], [ 38160.802899999544024, 3126367.17930000461638 ], [ 38786.531900000758469, 3126213.398499999195337 ], [ 38988.037800000980496, 3126165.67339999973774 ], [ 39677.400200001895428, 3126133.856599999591708 ], [ 40430.396099999547005, 3126112.645500000566244 ], [ 40531.149100001901388, 3126139.159399999305606 ], [ 40669.021599999628961, 3126117.948300004005432 ], [ 40854.619200001470745, 3126160.370600001886487 ], [ 41236.419900001958013, 3126324.757000001147389 ], [ 41697.76240000128746, 3126515.657400002703071 ], [ 42127.288300001062453, 3126669.438200002536178 ], [ 42249.252399999648333, 3126690.649400001391768 ], [ 42609.842000001110137, 3126664.135400000959635 ], [ 42795.439500001259148, 3126573.988000001758337 ], [ 43198.451399999670684, 3126308.8487 ], [ 43596.160499999299645, 3126059.617600001394749 ], [ 44693.837600002065301, 3126043.709300000220537 ], [ 45144.574600000865757, 3126006.589700002223253 ], [ 45261.235900000669062, 3125858.111700002104044 ], [ 45393.805600001476705, 3125661.908500000834465 ], [ 45552.889299999922514, 3125428.585900001227856 ], [ 45664.247800000011921, 3125269.5022 ] ] ] } },
{ "type": "Feature", "properties": { "IMIS_CODE": "31110010010001000", "PARENT_CHA": "Chamman Disty", "REMARKS": null, "ZONE_NAME": "Bahawalpur", "CIRCLE_NAM": "Rahimyar Khan", "CHANNEL_NA": "1R-Chamamn Minor", "CHANNEL_TY": "M", "DESIGNED_D": 14.0 }, "geometry": { "type": "MultiLineString", "coordinates": [ [ [ 40531.149100001901388, 3126139.159399999305606 ], [ 40619.714100000448525, 3125885.258800001814961 ], [ 40682.491500000469387, 3125732.7993 ], [ 40713.880300000309944, 3125526.530500002205372 ], [ 40709.396200000308454, 3125212.643200002610683 ], [ 40686.975600000470877, 3125096.056500002741814 ], [ 40552.452500000596046, 3124925.660500001162291 ], [ 40023.328200002200902, 3124481.734200002625585 ], [ 39516.624400000087917, 3124185.783300001174212 ], [ 38238.654700001701713, 3123499.715399999171495 ], [ 38126.55210000090301, 3123459.358500001952052 ] ] ] } },
{ "type": "Feature", "properties": { "IMIS_CODE": "31110010011000000", "PARENT_CHA": "Sadiq Branch", "REMARKS": null, "ZONE_NAME": "Bahawalpur", "CIRCLE_NAM": "Rahimyar Khan", "CHANNEL_NA": "Manthar Disty", "CHANNEL_TY": "D", "DESIGNED_D": 9.0 }, "geometry": { "type": "MultiLineString", "coordinates": [ [ [ 33600.049900000914931, 3130555.84940000064671 ], [ 33263.075400001369417, 3130619.466300001367927 ], [ 33192.509899999946356, 3130612.038300001993775 ], [ 33095.946600001305342, 3130567.470700001344085 ], [ 32356.866100000217557, 3130058.656400000676513 ], [ 31365.235400000587106, 3129386.427400000393391 ] ] ] } },
{ "type": "Feature", "properties": { "IMIS_CODE": "31110010012000000", "PARENT_CHA": "Sadiq Branch", "REMARKS": null, "ZONE_NAME": "Bahawalpur", "CIRCLE_NAM": "Rahimyar Khan", "CHANNEL_NA": "Gullan Disty", "CHANNEL_TY": "D", "DESIGNED_D": 273.0 }, "geometry": { "type": "MultiLineString", "coordinates": [ [ [ 31761.397700000554323, 3127324.354800002649426 ], [ 31431.583799999207258, 3126912.964500004425645 ], [ 31352.165500000119209, 3126833.546100001782179 ], [ 31283.106000000610948, 3126795.563400004059076 ], [ 31227.858500001952052, 3126767.939700001850724 ], [ 31107.004500000737607, 3126754.12780000269413 ], [ 30081.471900001168251, 3126747.221799999475479 ], [ 29520.503700001165271, 3126745.119799999520183 ], [ 28908.622299999929965, 3126735.657700000330806 ], [ 28703.610500001348555, 3126732.503700001165271 ], [ 28586.911400000564754, 3126704.117499999701977 ], [ 28517.522800001315773, 3126669.423200001940131 ], [ 28470.212400000542402, 3126641.03690000064671 ], [ 28135.885400001890957, 3126423.409 ], [ 27129.750500001013279, 3125779.987299999222159 ], [ 26606.181800001300871, 3125433.04420000128448 ], [ 26410.632100000977516, 3125322.653200000524521 ], [ 26284.471000000834465, 3125278.496800003573298 ], [ 26189.850100001320243, 3125278.496800003573298 ], [ 25726.208000001497567, 3125281.650800000876188 ], [ 24784.204900000244379, 3125311.614100001752377 ], [ 23863.228799999691546, 3125320.024800002574921 ], [ 23686.603199999779463, 3125320.024800002574921 ], [ 23425.870199999772012, 3125362.078500002622604 ], [ 22740.394799999892712, 3125433.56980000063777 ], [ 21778.287899999879301, 3125546.049600003287196 ], [ 21710.078900000080466, 3125551.320200001820922 ], [ 21100.300200000405312, 3125631.222300002351403 ], [ 20932.085400001145899, 3125648.043700000271201 ], [ 20839.567199999466538, 3125648.043700000271201 ], [ 19842.894300000742078, 3125412.543000001460314 ], [ 19451.79490000102669, 3125328.435600003227592 ], [ 18413.068300000391901, 3125071.907999999821186 ], [ 17555.172700001858175, 3124865.844799999147654 ], [ 16684.660899999551475, 3124668.192400000989437 ], [ 15936.104899999685585, 3124491.566800000146031 ], [ 15687.988099999725819, 3124432.691600002348423 ], [ 15612.291399999521673, 3124399.048600001260638 ], [ 15473.51420000102371, 3124310.735899997875094 ], [ 15221.191899999976158, 3124138.315700000151992 ], [ 14994.10190000012517, 3123982.716900002211332 ], [ 14884.762300000526011, 3123923.84180000051856 ], [ 14754.395800000987947, 3123873.377300001680851 ], [ 14430.582200000062585, 3123776.653799999505281 ], [ 13795.571299999952316, 3123595.822799999266863 ], [ 13690.436999999918044, 3123570.590600002557039 ], [ 12660.296600000932813, 3123261.623500000685453 ], [ 11040.738200000487268, 3122805.631300002336502 ], [ 10159.710200000554323, 3122531.20070000179112 ], [ 9430.024500000290573, 3122332.195500001311302 ], [ 9266.398000000976026, 3122270.282700002193451 ], [ 9036.43640000000596, 3122164.146600004285574 ], [ 8107.745400000363588, 3121699.801100004464388 ], [ 6957.937599999830127, 3121133.741900002583861 ], [ 6184.02840000204742, 3120766.68779999949038 ], [ 5480.876700000837445, 3120421.745500000193715 ], [ 4830.792999999597669, 3120103.337200002744794 ], [ 4220.510400000028312, 3119807.040500001981854 ], [ 4132.06359999999404, 3119749.55010000243783 ], [ 3915.369099999777973, 3119528.433200001716614 ], [ 3738.475600001402199, 3119386.918400000780821 ], [ 3231.206700000911951, 3118935.335100004449487 ] ] ] } },
{ "type": "Feature", "properties": { "IMIS_CODE": "31110010012001000", "PARENT_CHA": "Gullan Disty", "REMARKS": null, "ZONE_NAME": "Bahawalpur", "CIRCLE_NAM": "Rahimyar Khan", "CHANNEL_NA": "Malu Minor", "CHANNEL_TY": "M", "DESIGNED_D": 21.0 }, "geometry": { "type": "MultiLineString", "coordinates": [ [ [ 25726.208000001497567, 3125281.650800000876188 ], [ 25564.774900000542402, 3124905.41270000115037 ], [ 25317.548999999649823, 3124378.714099999517202 ], [ 24882.216400000266731, 3123502.674599999561906 ], [ 24699.484300000593066, 3123099.588899997994304 ], [ 24591.994800001382828, 3122970.601500002667308 ], [ 24468.381800000555813, 3122911.482300000265241 ], [ 24285.649600001052022, 3122911.482300000265241 ], [ 23092.515999999828637, 3122873.860900001600385 ], [ 22925.907300001010299, 3122782.494899999350309 ], [ 22092.863599999807775, 3122228.923900000751019 ], [ 21372.683799999766052, 3121739.846599999815226 ], [ 20948.100200000219047, 3121567.863300001248717 ], [ 20184.924699999392033, 3121234.645899999886751 ], [ 19808.711400000378489, 3121063.334400003775954 ], [ 19760.34110000077635, 3121027.056700000539422 ], [ 19716.001700000837445, 3120982.717299999669194 ], [ 19341.132000000216067, 3120986.748200003057718 ], [ 18974.324099999852479, 3120910.161900002509356 ], [ 18869.521800000220537, 3120890.007600001990795 ], [ 18643.793800001963973, 3120736.835000002756715 ], [ 18357.88050000090152, 3120505.901700001209974 ] ] ] } },
{ "type": "Feature", "properties": { "IMIS_CODE": "31110010012002000", "PARENT_CHA": "Gullan Disty", "REMARKS": null, "ZONE_NAME": "Bahawalpur", "CIRCLE_NAM": "Rahimyar Khan", "CHANNEL_NA": "Bagh Minor", "CHANNEL_TY": "M", "DESIGNED_D": 9.0 }, "geometry": { "type": "MultiLineString", "coordinates": [ [ [ 21778.287899999879301, 3125546.049600003287196 ], [ 21774.317500000819564, 3125605.605900002643466 ], [ 21746.524600001052022, 3125692.955200001597404 ], [ 21694.909099999815226, 3125764.422700000926852 ], [ 21643.293700002133846, 3125871.624000001698732 ], [ 21532.121900000609457, 3126089.997099999338388 ], [ 21345.512200000695884, 3126514.832000000402331 ], [ 21222.429200001992285, 3126784.820500001311302 ], [ 21162.872899999842048, 3126840.406300000846386 ], [ 21099.346200000494719, 3126884.080900000408292 ], [ 21039.789900001138449, 3126903.93300000205636 ], [ 20944.499900000169873, 3126907.903500001877546 ], [ 20011.451299998909235, 3126947.607700001448393 ] ] ] } },
{ "type": "Feature", "properties": { "IMIS_CODE": "31110010012003000", "PARENT_CHA": "Gullan Disty", "REMARKS": null, "ZONE_NAME": "Bahawalpur", "CIRCLE_NAM": "Rahimyar Khan", "CHANNEL_NA": "Lakhi Minor", "CHANNEL_TY": "M", "DESIGNED_D": 99.0 }, "geometry": { "type": "MultiLineString", "coordinates": [ [ [ 19451.79490000102669, 3125328.435600003227592 ], [ 19423.829300001263618, 3125236.356899999082088 ], [ 19288.834999999962747, 3124978.279700001701713 ], [ 19086.343599999323487, 3124605.060300001874566 ], [ 18705.183400001376867, 3123961.852300003170967 ], [ 18526.514499999582767, 3123648.18920000270009 ], [ 18391.520200000144541, 3123425.84569999948144 ], [ 18232.703500000759959, 3123179.679700000211596 ], [ 18097.709200001321733, 3122981.158800004050136 ], [ 17990.507900000549853, 3122862.04619999974966 ], [ 17803.898199999704957, 3122639.7027000002563 ], [ 17712.578499999828637, 3122588.087300002574921 ], [ 17660.96309999935329, 3122576.176000002771616 ], [ 17533.909699999727309, 3122496.767600001767278 ], [ 17359.211199999786913, 3122369.714199999347329 ], [ 17105.104400001466274, 3122210.897400001063943 ], [ 16993.932599999941885, 3122139.429900001734495 ], [ 16747.76659999974072, 3122004.435600003227592 ], [ 16374.547199999913573, 3121801.944199999794364 ], [ 15711.487200000323355, 3121460.488199999555945 ], [ 15028.575100000947714, 3121103.150400001555681 ], [ 14016.118200002238154, 3120586.995899999514222 ], [ 13615.105800000950694, 3120396.41579999960959 ], [ 12999.690799999982119, 3120110.545600002631545 ], [ 12797.199400000274181, 3120023.196399999782443 ], [ 12709.85020000115037, 3119947.758399998769164 ], [ 12578.826400001533329, 3119828.6458 ], [ 12404.127900000661612, 3119526.894000003114343 ], [ 12253.252000000327826, 3119284.698400001972914 ], [ 12153.991499999538064, 3119106.029500002041459 ], [ 11947.52970000077039, 3118617.667899999767542 ], [ 11776.801700000651181, 3118200.773900000378489 ], [ 11697.393299999646842, 3118081.661299999803305 ], [ 11665.62990000192076, 3117982.400900000706315 ], [ 11657.689100001007318, 3117887.1108 ], [ 11617.984900000505149, 3117807.702400002628565 ], [ 11578.28070000000298, 3117724.323599999770522 ], [ 11502.842699999921024, 3117593.299800001084805 ], [ 11403.582300000824034, 3117450.364700002595782 ], [ 11324.173900001682341, 3117359.045000003650784 ], [ 11232.854200001806021, 3117279.636600002646446 ], [ 11101.830400000326335, 3117176.405700001865625 ], [ 11010.510700000450015, 3117085.086100000888109 ], [ 10863.605200001038611, 3116973.91440000385046 ], [ 10764.344700000248849, 3116866.712999999523163 ], [ 10673.025100001133978, 3116751.5709000043571 ], [ 10581.705500000156462, 3116632.4583 ], [ 10514.208300000987947, 3116529.227399999275804 ], [ 10446.711200000718236, 3116406.144400004297495 ], [ 10383.184500001370907, 3116342.617700003087521 ], [ 10319.657800000160933, 3116306.883900001645088 ], [ 10295.83530000038445, 3116267.179700002074242 ], [ 10137.018499999307096, 3116215.564300000667572 ], [ 9910.704600001685321, 3116140.126299999654293 ], [ 9513.662700000219047, 3115993.220800001174212 ], [ 9446.165500001050532, 3115953.516600001603365 ], [ 9013.389800001867115, 3115798.670200001448393 ], [ 8572.673300000838935, 3115655.73509999923408 ], [ 8259.010200000368059, 3115508.829600004479289 ], [ 8096.223000001162291, 3115516.770500000566244 ], [ 7846.086600000038743, 3115496.918400004506111 ], [ 7651.536000000312924, 3115485.007100000977516 ], [ 7540.364300000481308, 3115496.918400004506111 ], [ 7445.07420000154525, 3115500.88880000077188 ], [ 7325.96159999910742, 3115477.066299997270107 ], [ 7103.618100000545382, 3115377.805800000205636 ], [ 7032.150600000284612, 3115373.835400002077222 ], [ 6897.156300000846386, 3115397.657900001853704 ], [ 6710.546600000932813, 3115433.391700003296137 ], [ 6599.374900001101196, 3115433.391700003296137 ], [ 6512.025700001046062, 3115429.421200003474951 ], [ 6456.439800000749528, 3115425.450800001621246 ], [ 6381.001800000667572, 3115457.214200001209974 ], [ 6015.723299999721348, 3115568.385899998247623 ], [ 5940.285300000570714, 3115576.3268 ], [ 5880.729000000283122, 3115572.356300000101328 ], [ 5837.054400000721216, 3115564.415500001981854 ], [ 5797.350200000219047, 3115524.711300004273653 ], [ 5761.61640000063926, 3115496.918400004506111 ], [ 5475.746199999935925, 3115167.37360000424087 ], [ 5273.254800000227988, 3114984.734300002455711 ], [ 5197.816900001838803, 3114956.941299999132752 ], [ 5090.615600000135601, 3114917.237199999392033 ], [ 4610.19480000063777, 3114889.444200001657009 ], [ 3959.046100001782179, 3114829.887900002300739 ], [ 3855.815200000070035, 3114829.887900002300739 ], [ 3569.945000001229346, 3114885.473799999803305 ], [ 3355.542300000786781, 3114885.473799999803305 ], [ 3256.28179999999702, 3114885.473799999803305 ], [ 2982.322900000959635, 3114929.148399999365211 ], [ 2756.00899999961257, 3114964.882200000807643 ], [ 2672.630199999548495, 3114988.704700000584126 ], [ 2565.42890000063926, 3115040.320200001820922 ], [ 2061.185600000433624, 3115294.427000001072884 ], [ 1751.492900000885129, 3115465.154999999329448 ], [ 1140.048299999907613, 3115774.847700003534555 ], [ 349.010999999940395, 3116193.060100004076958 ] ] ] } },
{ "type": "Feature", "properties": { "IMIS_CODE": "31110010012003010", "PARENT_CHA": "Lakhi Minor", "REMARKS": null, "ZONE_NAME": "Bahawalpur", "CIRCLE_NAM": "Rahimyar Khan", "CHANNEL_NA": "Adohda Sub Minor", "CHANNEL_TY": "M", "DESIGNED_D": 6.0 }, "geometry": { "type": "MultiLineString", "coordinates": [ [ [ 3256.28179999999702, 3114885.473799999803305 ], [ 3231.28070000000298, 3114626.460000002756715 ], [ 3219.605299999937415, 3114584.42850000038743 ], [ 3002.442400000989437, 3114397.621700001880527 ], [ 2715.227000001817942, 3114157.107900001108646 ], [ 2481.718500001356006, 3113960.960800003260374 ], [ 2283.236299999989569, 3113809.180300002917647 ] ] ] } },
{ "type": "Feature", "properties": { "IMIS_CODE": "31110010012003100", "PARENT_CHA": "Lakhi Minor", "REMARKS": null, "ZONE_NAME": "Bahawalpur", "CIRCLE_NAM": "Rahimyar Khan", "CHANNEL_NA": "1L-Lakhi Minor", "CHANNEL_TY": "M", "DESIGNED_D": 24.0 }, "geometry": { "type": "MultiLineString", "coordinates": [ [ [ 9446.165500001050532, 3115953.516600001603365 ], [ 9449.197300000116229, 3115845.703100001439452 ], [ 9434.512600000016391, 3115552.0088 ], [ 9372.102500000037253, 3114626.871700001880527 ], [ 9317.034900001250207, 3113705.405899999663234 ], [ 9261.967200001701713, 3113033.580100001767278 ], [ 9254.624800002202392, 3112905.088899999856949 ], [ 9166.516499999910593, 3112537.971000000834465 ], [ 9019.669400000944734, 3111979.951800001785159 ], [ 8894.849300000816584, 3111458.644500000402331 ], [ 8850.795200001448393, 3111271.414400001987815 ], [ 8828.768100000917912, 3111183.306099999696016 ], [ 8770.029199999757111, 3111128.238400001078844 ], [ 8652.551500000059605, 3111058.485999999567866 ], [ 8406.582500000484288, 3110852.900000000372529 ], [ 8270.74890000000596, 3110757.449300000444055 ], [ 8182.64060000050813, 3110695.039300002157688 ], [ 8054.149400000460446, 3110570.219200002029538 ], [ 7848.563400000333786, 3110427.043200001120567 ], [ 7665.004399999976158, 3110320.57909999974072 ], [ 7521.828500000759959, 3110239.813100000843406 ], [ 7162.05290000140667, 3110067.267699999734759 ], [ 6897.728100000880659, 3109953.461200000718236 ], [ 6754.552100001834333, 3109894.722300000488758 ], [ 6593.020200001075864, 3109828.641100000590086 ], [ 6486.556100000627339, 3109766.23110000230372 ], [ 6416.803700000047684, 3109751.546400003135204 ] ] ] } },
{ "type": "Feature", "properties": { "IMIS_CODE": "31110010012003110", "PARENT_CHA": "1L-Lakhi Minor", "REMARKS": null, "ZONE_NAME": "Bahawalpur", "CIRCLE_NAM": "Rahimyar Khan", "CHANNEL_NA": "1L/1L Lakhi Sub Minor", "CHANNEL_TY": "M", "DESIGNED_D": 13.0 }, "geometry": { "type": "MultiLineString", "coordinates": [ [ [ 8894.849300000816584, 3111458.644500000402331 ], [ 8979.286400001496077, 3111344.837899999693036 ], [ 9379.444899999536574, 3110709.724000003188848 ], [ 9640.098600000143051, 3110324.250200001522899 ], [ 9724.535700000822544, 3110181.074300000444055 ], [ 9731.878100000321865, 3110126.0066 ], [ 9731.878100000321865, 3110045.24070000462234 ], [ 9662.12569999974221, 3109024.653000002726912 ], [ 9629.085099999792874, 3108723.616300003603101 ], [ 9563.003800000064075, 3108631.836799999698997 ], [ 9500.593800000846386, 3108536.386199999600649 ], [ 9390.458400001749396, 3108433.593200001865625 ], [ 9317.034900001250207, 3108338.142500001937151 ], [ 9078.408200000412762, 3108147.241200003772974 ], [ 8938.903500000946224, 3108029.763499999418855 ], [ 8784.713900000788271, 3107923.299300001934171 ], [ 8502.033200001344085, 3107589.22210000269115 ], [ 8270.74890000000596, 3107306.541300000622869 ] ] ] } },
{ "type": "Feature", "properties": { "IMIS_CODE": "31110010013000000", "PARENT_CHA": "Sadiq Branch", "REMARKS": null, "ZONE_NAME": "Bahawalpur", "CIRCLE_NAM": "Rahimyar Khan", "CHANNEL_NA": "Kandera Disty", "CHANNEL_TY": "D", "DESIGNED_D": 89.0 }, "geometry": { "type": "MultiLineString", "coordinates": [ [ [ 31761.397700000554323, 3127324.354800002649426 ], [ 31791.545000000856817, 3127200.086300002411008 ], [ 31864.321600000374019, 3126968.524400003254414 ], [ 31928.276800001040101, 3126763.426700001582503 ], [ 31932.687500001862645, 3126615.668100003153086 ], [ 31906.223299999721348, 3126485.552400000393391 ], [ 31840.062800000421703, 3126381.90090000256896 ], [ 31674.661400000564754, 3126165.776400001719594 ], [ 31284.804200001060963, 3125653.522200001403689 ], [ 31131.899800000712276, 3125457.490900002419949 ], [ 30630.059799999929965, 3125065.428400002419949 ], [ 30124.299100000411272, 3124626.318399999290705 ], [ 29053.968400000594556, 3123704.971400000154972 ], [ 28712.87400000076741, 3123391.321400003507733 ], [ 28591.334599999710917, 3123289.385099999606609 ], [ 28552.128399999812245, 3123222.734500002115965 ], [ 28528.604600001126528, 3123109.036400001496077 ], [ 28458.033400001935661, 3122571.910700002685189 ], [ 28356.097100000828505, 3121819.150700001046062 ], [ 28320.81150000076741, 3121521.1831 ], [ 28230.637099999934435, 3120909.56560000218451 ], [ 28167.907100001350045, 3120513.582400001585484 ], [ 28113.018400002270937, 3120160.726199999451637 ], [ 27983.637700000777841, 3119239.379200000315905 ], [ 27944.431500000879169, 3119129.601700002327561 ], [ 27913.066500000655651, 3119070.792300004512072 ], [ 27873.86019999999553, 3119023.744800001382828 ], [ 27783.6858000010252, 3118968.856100004166365 ], [ 27564.130800000391901, 3118859.078600000590086 ], [ 26776.085099998861551, 3118459.17480000294745 ], [ 26497.720700002275407, 3118310.191000001505017 ], [ 26403.625700001604855, 3118227.857900001108646 ], [ 26364.419499999843538, 3118149.445400003343821 ], [ 26348.736999999731779, 3117945.57289999909699 ], [ 26258.562600000761449, 3117063.432200003415346 ], [ 26207.594500000588596, 3116459.655900001525879 ], [ 26172.308799999766052, 3116055.831500001251698 ], [ 26101.737599999643862, 3115216.817700000479817 ], [ 26046.84880000166595, 3114785.548900000751019 ], [ 26000.925900000147521, 3114192.916999999433756 ] ] ] } },
{ "type": "Feature", "properties": { "IMIS_CODE": "31110010013001000", "PARENT_CHA": "Kandera Disty", "REMARKS": null, "ZONE_NAME": "Bahawalpur", "CIRCLE_NAM": "Rahimyar Khan", "CHANNEL_NA": "1L-Kandera Minor", "CHANNEL_TY": "D", "DESIGNED_D": 18.0 }, "geometry": { "type": "MultiLineString", "coordinates": [ [ [ 30124.299100000411272, 3124626.318399999290705 ], [ 30169.748900000937283, 3124348.630000000819564 ], [ 30258.884300000965595, 3123832.387800002470613 ], [ 30310.879900000989437, 3123490.702300000935793 ], [ 30370.303400000557303, 3123405.280900001525879 ], [ 30411.157100001350045, 3123368.141200002282858 ], [ 30630.281500000506639, 3123342.143400002270937 ], [ 31309.938500000163913, 3123331.001499999314547 ], [ 31874.462300001643598, 3123312.431600004434586 ], [ 32472.41190000064671, 3123305.003699997439981 ], [ 32528.12150000128895, 3123286.433800004422665 ], [ 32654.396600000560284, 3123175.014599999412894 ], [ 32851.237099999561906, 3122967.032199999317527 ], [ 33007.223899999633431, 3122747.907800000160933 ], [ 33129.785000001080334, 3122525.069399999454618 ], [ 33252.346100000664592, 3122324.51490000076592 ], [ 33319.197599999606609, 3122179.670000003650784 ], [ 33330.339599999599159, 3122083.106699999421835 ], [ 33326.625599999912083, 3122031.111099999397993 ], [ 33296.913799999281764, 3121971.6875 ], [ 33263.488100000657141, 3121908.550000000745058 ], [ 33036.935700000263751, 3121648.571900000795722 ], [ 32899.518699999898672, 3121485.1570999994874 ], [ 32724.962000000290573, 3121284.602600000798702 ], [ 32427.844200002029538, 3120909.491400001570582 ], [ 31744.473300000652671, 3120110.987299999222159 ], [ 31536.490799998864532, 3119865.8651 ] ] ] } },
{ "type": "Feature", "properties": { "IMIS_CODE": "31110010013002000", "PARENT_CHA": "Kandera Disty", "REMARKS": null, "ZONE_NAME": "Bahawalpur", "CIRCLE_NAM": "Rahimyar Khan", "CHANNEL_NA": "1R-Kandera Minor", "CHANNEL_TY": "M", "DESIGNED_D": 11.0 }, "geometry": { "type": "MultiLineString", "coordinates": [ [ [ 27564.130800000391901, 3118859.078600000590086 ], [ 27317.0439000017941, 3118881.253300001844764 ], [ 26573.158900001086295, 3118897.337300000712276 ], [ 25296.565700001083314, 3118924.255699999630451 ], [ 24877.190200001001358, 3118938.552600001916289 ], [ 24710.393200000748038, 3118881.365000002086163 ], [ 24362.502199999988079, 3118786.052400002256036 ], [ 23695.314000001177192, 3118600.192800002172589 ], [ 23361.719900001771748, 3118519.177100002765656 ], [ 23123.438299999572337, 3118428.630200000479817 ], [ 22947.110000002197921, 3118338.083200003951788 ], [ 22789.844200002029538, 3118223.708100002259016 ], [ 22556.328400000929832, 3118023.551600003615022 ], [ 22237.03110000025481, 3117732.848200002685189 ], [ 22041.640300001017749, 3117585.113600000739098 ], [ 21946.327700001187623, 3117523.160400003194809 ], [ 21746.17119999974966, 3117518.394799999892712 ], [ 20969.373499998822808, 3117537.457300001755357 ], [ 20554.763700000941753, 3117537.457300001755357 ], [ 20449.919800001196563, 3117451.676000002771616 ], [ 20302.185300000943244, 3117351.597799999639392 ], [ 19496.793800000101328, 3116741.597100000828505 ], [ 18901.09010000154376, 3116298.393500000238419 ], [ 18509.793400000780821, 3115996.027900001034141 ] ] ] } },
{ "type": "Feature", "properties": { "IMIS_CODE": "31111000000000000", "PARENT_CHA": "Abbassia Canal", "REMARKS": null, "ZONE_NAME": "Bahawalpur", "CIRCLE_NAM": "Bahawalpur", "CHANNEL_NA": "Abbassia Feeder", "CHANNEL_TY": "MC", "DESIGNED_D": 3580.0 }, "geometry": { "type": "MultiLineString", "coordinates": [ [ [ 107645.605299999937415, 3187991.782200001180172 ], [ 107644.921699999831617, 3187991.555600000545382 ], [ 106717.599700001999736, 3187684.155999999493361 ], [ 105364.044499999843538, 3187263.733600001782179 ], [ 104666.758500002324581, 3187258.606500003486872 ], [ 102513.375300001353025, 3187232.97100000269711 ], [ 100529.186600000597537, 3187222.716800002381206 ], [ 99999.410799999721348, 3187220.671300001442432 ], [ 99201.266900000162423, 3187217.589700004085898 ], [ 98965.420199999585748, 3187171.445800004526973 ], [ 98785.971600000746548, 3187115.047600001096725 ], [ 98637.285600000061095, 3187048.395300002768636 ], [ 98380.930499999783933, 3186899.709300000220537 ], [ 96212.166000001132488, 3185587.170999998226762 ], [ 94704.79769999999553, 3184695.055099997669458 ], [ 94468.951000000350177, 3184602.767200000584126 ], [ 94110.05379999987781, 3184510.479400001466274 ], [ 92566.79590000025928, 3184136.200899999588728 ], [ 91141.461300001479685, 3183792.685000002384186 ], [ 88434.350999999791384, 3183151.797100001946092 ], [ 88095.962199999950826, 3183069.763499999418855 ], [ 87972.476599999703467, 3183041.918700003996491 ], [ 87572.997700001113117, 3182951.84010000154376 ], [ 87388.42200000025332, 3182951.84010000154376 ], [ 87219.227599998936057, 3182997.984099999070168 ], [ 87106.431400001049042, 3183085.144800003618002 ], [ 86993.635100001469254, 3183151.797100001946092 ], [ 86819.31359999999404, 3183228.703700000420213 ], [ 86650.119200001470745, 3183249.212099999189377 ], [ 86421.443500000052154, 3183206.199100004509091 ], [ 85784.775999999605119, 3182887.865299999713898 ] ] ] } },
{ "type": "Feature", "properties": { "IMIS_CODE": "31111100000000000", "PARENT_CHA": "Minchin Branch", "REMARKS": null, "ZONE_NAME": "Bahawalpur", "CIRCLE_NAM": "Rahimyar Khan", "CHANNEL_NA": "Sadiq Feeder", "CHANNEL_TY": "BC", "DESIGNED_D": 2184.0 }, "geometry": { "type": "MultiLineString", "coordinates": [ [ [ 83078.90440000128001, 3181752.921200001612306 ], [ 82886.239400001242757, 3181714.1047000028193 ], [ 82784.869800001382828, 3181687.501000000163913 ], [ 82696.891900001093745, 3181647.701500002294779 ], [ 82120.845900001935661, 3181249.706000000238419 ], [ 81092.34180000051856, 3180510.272399999201298 ], [ 80434.601999999955297, 3180045.246100001037121 ], [ 79684.694800001569092, 3179485.957800002768636 ], [ 78953.640000000596046, 3178974.847799999639392 ], [ 78880.325000001117587, 3178935.048299998044968 ], [ 78767.210500001907349, 3178888.964599998667836 ], [ 77133.334499999880791, 3178362.144300000742078 ], [ 76741.623200001195073, 3178236.461600001901388 ], [ 76383.427300000563264, 3178119.157600000500679 ], [ 76169.76659999974072, 3178050.032100001350045 ], [ 76050.367899999953806, 3178045.842700000852346 ], [ 75434.52240000013262, 3177989.285399999469519 ], [ 74548.458800000138581, 3177922.254599999636412 ], [ 74410.207800000905991, 3177903.402200000360608 ], [ 74313.851000000722706, 3177876.17090000025928 ], [ 74108.56910000089556, 3177763.056500000879169 ], [ 73515.765400000847876, 3177440.47069999948144 ], [ 72809.847100000828505, 3177040.380500001832843 ], [ 72543.818600000813603, 3176872.80350000038743 ], [ 72120.686599999666214, 3176592.112000003457069 ], [ 72024.329800002276897, 3176531.365300001576543 ], [ 71450.378500000573695, 3176150.127500001341105 ], [ 70796.828099999576807, 3175712.33250000141561 ], [ 70348.559500000439584, 3175408.599199999123812 ], [ 69583.989299999549985, 3174895.394500002264977 ], [ 69431.075299998745322, 3174784.374700002372265 ], [ 68796.377300001680851, 3174145.487299999222159 ], [ 68450.749599998816848, 3173804.049100000411272 ], [ 67927.071400000713766, 3173248.950200002640486 ], [ 67309.131099999882281, 3172622.631100000813603 ], [ 67152.02770000230521, 3172452.959300000220537 ], [ 67047.292000002227724, 3172379.644400000572205 ], [ 66879.714999999850988, 3172279.098100000992417 ], [ 66437.730600000359118, 3171998.406600004062057 ], [ 65708.770499999634922, 3171541.759199999272823 ], [ 65392.468800000846386, 3171336.477399999275804 ], [ 64799.665100000798702, 3170974.092000002041459 ], [ 63961.780000001192093, 3170439.940200001001358 ], [ 63360.597400001250207, 3170060.797200001776218 ], [ 62424.260700000450015, 3169455.425200000405312 ], [ 61550.765400000847876, 3168896.136900002136827 ], [ 60727.543300000019372, 3168378.742800001055002 ], [ 60046.761600000783801, 3167945.137199999764562 ], [ 59910.605299999006093, 3167848.780400002375245 ], [ 59234.013000002130866, 3167423.5537 ], [ 58454.779800000600517, 3166925.012000003829598 ], [ 57855.691899999976158, 3166577.289700001478195 ], [ 57667.167799999937415, 3166497.690600000321865 ], [ 56695.220999999903142, 3166074.558600002899766 ], [ 56129.648500001057982, 3165823.193099999800324 ], [ 55882.472400000318885, 3165705.8892 ], [ 55130.470499999821186, 3165381.208699999377131 ], [ 54719.90679999999702, 3165207.347500000149012 ], [ 53580.38300000037998, 3164692.04810000397265 ], [ 52266.99800000153482, 3164078.2972 ], [ 51502.42780000064522, 3163678.207100000232458 ], [ 50880.298100000247359, 3163359.4616 ], [ 50480.906100001186132, 3163144.404400000348687 ], [ 49654.192800001241267, 3162717.083000002428889 ], [ 48777.206299999728799, 3162256.246200002729893 ], [ 48254.924599998630583, 3161979.744100000709295 ], [ 47269.013100000098348, 3161468.634099999442697 ], [ 46679.700500001199543, 3161147.44480000063777 ], [ 45632.344100000336766, 3160594.44060000218451 ], [ 44981.586600000970066, 3160264.872500004246831 ], [ 44612.917100001126528, 3160063.780000001192093 ], [ 44112.979000001214445, 3159801.24269999936223 ], [ 43663.314000000245869, 3159558.255999999120831 ], [ 43200.57700000051409, 3159325.787099998444319 ], [ 42812.900500000454485, 3159160.736700002104044 ], [ 42413.70890000090003, 3158993.767100000753999 ], [ 41822.759600000455976, 3158734.335600001737475 ], [ 41252.997700000181794, 3158482.970000004395843 ], [ 41026.768699999898672, 3158393.595600001513958 ], [ 40306.187500001862645, 3158083.578100001439452 ], [ 40105.214599999599159, 3157991.775700001046062 ], [ 40079.958500000648201, 3157980.23900000192225 ], [ 39986.573000000789762, 3157937.59400000423193 ], [ 39923.331700000911951, 3157914.229000000283122 ] ] ] } },
{ "type": "Feature", "properties": { "IMIS_CODE": "31120000000000000", "PARENT_CHA": "Punjnad H/W", "REMARKS": null, "ZONE_NAME": "Bahawalpur", "CIRCLE_NAM": "Bahawalpur", "CHANNEL_NA": "Abbassia Canal", "CHANNEL_TY": "MC", "DESIGNED_D": 1394.0 }, "geometry": { "type": "MultiLineString", "coordinates": [ [ [ 114042.886399999260902, 3252677.699700001627207 ], [ 114260.803700000979006, 3252497.498900001868606 ], [ 114436.813800001516938, 3252107.762200001627207 ], [ 114684.066200002096593, 3251625.829600004479289 ], [ 114885.220599999651313, 3251198.37639999948442 ], [ 114998.370000001043081, 3250875.691200001165271 ], [ 115015.132900000549853, 3250511.098800003528595 ], [ 114927.127799999900162, 3249836.393300000578165 ], [ 114830.741300001740456, 3249044.3476 ], [ 114709.210500000976026, 3248277.446300001814961 ], [ 114637.968299999833107, 3247703.318000003695488 ], [ 114608.633300000801682, 3247196.241200001910329 ], [ 114625.396099999547005, 3246894.509500000625849 ], [ 114721.782600000500679, 3246106.6546 ], [ 114776.262000001035631, 3245494.809900002554059 ], [ 114805.597000000067055, 3245029.6402000002563 ], [ 114834.932000000029802, 3244388.4605 ], [ 114893.601999999023974, 3243608.987000001594424 ], [ 114989.988499999977648, 3242980.379400001838803 ], [ 115094.75650000013411, 3242376.916000001132488 ], [ 115111.519399999640882, 3242259.576000003144145 ], [ 115117.846699999645352, 3242208.008100001141429 ], [ 115195.333700000308454, 3241576.489 ], [ 115224.668700000271201, 3241136.463700000196695 ], [ 115274.957299999892712, 3240662.912599997594953 ], [ 115434.204599999822676, 3239560.753900000825524 ], [ 115467.730300000868738, 3239401.5066 ], [ 115576.689000000245869, 3237993.425499999895692 ], [ 115677.26619999948889, 3237092.421200003474951 ], [ 115716.715900000184774, 3236663.441800000146031 ], [ 115733.478799999691546, 3236311.421500001102686 ], [ 115711.128300001844764, 3235970.576500002294779 ], [ 115655.252000000327826, 3235311.236900003626943 ], [ 115649.66440000012517, 3234702.186000002548099 ], [ 115604.963399999774992, 3233741.114800000563264 ], [ 115593.788200000301003, 3233137.65149999782443 ], [ 115591.565000000409782, 3233052.282500000670552 ], [ 115565.850000000558794, 3232064.8278 ], [ 115549.087199999950826, 3231388.725300002843142 ], [ 115526.736700000241399, 3230148.272900003939867 ], [ 115498.798600001260638, 3229013.985400000587106 ], [ 115521.149100000970066, 3228561.387900002300739 ], [ 115543.499600001610816, 3228304.357200002297759 ], [ 115565.850000000558794, 3228147.903800003230572 ], [ 115565.850000000558794, 3228047.32660000026226 ], [ 115448.509999999776483, 3227348.87360000051558 ], [ 115437.334699999541044, 3226611.307300001382828 ], [ 115387.046100000850856, 3224890.319300001487136 ], [ 115387.046100000850856, 3224683.577300002798438 ], [ 115375.870900001376867, 3224147.165400004014373 ], [ 115342.345100000500679, 3222655.27000000141561 ], [ 115269.706000002101064, 3221202.48790000192821 ], [ 115219.417400000616908, 3220928.694400001317263 ], [ 115057.376299999654293, 3220587.849299998953938 ], [ 114459.500599999912083, 3219632.365800000727177 ], [ 113375.501699999906123, 3217833.151000000536442 ], [ 113246.986299999989569, 3217609.646099999547005 ], [ 113179.934900000691414, 3217341.440200001001358 ], [ 113135.233900000341237, 3216693.27590000256896 ], [ 113073.77000000141561, 3214083.855699999257922 ], [ 112995.543300000950694, 3211714.703400000929832 ], [ 112950.842300001531839, 3210507.776799999177456 ], [ 113006.718500000424683, 3210390.436699997633696 ], [ 113755.460099999792874, 3208334.191300000995398 ], [ 114224.82039999961853, 3206909.347300004214048 ], [ 114560.077800000086427, 3205909.16270000115037 ], [ 115007.087700000032783, 3204584.895999999716878 ], [ 115280.881300000473857, 3203718.814400002360344 ], [ 115437.334699999541044, 3203187.990200001746416 ], [ 115442.922300000675023, 3202942.134700002148747 ], [ 115420.571800000034273, 3202746.567900002002716 ], [ 115156.149600001052022, 3201809.540400002151728 ], [ 115150.940599999390543, 3201792.28660000115633 ], [ 115079.726800001226366, 3201556.404100000858307 ], [ 114660.65510000102222, 3200181.84880000166595 ], [ 114219.23280000127852, 3198678.778100002557039 ], [ 113559.893300000578165, 3196499.60500000230968 ], [ 113478.452600002288818, 3196165.869899999350309 ], [ 113323.237400000914931, 3195502.677799999713898 ], [ 113083.359400000423193, 3194679.567000003531575 ], [ 112660.045300000347197, 3193287.33390000090003 ], [ 112368.42890000063926, 3192379.560200000181794 ], [ 112279.062600000761449, 3192167.903200000524521 ], [ 112147.364900002256036, 3191923.321699999272823 ], [ 111634.684400000609457, 3191043.769000001251698 ], [ 111526.504200000315905, 3190883.850300000980496 ], [ 111056.15510000102222, 3190526.385099999606609 ], [ 109329.974200000055134, 3189171.779900001361966 ], [ 108793.776300000958145, 3188776.686700001358986 ], [ 108520.973899999633431, 3188659.099500002339482 ], [ 108299.909900000318885, 3188522.698200000450015 ], [ 107876.595700001344085, 3188231.081800000742078 ], [ 107754.304999999701977, 3188127.605100000277162 ], [ 107645.605299999937415, 3187991.782200001180172 ] ] ] } },
{ "type": "Feature", "properties": { "IMIS_CODE": "31120000002001000", "PARENT_CHA": "Banwah Disty", "REMARKS": null, "ZONE_NAME": "Bahawalpur", "CIRCLE_NAM": "Bahawalpur", "CHANNEL_NA": "Khalifa Minor", "CHANNEL_TY": "M", "DESIGNED_D": 22.97 }, "geometry": { "type": "MultiLineString", "coordinates": [ [ [ 111472.281700001098216, 3236492.83390000090003 ], [ 111580.457400000654161, 3236350.853200001642108 ], [ 111732.579599999822676, 3235999.281999999657273 ], [ 111813.711400000378489, 3235803.21340000256896 ], [ 111857.657800001092255, 3235597.003400001674891 ], [ 111833.994400001130998, 3235333.32490000128746 ], [ 111850.89680000115186, 3234958.090299999341369 ], [ 111881.321299999020994, 3234785.685100000351667 ], [ 111901.604200000874698, 3234339.460100002586842 ], [ 111942.170099998824298, 3234143.3915 ], [ 111932.028699999675155, 3233994.649800000712276 ], [ 111894.843200000934303, 3233879.71309999935329 ], [ 111827.233400001190603, 3233768.1568 ], [ 111840.755400001071393, 3233541.663799997419119 ], [ 111837.374900001101196, 3233048.111900001764297 ], [ 111722.438099999912083, 3232855.423800002783537 ], [ 111671.73070000205189, 3232608.647900002077222 ], [ 111610.881900002248585, 3232287.5011 ], [ 111593.979399999603629, 3231922.407900001853704 ], [ 111428.335199999623001, 3231797.329600002616644 ], [ 111330.300999999977648, 3231716.197800002992153 ], [ 111732.579599999822676, 3230712.191500000655651 ], [ 111932.028699999675155, 3230252.444500001147389 ], [ 111955.692099999636412, 3230174.69310000166297 ], [ 111800.189400000497699, 3230015.810000002384186 ], [ 111097.04700000025332, 3229177.447799999266863 ] ] ] } },
{ "type": "Feature", "properties": { "IMIS_CODE": "31120000003000000", "PARENT_CHA": "Abbassia Canal", "REMARKS": null, "ZONE_NAME": "Bahawalpur", "CIRCLE_NAM": "Bahawalpur", "CHANNEL_NA": "Bukhari Disty", "CHANNEL_TY": "D", "DESIGNED_D": 13.35 }, "geometry": { "type": "MultiLineString", "coordinates": [ [ [ 115467.730300000868738, 3239401.5066 ], [ 115443.542200000956655, 3239209.511700000613928 ], [ 115465.858400001190603, 3238919.401500003412366 ], [ 115510.490699999965727, 3238357.034100001677871 ], [ 115630.997999999672174, 3237196.593500001356006 ], [ 115684.556800000369549, 3236589.593800002709031 ], [ 115706.873000000603497, 3236330.726199999451637 ], [ 115675.630400001071393, 3235884.402899999171495 ], [ 115622.071600000374019, 3235304.182600000873208 ], [ 115617.608300001360476, 3234884.638600001111627 ], [ 115608.681900000199676, 3234456.168199999257922 ] ] ] } },
{ "type": "Feature", "properties": { "IMIS_CODE": "31120000005000000", "PARENT_CHA": "Abbassia Canal", "REMARKS": null, "ZONE_NAME": "Bahawalpur", "CIRCLE_NAM": "Bahawalpur", "CHANNEL_NA": "Mamoon Disty", "CHANNEL_TY": "D", "DESIGNED_D": 14.63 }, "geometry": { "type": "MultiLineString", "coordinates": [ [ [ 115591.565000000409782, 3233052.282500000670552 ], [ 115635.885400000959635, 3232964.135500000789762 ], [ 115632.690900001674891, 3232910.89329999871552 ], [ 115621.195300000719726, 3232719.300800001248717 ], [ 115598.444500002078712, 3231939.569700004532933 ], [ 115582.753600000403821, 3231401.798600001260638 ], [ 115567.331700001843274, 3230873.247100001201034 ], [ 115565.347800000570714, 3230775.04360000230372 ], [ 115541.231499998830259, 3229581.2873 ], [ 115537.951500000432134, 3229418.928999997675419 ], [ 115529.015700001269579, 3229003.416499998420477 ], [ 115528.158099999651313, 3228963.536499999463558 ], [ 115577.125099999830127, 3228302.482800003141165 ], [ 115606.505199999548495, 3228175.168799998238683 ], [ 115645.678800001740456, 3228067.441500002518296 ], [ 115670.162299999967217, 3227905.850600002333522 ], [ 115659.332700000144541, 3227860.60670000128448 ] ] ] } },
{ "type": "Feature", "properties": { "IMIS_CODE": "31120000006000000", "PARENT_CHA": "Abbassia Canal", "REMARKS": null, "ZONE_NAME": "Bahawalpur", "CIRCLE_NAM": "Bahawalpur", "CHANNEL_NA": "Karamwah Disty", "CHANNEL_TY": "D", "DESIGNED_D": 57.0 }, "geometry": { "type": "MultiLineString", "coordinates": [ [ [ 115591.565000000409782, 3233052.282500000670552 ], [ 115557.538300001062453, 3232998.4123 ], [ 115528.158099999651313, 3231529.404100000858307 ], [ 115503.674699999392033, 3231377.606600001454353 ], [ 115488.673500000499189, 3231374.006300002336502 ], [ 115381.25730000063777, 3231348.226400000974536 ], [ 115270.215599999763072, 3231315.418100001290441 ], [ 115117.074400000274181, 3231244.737500004470348 ], [ 114770.497600000351667, 3230973.252299999818206 ], [ 114190.541100000962615, 3230468.290200000628829 ], [ 114100.449099999852479, 3230389.847999999299645 ], [ 113915.6081000007689, 3230164.573100000619888 ], [ 113823.187599999830127, 3229979.732100002467632 ], [ 112991.403200000524521, 3229194.157900001853704 ], [ 112783.457100001163781, 3229043.974600000306964 ], [ 112714.141700000502169, 3228916.896500000730157 ], [ 112691.03660000115633, 3228749.38429999910295 ], [ 112615.945000002160668, 3228552.990800002589822 ], [ 112930.752300001680851, 3227848.284600000828505 ], [ 113219.566300000995398, 3227149.354599999263883 ], [ 113317.76310000102967, 3226889.42200000025332 ], [ 113156.027200001291931, 3226358.004200000315905 ], [ 113098.264400000683963, 3225970.993400001898408 ], [ 113080.935600000433624, 3225503.114700000733137 ], [ 113057.830400001257658, 3225376.036500003188848 ], [ 113005.843900000676513, 3225220.076899999752641 ], [ 113005.843900000676513, 3225041.012199999764562 ], [ 112890.318300002254546, 3224711.764200001955032 ], [ 112699.7010000012815, 3224186.122700000181794 ], [ 112382.005600000731647, 3223377.44340000115335 ], [ 112214.493500000797212, 3222984.656400004401803 ], [ 112122.072999999858439, 3222834.473100002855062 ], [ 111821.706399999558926, 3222557.211600001901388 ], [ 111313.393700000829995, 3222095.10920000448823 ], [ 110973.436000001616776, 3221775.149000000208616 ] ] ] } },
{ "type": "Feature", "properties": { "IMIS_CODE": "31120000006001000", "PARENT_CHA": "Karamwah Disty", "REMARKS": null, "ZONE_NAME": "Bahawalpur", "CIRCLE_NAM": "Bahawalpur", "CHANNEL_NA": "Tasneem Minor", "CHANNEL_TY": "M", "DESIGNED_D": 7.64 }, "geometry": { "type": "MultiLineString", "coordinates": [ [ [ 115488.673500000499189, 3231374.006300002336502 ], [ 115488.77080000191927, 3230917.006400000303984 ], [ 115488.984600001014769, 3229913.495100004598498 ], [ 115483.263700001873076, 3229670.073699999600649 ], [ 115469.001400000415742, 3229063.222999999299645 ], [ 115464.965800000354648, 3228938.117500001564622 ], [ 115485.144100001081824, 3228808.976299999281764 ], [ 115499.664200001396239, 3228639.434800000861287 ], [ 115508.837700001895428, 3228530.881000002846122 ], [ 115520.557900000363588, 3228392.19200000166893 ], [ 115539.710500000976026, 3228209.371700001880527 ], [ 115551.898500001057982, 3228148.43160000257194 ], [ 115553.639700001105666, 3228061.374200001358986 ], [ 115531.004800000227988, 3227911.63570000231266 ], [ 115478.770399999804795, 3227599.970499997958541 ], [ 115433.411300000734627, 3227376.199100002646446 ] ] ] } },
{ "type": "Feature", "properties": { "IMIS_CODE": "31120000007000000", "PARENT_CHA": "Abbassia Canal", "REMARKS": null, "ZONE_NAME": "Bahawalpur", "CIRCLE_NAM": "Bahawalpur", "CHANNEL_NA": "1-R/AC Disty", "CHANNEL_TY": "D", "DESIGNED_D": 45.0 }, "geometry": { "type": "MultiLineString", "coordinates": [ [ [ 115269.706000002101064, 3221202.48790000192821 ], [ 114455.679100000299513, 3220919.193000001832843 ], [ 114079.772700000554323, 3220787.852300003170967 ], [ 113857.852100000716746, 3220670.09850000217557 ], [ 113540.822700001299381, 3220466.293800000101328 ], [ 113491.003800000995398, 3220430.061900001019239 ], [ 112974.698600000701845, 3220113.032400002703071 ], [ 112748.248999999836087, 3219954.517699999734759 ], [ 112607.850300000980496, 3219868.466900002211332 ], [ 112476.509499999694526, 3219746.184100000187755 ], [ 112367.813700000755489, 3219655.6042 ], [ 112272.704800001345575, 3219605.785300001502037 ], [ 112168.53800000064075, 3219560.495399998500943 ], [ 112014.552300000563264, 3219533.321400001645088 ], [ 111942.088399999774992, 3219501.618500001728535 ], [ 111751.870699999853969, 3219383.864700002595782 ], [ 111634.116900000721216, 3219306.871800001710653 ], [ 111539.008100000210106, 3219134.770100001245737 ], [ 111421.254300001077354, 3219030.603300001472235 ], [ 111285.384500000625849, 3218958.139399999752641 ], [ 111185.746700000017881, 3218876.617599997669458 ], [ 111036.290000000037253, 3218722.631800001487136 ], [ 110991.0, 3218600.349000003188848 ], [ 110972.884100000374019, 3218518.827200001105666 ], [ 110868.717200001701713, 3218401.073400001972914 ], [ 110787.19539999961853, 3218324.080500001087785 ], [ 110646.7966, 3218047.812000000849366 ], [ 110606.035700001753867, 3217939.1162 ], [ 110578.861700001172721, 3217907.413200002163649 ], [ 110438.462999999523163, 3217948.174100000411272 ], [ 110352.089300001040101, 3217992.95720000192523 ], [ 110229.842600000090897, 3217748.463900001719594 ], [ 109905.41880000103265, 3217043.19480000063777 ], [ 109736.154200001619756, 3216822.210400003939867 ], [ 109538.67890000063926, 3216554.208200000226498 ], [ 109463.450200000777841, 3216333.223800003528595 ], [ 109425.835800000466406, 3216145.152100000530481 ], [ 109392.923300000838935, 3216084.028699999675155 ], [ 109303.589200001209974, 3216004.098200004547834 ], [ 109186.044300000183284, 3215895.957000002264977 ], [ 109059.095900001935661, 3215627.954700002446771 ], [ 108819.304399999789894, 3215247.109400002285838 ], [ 108762.882800001651049, 3215063.739399999380112 ], [ 108678.250500000081956, 3214795.737100003287196 ], [ 108499.582399999722838, 3214419.593600001186132 ], [ 108386.739299999549985, 3214273.837999999523163 ], [ 108123.438800001516938, 3213972.923100000247359 ], [ 108085.824500001966953, 3213911.79980000294745 ], [ 108052.911899999715388, 3213747.237000003457069 ], [ 107972.981400000862777, 3213545.059900002554059 ], [ 107972.981400000862777, 3213366.391700003296137 ], [ 108034.104700001887977, 3213267.653999999165535 ], [ 107977.683199999853969, 3213070.178700001910329 ], [ 107531.012699999846518, 3212016.976800002157688 ], [ 107295.923000000417233, 3211537.393699999898672 ], [ 107164.272800001315773, 3211339.918400002643466 ], [ 106346.16060000192374, 3210093.942900000140071 ] ] ] } },
{ "type": "Feature", "properties": { "IMIS_CODE": "31120000007001000", "PARENT_CHA": "1-R/AC Disty", "REMARKS": null, "ZONE_NAME": "Bahawalpur", "CIRCLE_NAM": "Bahawalpur", "CHANNEL_NA": "1-L/1-R/AC Minor", "CHANNEL_TY": "M", "DESIGNED_D": 19.0 }, "geometry": { "type": "MultiLineString", "coordinates": [ [ [ 113491.003800000995398, 3220430.061900001019239 ], [ 113554.409600001759827, 3220307.779100000858307 ], [ 113567.996600000187755, 3220235.315200001001358 ], [ 113567.996600000187755, 3220171.909299999475479 ], [ 113531.764700002036989, 3220094.916500002145767 ], [ 113346.0760000012815, 3219755.242000000551343 ], [ 113056.220500000752509, 3219266.11089999973774 ], [ 112698.430100001394749, 3218817.74070000089705 ], [ 112653.140200001187623, 3218690.928900003433228 ], [ 112625.966200000606477, 3218595.820000002160668 ], [ 112616.908200001344085, 3218509.769200000911951 ], [ 112494.625500001013279, 3218364.841399999335408 ], [ 112268.175800001248717, 3218133.862800002098083 ], [ 111969.262400000356138, 3217690.021600002422929 ], [ 111960.204400001093745, 3217531.506900001317263 ], [ 111937.559399999678135, 3217237.122400000691414 ], [ 111946.61739999987185, 3217078.607599999755621 ], [ 112023.610299999825656, 3216802.339099997654557 ], [ 112059.84220000077039, 3216616.650400003418326 ], [ 112091.545199998654425, 3216480.780700003728271 ], [ 112096.074099999852479, 3216394.729800002649426 ], [ 112096.074099999852479, 3216308.679000001400709 ], [ 112064.371200000867248, 3216222.62810000218451 ], [ 111946.61739999987185, 3216100.345300003886223 ], [ 111280.855500000528991, 3215511.576300002634525 ], [ 110809.840300002135336, 3215058.67710000090301 ], [ 110755.49239999987185, 3214999.800200004130602 ] ] ] } },
{ "type": "Feature", "properties": { "IMIS_CODE": "31120000008000000", "PARENT_CHA": "3-R/AC Disty", "REMARKS": null, "ZONE_NAME": "Bahawalpur", "CIRCLE_NAM": "Bahawalpur", "CHANNEL_NA": "2-R/AC Disty", "CHANNEL_TY": "D", "DESIGNED_D": 57.0 }, "geometry": { "type": "MultiLineString", "coordinates": [ [ [ 112995.543300000950694, 3211714.703400000929832 ], [ 112727.645799999125302, 3211731.861700000241399 ], [ 112440.298900000751019, 3211744.355100000277162 ], [ 112334.470900001935661, 3211748.588199999183416 ], [ 112332.449900000356138, 3211748.668999999761581 ], [ 112127.965300000272691, 3211756.848400002345443 ], [ 112004.171900001354516, 3211727.138000000268221 ], [ 112001.212799998931587, 3211726.427799999713898 ], [ 111971.798500000499189, 3211719.368400003761053 ], [ 111682.820199999958277, 3211569.322000002488494 ], [ 111679.146300001069903, 3211567.41440000012517 ], [ 111646.971600000746548, 3211550.70830000191927 ], [ 111476.199200000613928, 3211450.743900001049042 ], [ 111471.9983000010252, 3211448.28489999845624 ], [ 111328.212900000624359, 3211364.117799999192357 ], [ 111323.559799999929965, 3211361.394100002944469 ], [ 111134.744500000029802, 3211250.868000000715256 ], [ 111014.872899999842048, 3211175.296800002455711 ], [ 111009.366400001570582, 3211171.825300002470613 ], [ 110999.692700000479817, 3211165.726600002497435 ], [ 110994.139700000174344, 3211162.225800003856421 ], [ 110847.397599999792874, 3211069.714500004425645 ], [ 110722.464100001379848, 3211007.247800001874566 ], [ 110652.055700001306832, 3210930.716900000348687 ], [ 110646.7347999997437, 3210924.933299999684095 ], [ 110618.306000000797212, 3210894.032500000670552 ], [ 110612.88190000038594, 3210888.136800000444055 ], [ 110578.790700000710785, 3210851.081000002101064 ], [ 110435.117200001142919, 3210726.14750000089407 ], [ 110332.212600001133978, 3210696.272000003606081 ], [ 110323.474700000137091, 3210693.735200004652143 ], [ 110241.4704, 3210669.927500002086163 ], [ 110104.043600000441074, 3210669.927500002086163 ], [ 109992.310000000521541, 3210597.841300001367927 ], [ 109983.72759999986738, 3210592.304199999198318 ], [ 109910.39680000115186, 3210544.99410000257194 ], [ 109660.011300000362098, 3210442.913800001144409 ], [ 109649.512699999846518, 3210438.633600000292063 ], [ 109340.591200000606477, 3210312.688699999824166 ], [ 109329.116600000299513, 3210308.010600002482533 ], [ 109098.329400000162423, 3210213.920400001108646 ], [ 108879.695899998769164, 3210088.987000001594424 ], [ 108742.269099999219179, 3209982.79360000230372 ], [ 108623.582299999892712, 3209789.14670000039041 ], [ 108628.920400001108646, 3209764.828500000759959 ], [ 108632.192499999888241, 3209749.922499999403954 ], [ 108679.802400000393391, 3209533.03319999948144 ], [ 108678.785699999891222, 3209484.232300003990531 ], [ 108678.449600000865757, 3209468.100600000470877 ], [ 108673.555699999444187, 3209233.192900002002716 ], [ 108674.281299999915063, 3209180.220800001174212 ], [ 108674.515100001357496, 3209163.158099999651313 ], [ 108674.827600000426173, 3209140.346400002017617 ], [ 108675.063000001013279, 3209123.16190000064671 ], [ 108679.802400000393391, 3208777.185900000855327 ], [ 108583.377000001259148, 3208578.308600001037121 ], [ 108579.855600000359118, 3208571.045700000599027 ], [ 108577.784400002099574, 3208560.344699999317527 ], [ 108514.894900000654161, 3208235.415200000628829 ], [ 108511.086800000630319, 3208215.740000000223517 ], [ 108504.895600001327693, 3208183.752000000327826 ], [ 108479.17850000038743, 3208158.407600004225969 ], [ 108464.711700000800192, 3208144.150399999693036 ], [ 108073.875200000591576, 3207758.97829999960959 ], [ 107988.565700001083314, 3207742.174900002777576 ], [ 107966.670599999837577, 3207737.862199999392033 ], [ 107690.226999999955297, 3207683.411299999803305 ], [ 107667.420400000177324, 3207678.919099999591708 ], [ 107661.594900000840425, 3207677.771600002422929 ], [ 107499.181400001049042, 3207534.098199998959899 ], [ 107052.14580000191927, 3207139.313500002026558 ], [ 107032.793200000189245, 3207122.222899997606874 ], [ 107018.187599999830127, 3207109.324500000104308 ], [ 106955.103500001132488, 3207059.621799999848008 ], [ 106934.521600000560284, 3207043.405700001865625 ], [ 106812.047500002197921, 3206946.91100000217557 ], [ 106712.100700002163649, 3206834.470900001004338 ], [ 106568.11600000038743, 3206767.17369999922812 ], [ 106543.017700000666082, 3206755.443000001832843 ], [ 106274.585099999792874, 3206629.979900004342198 ], [ 106248.589999999850988, 3206617.83 ], [ 106137.406899999827147, 3206565.864 ], [ 105553.58500000089407, 3206339.41190000064671 ], [ 105524.617500001564622, 3206328.175999999046326 ], [ 105270.092800001613796, 3206229.45130000077188 ], [ 105240.259100001305342, 3206217.8794 ], [ 105106.706000000238419, 3206166.077000001445413 ], [ 104967.83430000115186, 3206142.931700000539422 ], [ 104943.249600001610816, 3206138.834200002253056 ], [ 104935.317900000140071, 3206137.512200001627207 ], [ 104910.657999999821186, 3206133.402300000190735 ], [ 104769.385700001381338, 3206109.856899999082088 ], [ 104758.504300000146031, 3206107.355399999767542 ], [ 104725.745000001974404, 3206099.824500001966953 ], [ 104624.42200000025332, 3206076.531899999827147 ], [ 104591.253000000491738, 3206068.906900001689792 ], [ 104225.925300000235438, 3205984.923499999567866 ], [ 104044.77180000115186, 3205978.67680000141263 ], [ 103905.207399998791516, 3205982.553600002080202 ], [ 103868.957500000484288, 3205983.56050000153482 ], [ 103819.89159999974072, 3205984.923499999567866 ], [ 103704.391400001011789, 3205794.504299998283386 ], [ 103685.096400001086295, 3205762.693600000813603 ], [ 103588.764700000174344, 3205603.876500001177192 ], [ 103402.145400000736117, 3205337.612100003287196 ], [ 103238.170300000347197, 3205248.597000000998378 ], [ 103125.730200001038611, 3205192.377000002190471 ], [ 103124.960399999283254, 3205162.502900000661612 ], [ 103123.932000000029802, 3205122.590900000184774 ], [ 103107.828399999067187, 3204497.629100002348423 ], [ 103103.349499999545515, 3204098.999000001698732 ], [ 103102.864400000311434, 3204055.826200002804399 ], [ 103100.63820000179112, 3203857.695200001820922 ], [ 103086.257600001059473, 3203256.10950000025332 ], [ 103074.273900001309812, 3202853.454500002786517 ], [ 103069.729199999943376, 3202762.562700003385544 ], [ 103069.48030000180006, 3202757.584200002253056 ], [ 103067.848200000822544, 3202715.340200001373887 ], [ 103067.655200000852346, 3202710.343900002539158 ] ] ] } },
{ "type": "Feature", "properties": { "IMIS_CODE": "31120000009000000", "PARENT_CHA": "Abbassia Canal", "REMARKS": null, "ZONE_NAME": "Bahawalpur", "CIRCLE_NAM": "Bahawalpur", "CHANNEL_NA": "3-R/AC Disty", "CHANNEL_TY": "D", "DESIGNED_D": 401.0 }, "geometry": { "type": "MultiLineString", "coordinates": [ [ [ 112995.543300000950694, 3211714.703400000929832 ], [ 112762.305700001306832, 3211710.012199999764562 ], [ 112747.389299999922514, 3211709.19789999909699 ], [ 112732.536300000734627, 3211707.600400002673268 ], [ 112717.787900000810623, 3211705.224400004372001 ], [ 112703.184800000861287, 3211702.076200000941753 ], [ 112688.767300000414252, 3211698.164700001478195 ], [ 112674.575500001199543, 3211693.500700004398823 ], [ 112660.64850000012666, 3211688.097000000998378 ], [ 112647.024799999780953, 3211681.968499997630715 ], [ 112633.74210000038147, 3211675.13230000063777 ], [ 112620.837300000712276, 3211667.607300002127886 ], [ 112608.345800001174212, 3211659.414200002327561 ], [ 112596.302400000393391, 3211650.575800001621246 ], [ 112584.74030000064522, 3211641.116399999707937 ], [ 112573.691500000655651, 3211631.062300000339746 ], [ 112563.186499999836087, 3211620.441199999302626 ], [ 112553.254500000737607, 3211609.282500002533197 ], [ 112543.922799999825656, 3211597.617000000551343 ], [ 112535.217299999669194, 3211585.477200001478195 ], [ 112527.162100000306964, 3211572.896400002762675 ], [ 112519.779400000348687, 3211559.909600004553795 ], [ 112513.089700001291931, 3211546.552500002086163 ], [ 112507.111400000751019, 3211532.862299999222159 ], [ 112501.861200000159442, 3211518.87670000270009 ], [ 112497.353400001302361, 3211504.634400002658367 ], [ 112493.600700001232326, 3211490.174900002777576 ], [ 112490.613300001248717, 3211475.53800000064075 ], [ 112248.69539999961853, 3210619.520899999886751 ], [ 112081.213800000026822, 3210020.309000000357628 ], [ 111798.355999999679625, 3209022.863000003620982 ], [ 111671.814400001429021, 3208512.974600000306964 ], [ 111474.558300000615418, 3207895.153600001707673 ], [ 111437.340100000612438, 3207757.44649999961257 ], [ 111411.287400001659989, 3207694.175699999555945 ], [ 111325.685700001195073, 3207619.739400001242757 ], [ 111206.587700000032783, 3207526.694100003689528 ], [ 110934.895299999974668, 3207266.167100001126528 ], [ 110853.015400001779199, 3207102.407400002703071 ], [ 110633.42850000038743, 3206629.737100001424551 ], [ 110532.939500002190471, 3206328.270199999213219 ], [ 110495.721400000154972, 3206272.443000001832843 ], [ 110313.352500000037253, 3206123.570500001311302 ], [ 110201.698100000619888, 3206011.91609999909997 ], [ 109114.928599999286234, 3205111.237199999392033 ], [ 108430.11500000115484, 3204530.634400000795722 ], [ 107994.662800000980496, 3204292.438300002366304 ], [ 107529.436200000345707, 3203998.415100000798702 ], [ 107410.338200001046062, 3203834.655300000682473 ], [ 106915.337000001221895, 3203138.676200000569224 ], [ 106688.306400000117719, 3202833.487500004470348 ], [ 106491.050299999304116, 3202710.667700001969934 ], [ 106159.808900001458824, 3202554.351500000804663 ], [ 106003.492700001224875, 3202461.306200001388788 ], [ 105099.092100000940263, 3201690.890800001099706 ], [ 104630.143600000068545, 3201285.213200001046062 ], [ 104365.894899999722838, 3201069.347999999299645 ], [ 104053.262600000947714, 3200901.866400003433228 ], [ 103316.343600001186132, 3200488.745200000703335 ], [ 103171.192800001241267, 3200324.985399998724461 ], [ 102925.55320000089705, 3200004.909400001168251 ], [ 102892.538200001232326, 3199691.104900002479553 ], [ 102596.010000001639128, 3198781.070300001651049 ], [ 102210.331699999980628, 3197519.86710000038147 ], [ 102095.299300001002848, 3197169.018100000917912 ], [ 102060.789499999955297, 3196674.378499999642372 ], [ 101974.5152000002563, 3196093.464600000530481 ], [ 101865.234300000593066, 3195000.656100001186132 ], [ 101801.96650000102818, 3193424.711400000378489 ], [ 101773.208399999886751, 3192061.57660000026226 ], [ 101750.201899999752641, 3191198.833100002259016 ], [ 101671.22690000012517, 3190978.51240000128746 ], [ 101543.322600000537932, 3190827.352800000458956 ], [ 101351.46610000077635, 3190734.331399999558926 ], [ 101095.657500001601875, 3190716.889900002628565 ], [ 100456.136000000871718, 3190763.40059999935329 ], [ 99578.247300000861287, 3190838.980400001630187 ], [ 99264.300300000235438, 3190850.60810000449419 ], [ 98246.879700000397861, 3190763.40059999935329 ], [ 96787.607800000347197, 3190682.006900001317263 ], [ 96572.496000000275671, 3190594.799499999731779 ], [ 94799.277099999599159, 3189484.3575 ], [ 93781.856400000862777, 3188833.20830000191927 ], [ 93584.186099999584258, 3188705.304000001400709 ], [ 93229.542400000616908, 3188432.05379999987781 ], [ 91560.972500000149012, 3187083.244699999690056 ], [ 89816.822800001129508, 3185722.808000000193715 ], [ 89316.833200000226498, 3185350.72270000167191 ] ] ] } },
{ "type": "Feature", "properties": { "IMIS_CODE": "31120000009001000", "PARENT_CHA": "3-R/AC Disty", "REMARKS": null, "ZONE_NAME": "Bahawalpur", "CIRCLE_NAM": "Bahawalpur", "CHANNEL_NA": "1AL/3-R/AC Minor", "CHANNEL_TY": "M", "DESIGNED_D": 13.0 }, "geometry": { "type": "MultiLineString", "coordinates": [ [ [ 110201.698100000619888, 3206011.91609999909997 ], [ 110180.049200001172721, 3205224.448599997907877 ], [ 110180.049200001172721, 3205126.6974 ], [ 110101.848199999891222, 3205048.496400002390146 ], [ 109847.695000000298023, 3204817.803500002250075 ], [ 109839.874900000169873, 3204493.269400000572205 ], [ 109820.324600000865757, 3203519.667200000956655 ], [ 109812.50450000166893, 3203023.090900003910065 ], [ 110790.016800001263618, 3202069.038900002837181 ], [ 110758.736400000751019, 3200864.743800001218915 ], [ 109945.44620000012219, 3200172.665100000798702 ] ] ] } },
{ "type": "Feature", "properties": { "IMIS_CODE": "31120000009002000", "PARENT_CHA": "3-R/AC Disty", "REMARKS": null, "ZONE_NAME": "Bahawalpur", "CIRCLE_NAM": "Bahawalpur", "CHANNEL_NA": "1-R/3-R Minor", "CHANNEL_TY": "M", "DESIGNED_D": 62.0 }, "geometry": { "type": "MultiLineString", "coordinates": [ [ [ 102925.55320000089705, 3200004.909400001168251 ], [ 102607.269600000232458, 3199809.198400000110269 ], [ 101651.693599999882281, 3199298.076400004327297 ], [ 101454.86400000192225, 3199221.88430000282824 ], [ 101400.894600000232458, 3199215.534900004044175 ], [ 101283.431699999608099, 3199225.058900000527501 ], [ 101035.807400001212955, 3199310.775000004097819 ], [ 100667.545500000938773, 3199469.508600000292063 ], [ 100365.951800000853837, 3199602.844800001010299 ], [ 100261.187600000761449, 3199647.290200000628829 ], [ 100210.392900001257658, 3199656.814200000837445 ], [ 100140.550099999643862, 3199644.115499999374151 ], [ 100064.358000000938773, 3199583.796800002455711 ], [ 99997.689900000579655, 3199485.382000001147389 ], [ 99921.497800001874566, 3199320.299100004136562 ], [ 99886.576500001363456, 3199021.880000002682209 ], [ 99778.637600000016391, 3198558.378000000491738 ], [ 99610.380100000649691, 3197999.635900001972914 ], [ 99413.550499999895692, 3197609.151299998164177 ], [ 99254.816900000907481, 3197364.701700001955032 ], [ 98581.78660000115633, 3196650.400700001046062 ], [ 98042.092600000090897, 3196037.689200000837445 ], [ 97473.826400000602007, 3195409.104300001636147 ], [ 96734.12810000218451, 3194631.309900000691414 ], [ 96569.04520000051707, 3194507.497700002044439 ], [ 96457.931700000539422, 3194415.432200001552701 ], [ 96325.393000000156462, 3194266.616900002583861 ], [ 96276.975400001741946, 3194212.253300001844764 ], [ 95832.521500000730157, 3193631.288499999791384 ], [ 95638.866500000469387, 3193466.205600002780557 ], [ 95346.796799999661744, 3193193.183900004252791 ], [ 94972.185600002296269, 3192882.066099999472499 ], [ 94883.294799999333918, 3192748.729899998754263 ], [ 94835.674800001084805, 3192640.791100000962615 ], [ 94784.880000000819564, 3192466.184200003743172 ], [ 94670.591900000348687, 3192329.673300001770258 ], [ 94022.958999999798834, 3191624.89640000462532 ], [ 93975.338900000788271, 3191580.450999999418855 ] ] ] } },
{ "type": "Feature", "properties": { "IMIS_CODE": "31120000009002010", "PARENT_CHA": "1-R/3-R Minor", "REMARKS": null, "ZONE_NAME": "Bahawalpur", "CIRCLE_NAM": "Bahawalpur", "CHANNEL_NA": "1-L/1-R/3-R Sub Minor", "CHANNEL_TY": "SM", "DESIGNED_D": 10.5 }, "geometry": { "type": "MultiLineString", "coordinates": [ [ [ 101400.894600000232458, 3199215.534900004044175 ], [ 101410.38399999961257, 3199081.33809999935329 ], [ 101303.824699999764562, 3198962.24239999987185 ], [ 100871.319300000555813, 3198623.759900001809001 ], [ 100420.009300000965595, 3197984.40400000102818 ], [ 100068.99040000140667, 3197520.557600002735853 ], [ 99906.017300000414252, 3197263.561700001358986 ], [ 99605.14400000218302, 3196787.178899999707937 ], [ 98520.746299999766052, 3195169.984600001946092 ] ] ] } },
{ "type": "Feature", "properties": { "IMIS_CODE": "31120000009002020", "PARENT_CHA": "1-R/3-R Minor", "REMARKS": null, "ZONE_NAME": "Bahawalpur", "CIRCLE_NAM": "Bahawalpur", "CHANNEL_NA": "1-R/1-R/3-R Sub Minor", "CHANNEL_TY": "SM", "DESIGNED_D": 22.0 }, "geometry": { "type": "MultiLineString", "coordinates": [ [ [ 96325.393000000156462, 3194266.616900002583861 ], [ 96107.009800000116229, 3194279.170499999076128 ], [ 95375.663500000722706, 3194305.834200002253056 ], [ 94731.9264000011608, 3194302.025100000202656 ], [ 94072.952900000847876, 3194321.070600003004074 ], [ 91951.28690000064671, 3194378.207000002264977 ] ] ] } },
{ "type": "Feature", "properties": { "IMIS_CODE": "31120000009003000", "PARENT_CHA": "3-R/AC Disty", "REMARKS": null, "ZONE_NAME": "Bahawalpur", "CIRCLE_NAM": "Bahawalpur", "CHANNEL_NA": "1-L/3-R Minor", "CHANNEL_TY": "M", "DESIGNED_D": 7.0 }, "geometry": { "type": "MultiLineString", "coordinates": [ [ [ 101543.322600000537932, 3190827.352800000458956 ], [ 101736.21650000102818, 3190696.872900001704693 ], [ 101804.563500002026558, 3190658.427699998021126 ], [ 102081.168400000780821, 3190612.549600003287196 ], [ 102585.192200000397861, 3190570.547600001096725 ], [ 102732.199100000783801, 3190565.2972999997437 ], [ 102768.950800000689924, 3190502.294399999082088 ], [ 102753.200100000947714, 3190155.777999999001622 ], [ 102427.684700000099838, 3189760.0406 ], [ 102399.466000000014901, 3189633.056500000879169 ] ] ] } },
{ "type": "Feature", "properties": { "IMIS_CODE": "31120000010000000", "PARENT_CHA": "Abbassia Canal", "REMARKS": null, "ZONE_NAME": "Bahawalpur", "CIRCLE_NAM": "Bahawalpur", "CHANNEL_NA": "4-R/AC Disty", "CHANNEL_TY": "D", "DESIGNED_D": 10.0 }, "geometry": { "type": "MultiLineString", "coordinates": [ [ [ 115156.149600001052022, 3201809.540400002151728 ], [ 114867.832200000062585, 3201923.5263 ], [ 114767.256400000303984, 3201950.3465 ], [ 114499.054200001060963, 3201990.576900001615286 ], [ 114338.132900000549853, 3201970.46170000359416 ], [ 112541.178000001236796, 3201340.186499999836087 ] ] ] } },
{ "type": "Feature", "properties": { "IMIS_CODE": "31120000011000000", "PARENT_CHA": "Abbassia Canal", "REMARKS": null, "ZONE_NAME": "Bahawalpur", "CIRCLE_NAM": "Bahawalpur", "CHANNEL_NA": "5-R/AC Disty", "CHANNEL_TY": "D", "DESIGNED_D": 22.0 }, "geometry": { "type": "MultiLineString", "coordinates": [ [ [ 115150.940599999390543, 3201792.28660000115633 ], [ 114835.965100000612438, 3201904.134500000625849 ], [ 114739.776700002141297, 3201928.653100000694394 ], [ 114370.111399999819696, 3201623.113400001078844 ], [ 114047.597299999557436, 3201317.573700001463294 ], [ 113896.713500000536442, 3201087.475900001823902 ], [ 113610.034200000576675, 3200672.545500000938773 ], [ 113263.001500001177192, 3200176.515000002458692 ], [ 112914.082700001075864, 3199689.91470000334084 ], [ 112487.836000001057982, 3199101.4679000005126 ], [ 112238.877700001001358, 3198731.8026 ], [ 111974.831100000999868, 3198399.858300002291799 ], [ 111554.242499999701977, 3198037.737100001424551 ], [ 111435.421500001102686, 3197915.144099999219179 ], [ 111192.121400000527501, 3197726.539300000295043 ], [ 110884.695600000210106, 3197470.036800000816584 ], [ 110641.395499999634922, 3197307.836800001561642 ], [ 110511.537600001320243, 3197264.911699999123812 ], [ 109447.527400000952184, 3197287.264900002628565 ], [ 109344.702899999916553, 3197282.794199999421835 ] ] ] } },
{ "type": "Feature", "properties": { "IMIS_CODE": "31130000000000000", "PARENT_CHA": "Punjnad H/W", "REMARKS": null, "ZONE_NAME": "Bahawalpur", "CIRCLE_NAM": "Bahawalpur", "CHANNEL_NA": "Punjnad Main Line", "CHANNEL_TY": "MC", "DESIGNED_D": 10484.0 }, "geometry": { "type": "MultiLineString", "coordinates": [ [ [ 113981.207400000654161, 3252576.787300003692508 ], [ 114010.580700000748038, 3252536.329600000753999 ], [ 114039.321900000795722, 3252495.420399999246001 ], [ 114067.423899999819696, 3252454.069500003010035 ], [ 114094.879999999888241, 3252412.287000002339482 ], [ 114121.683600000105798, 3252370.082900002598763 ], [ 114147.828200001269579, 3252327.467400001361966 ], [ 114173.307400001212955, 3252284.450899999588728 ], [ 114198.115199999883771, 3252241.04360000230372 ], [ 114222.24550000205636, 3252197.256100002676249 ], [ 114245.692600001581013, 3252153.098999999463558 ], [ 114268.450700000859797, 3252108.582800002768636 ], [ 114290.514299999922514, 3252063.718400003388524 ], [ 114311.878200000151992, 3252018.51660000346601 ], [ 114332.537100000306964, 3251972.988300001248717 ], [ 114352.486200001090765, 3251927.144600003957748 ], [ 114371.720500000752509, 3251880.996300000697374 ], [ 114390.235400000587106, 3251834.554800003767014 ], [ 114408.026499999687076, 3251787.831200003623962 ], [ 114425.089400000870228, 3251740.836799999698997 ], [ 114441.420100001618266, 3251693.582900002598763 ], [ 114457.01450000051409, 3251646.081000002101064 ], [ 114471.869000001810491, 3251598.34260000102222 ], [ 114485.979899999685585, 3251550.379000004380941 ], [ 114499.343900001607835, 3251502.202099999412894 ], [ 114511.957700000144541, 3251453.823200000450015 ], [ 114523.818200000561774, 3251405.254300002008677 ], [ 114534.922600001096725, 3251356.506899999454618 ], [ 114545.268299999646842, 3251307.592800004407763 ], [ 114554.85259999986738, 3251258.523900000378489 ], [ 114563.67339999973774, 3251209.312000002712011 ], [ 114571.728500000201166, 3251159.969000000506639 ], [ 114579.0159, 3251110.506800001487136 ], [ 114585.533800001256168, 3251060.937300000339746 ], [ 114591.280800001695752, 3251011.27250000089407 ], [ 114596.255300000309944, 3250961.524400001391768 ], [ 114600.456300001591444, 3250911.705099998041987 ], [ 114603.882699999958277, 3250861.826400000602007 ], [ 114606.533600000664592, 3250811.90059999935329 ], [ 114608.408500001765788, 3250761.939600002020597 ], [ 114609.506799999624491, 3250711.955500001087785 ], [ 114609.8284, 3250661.96030000410974 ], [ 114609.373000000603497, 3250611.9662000015378 ], [ 114608.141000000759959, 3250561.985200000926852 ], [ 114606.132400000467896, 3250512.029400002211332 ], [ 114603.347900001332164, 3250462.110800001770258 ], [ 114599.788100000470877, 3250412.241600001230836 ], [ 114595.453800001181662, 3250362.433599999174476 ], [ 114590.346200000494719, 3250312.699000000953674 ], [ 114584.466300000436604, 3250263.049800001084805 ], [ 114577.815800000913441, 3250213.497899999842048 ], [ 114570.396100000478327, 3250164.055400000885129 ], [ 114562.209000000730157, 3250114.734099999070168 ], [ 114553.256599999032915, 3250065.546000001952052 ], [ 114543.541000000201166, 3250016.502900000661612 ], [ 114533.064500000327826, 3249967.616700002923608 ], [ 114521.829600001685321, 3249918.89919999986887 ], [ 114509.839200000278652, 3249870.362100001424551 ], [ 114497.096000000834465, 3249822.017200000584126 ], [ 114483.603200000710785, 3249773.876200003549457 ], [ 114469.364000000059605, 3249725.950600003823638 ], [ 114454.381799999624491, 3249678.252000000327826 ], [ 114438.660300000570714, 3249630.791999999433756 ], [ 114422.203300001099706, 3249583.581999998539686 ], [ 114405.014600000344217, 3249536.633500002324581 ], [ 114387.098600000143051, 3249489.957600001245737 ], [ 114368.459500000812113, 3249443.5658 ], [ 114157.231100000441074, 3248915.494800001382828 ], [ 113611.557699999772012, 3247903.358699997887015 ], [ 113118.691399999894202, 3246970.433199999853969 ], [ 113065.884300000965595, 3246697.5965 ], [ 112898.661800000816584, 3245535.840200001373887 ], [ 112643.42750000115484, 3243942.826000003144145 ], [ 112625.020999999716878, 3243151.347500000149012 ], [ 112617.023900001309812, 3242807.473300000652671 ], [ 112555.415700000710785, 3241988.963200001046062 ], [ 112553.124600000679493, 3241942.839400002732873 ], [ 112550.053900001570582, 3241896.760800002142787 ], [ 112546.204500001855195, 3241850.740800004452467 ], [ 112541.577600002288818, 3241804.79250000230968 ], [ 112536.174300000071526, 3241758.928999999538064 ], [ 112529.996299999766052, 3241713.163400003686547 ], [ 112523.04530000127852, 3241667.508800003677607 ], [ 112515.323300001211464, 3241621.978300001472235 ], [ 112506.83250000141561, 3241576.584800001233816 ], [ 112497.575400000438094, 3241531.341400003060699 ], [ 112487.554600001312792, 3241486.261 ], [ 112476.773000000976026, 3241441.356500001624227 ], [ 112465.233599999919534, 3241396.640799999237061 ], [ 112452.939800000749528, 3241352.126500001177192 ], [ 112439.894999999552965, 3241307.826499998569489 ], [ 112426.103000001050532, 3241263.753400001674891 ], [ 112411.567699999548495, 3241219.919800002127886 ], [ 112396.293300001882017, 3241176.338200001046062 ], [ 112380.284200000576675, 3241133.021200003102422 ], [ 112363.544900000095367, 3241089.981000000610948 ], [ 112346.080299999564886, 3241047.230100000277162 ], [ 112327.895200001075864, 3241004.780600000172853 ], [ 112308.995000001043081, 3240962.644600002095103 ], [ 112289.384999999776483, 3240920.834200002253056 ], [ 112269.070800001733005, 3240879.361500000581145 ], [ 112248.058199999853969, 3240838.238099999725819 ], [ 112226.353300000540912, 3240797.4759 ], [ 112203.962299999780953, 3240757.086600003764033 ], [ 112180.891500001773238, 3240717.081600001081824 ], [ 112157.147499999962747, 3240677.472500000149012 ], [ 112132.737200001254678, 3240638.270500002428889 ], [ 112107.66750000230968, 3240599.486900001764297 ], [ 112081.945600000210106, 3240561.1327 ], [ 112055.578900001943111, 3240523.219000000506639 ], [ 112028.574799999594688, 3240485.756500003859401 ], [ 112000.941099999472499, 3240448.755999999120831 ], [ 111965.761199998669326, 3240409.561900001019239 ], [ 111931.168499999679625, 3240369.848500000312924 ], [ 111897.170800000429153, 3240329.624600000679493 ], [ 111863.775600001215935, 3240288.899100001901388 ], [ 111830.990399999544024, 3240247.68100000359118 ], [ 111798.822300000116229, 3240205.979499999433756 ], [ 111767.278400001116097, 3240163.803800001740456 ], [ 111736.365899999625981, 3240121.163200002163649 ], [ 111706.091500000096858, 3240078.067199999466538 ], [ 111676.461900002323091, 3240034.5253000035882 ], [ 111647.483799999579787, 3239990.547300001606345 ], [ 111619.163399999961257, 3239946.142699999734759 ], [ 111591.50719999987632, 3239901.321500001475215 ], [ 111564.521200002171099, 3239856.093699999153614 ], [ 111538.211400001309812, 3239810.469100002199411 ], [ 111512.583599999547005, 3239764.458000000566244 ], [ 111487.643500001169741, 3239718.070499999448657 ], [ 111463.396699999459088, 3239671.316999999806285 ], [ 111439.848500000312924, 3239624.207600001245737 ], [ 111417.004200000315905, 3239576.753000002354383 ], [ 111394.868700001388788, 3239528.963600000366569 ], [ 111373.447100001387298, 3239480.850100001320243 ], [ 111352.743900001049042, 3239432.422900002449751 ], [ 111332.763900000602007, 3239383.693000001832843 ], [ 111313.511500001884997, 3239334.6711 ], [ 111294.990899999625981, 3239285.368000000715256 ], [ 111277.206200000829995, 3239235.794800000265241 ], [ 111260.161399998702109, 3239185.962200000882149 ], [ 111243.860300000756979, 3239135.88150000013411 ], [ 111228.306400001980364, 3239085.563700001686811 ], [ 111213.503200000151992, 3239035.019999999552965 ], [ 111199.454000000841916, 3238984.261499999091029 ], [ 111186.161899999715388, 3238933.299499999731779 ], [ 111173.629800000227988, 3238882.145300004631281 ], [ 111006.407300000078976, 3238125.24349999986589 ], [ 110861.338200000114739, 3237670.432100001722574 ], [ 110680.763500000350177, 3237104.306100003421307 ], [ 110407.926800000481308, 3236699.451700001955032 ], [ 110240.704300002194941, 3236479.422100001946092 ], [ 110020.674700000323355, 3236259.392500003799796 ], [ 109791.84389999974519, 3236065.766500001773238 ], [ 109263.772900001145899, 3235546.496599998325109 ], [ 108762.105400000698864, 3235053.630300000309944 ], [ 108322.046200001612306, 3234710.384200001135468 ], [ 108022.80599999986589, 3234507.95690000243485 ], [ 104326.308800000697374, 3232263.655099999159575 ], [ 103852.7956000007689, 3231986.617799999192357 ], [ 103810.594200000166893, 3231966.580100001767278 ], [ 103810.519799999892712, 3231966.544800000265241 ], [ 103801.527800000272691, 3231962.275300001725554 ], [ 100506.594999998807907, 3230397.804100001230836 ], [ 97998.25760000012815, 3229209.644300002604723 ], [ 96577.271600000560284, 3228539.645600000396371 ], [ 96299.629200000315905, 3228408.736500000581145 ], [ 96053.196000001393259, 3228267.917599998414516 ], [ 95753.955799999646842, 3228065.49040000140667 ], [ 95569.130900002084672, 3227907.069100003689528 ], [ 95428.312000000849366, 3227766.250099997967482 ], [ 93993.718999999575317, 3226182.037000002339482 ], [ 93986.802800001576543, 3226174.429200001060963 ], [ 93289.624300001189113, 3225407.5329 ], [ 92814.360400000587106, 3225046.684300001710653 ], [ 91661.405299999751151, 3224324.987299999222159 ], [ 91417.77320000063628, 3224156.765100000426173 ], [ 91291.755600000731647, 3224069.752900002524257 ], [ 90842.895200001075864, 3223735.307900000363588 ], [ 90376.453800001181662, 3223273.936499999836087 ], [ 90033.186300001107156, 3222934.4002 ], [ 88105.726999999955297, 3221068.549300001934171 ], [ 87542.45130000077188, 3220558.080600000917912 ], [ 87239.384600002318621, 3220341.444499999284744 ], [ 87049.58500000089407, 3220241.237999999895692 ], [ 85139.728100001811981, 3219132.288800003007054 ], [ 83889.959999999962747, 3218384.188200004398823 ], [ 83661.129200000315905, 3218287.375200003385544 ], [ 83212.268899998627603, 3218076.146800000220537 ], [ 82957.034500000998378, 3217944.129000000655651 ], [ 82754.607300001196563, 3217803.310099998489022 ], [ 82402.559899999760091, 3217504.06980000063777 ], [ 80492.703100001439452, 3215585.411699999123812 ], [ 77482.698200001381338, 3212522.599800001829863 ], [ 76171.321800000965595, 3211220.024600001052022 ], [ 75132.782100000418723, 3210163.882500000298023 ], [ 74701.524100000038743, 3209688.618600001558661 ], [ 74666.31940000038594, 3209653.413900002837181 ], [ 73927.019899999722838, 3208878.909700000658631 ], [ 71893.94649999961257, 3206889.842100001871586 ], [ 71357.074300000444055, 3206379.373500002548099 ], [ 70846.605600001290441, 3206018.524900004267693 ], [ 69500.024500001221895, 3205032.792400002479553 ], [ 69271.19370000064373, 3204883.172200001776218 ], [ 69033.561700000427663, 3204786.359200000762939 ], [ 68967.882399999536574, 3204758.210900001227856 ], [ 68947.347699999809265, 3204749.410300001502037 ], [ 68787.128600001335144, 3204680.744999999180436 ], [ 67669.378299999982119, 3204355.101199999451637 ], [ 67387.740400000475347, 3204268.189500002190471 ], [ 66773.857800000347197, 3203931.544199999421835 ], [ 64443.744400001130998, 3202571.76129999756813 ], [ 63024.55350000038743, 3201766.453000003471971 ], [ 61031.085400001145899, 3200611.29759999923408 ], [ 60120.162800000980496, 3200076.625700000673532 ], [ 58870.667600002139807, 3199173.45130000449717 ], [ 58649.426000000908971, 3199017.001800000667572 ], [ 56311.45060000102967, 3197541.884800001978874 ], [ 55836.186600001528859, 3197238.244000002741814 ], [ 55812.227400001138449, 3197224.9662000015378 ], [ 55788.640100001357496, 3197211.03830000013113 ], [ 55765.442400000989437, 3197196.470799999311566 ], [ 55742.651700000278652, 3197181.27449999935925 ], [ 55720.284900001250207, 3197165.460899999365211 ], [ 55698.35880000051111, 3197149.041700003668666 ], [ 55676.889700002036989, 3197132.029200000688434 ], [ 55655.893800000660121, 3197114.43610000051558 ], [ 55635.386700000613928, 3197096.275700002908707 ], [ 55615.383700001053512, 3197077.561300002038479 ], [ 55595.899800000712276, 3197058.307200003415346 ], [ 55576.94960000179708, 3197038.527500001713634 ], [ 55558.547199999913573, 3197018.237200003117323 ], [ 55540.706399999558926, 3196997.451400000602007 ], [ 55523.440500001423061, 3196976.185599999502301 ], [ 55506.762500000186265, 3196954.455700000748038 ], [ 55490.684700001962483, 3196932.278000000864267 ], [ 55475.219200000166893, 3196909.669100001454353 ], [ 55460.377700001001358, 3196886.6458 ], [ 55446.171099999919534, 3196863.225300000980496 ], [ 55432.610000002197921, 3196839.425200002267957 ], [ 55419.704700001515448, 3196815.263300001621246 ], [ 55407.464800000190735, 3196790.75760000385344 ], [ 55395.899400002323091, 3196765.926500003784895 ], [ 55385.017199999652803, 3196740.7884 ], [ 55374.826200000010431, 3196715.362300001084805 ], [ 55365.33420000039041, 3196689.667000001296401 ], [ 55356.548200001008809, 3196663.721800001338124 ], [ 55348.474800001829863, 3196637.546200001612306 ], [ 55341.120000001043081, 3196611.159600004553795 ], [ 54832.851700001396239, 3195442.802500003948808 ], [ 54777.586500001139939, 3195321.218900002539158 ], [ 54667.829500000923872, 3195079.753599999472499 ] ] ] } },
{ "type": "Feature", "properties": { "IMIS_CODE": "31130000000000001", "PARENT_CHA": "Punjnad Main Line", "REMARKS": null, "ZONE_NAME": "Bahawalpur", "CIRCLE_NAM": "Rahimyar Khan", "CHANNEL_NA": "Malkani Escape", "CHANNEL_TY": "E", "DESIGNED_D": 2364.0 }, "geometry": { "type": "MultiLineString", "coordinates": [ [ [ 74701.524100000038743, 3209688.618600001558661 ], [ 74520.89919999986887, 3209824.306399999186397 ], [ 74211.211499999277294, 3210061.411000004038215 ], [ 73916.040400001220405, 3210211.416000002995133 ], [ 73625.708100000396371, 3210274.321399999782443 ], [ 72096.624900001101196, 3210317.871200000867248 ], [ 71627.254400000907481, 3210327.548900000751019 ] ] ] } },
{ "type": "Feature", "properties": { "IMIS_CODE": "31130000001000000", "PARENT_CHA": "Punjnad Main Line", "REMARKS": null, "ZONE_NAME": "Bahawalpur", "CIRCLE_NAM": "Rahimyar Khan", "CHANNEL_NA": "Shikrani Disty", "CHANNEL_TY": "D", "DESIGNED_D": 30.0 }, "geometry": { "type": "MultiLineString", "coordinates": [ [ [ 112625.020999999716878, 3243151.347500000149012 ], [ 112501.381000000052154, 3243047.548200001940131 ], [ 112370.709699999541044, 3242948.418199999257922 ], [ 112131.896600001491606, 3242853.79420000128448 ], [ 111496.563800000585616, 3242551.898400001227856 ], [ 111428.97520000115037, 3242506.839300001040101 ], [ 111145.103000001050532, 3241844.47100000269711 ], [ 110892.772200000472367, 3241200.126400001347065 ], [ 110721.547799999825656, 3240717.994300004094839 ], [ 110635.935600000433624, 3240447.639900002628565 ], [ 110230.403900000266731, 3239699.659399999305606 ], [ 109987.08500000089407, 3239199.503700001165271 ], [ 109838.390000001527369, 3238965.196599999442697 ], [ 109736.883200000971556, 3238853.670800002291799 ] ] ] } },
{ "type": "Feature", "properties": { "IMIS_CODE": "31130000002000000", "PARENT_CHA": "Punjnad Main Line", "REMARKS": null, "ZONE_NAME": "Bahawalpur", "CIRCLE_NAM": "Rahimyar Khan", "CHANNEL_NA": "Bhalla Jhulan Disty", "CHANNEL_TY": "D", "DESIGNED_D": 26.0 }, "geometry": { "type": "MultiLineString", "coordinates": [ [ [ 110861.338200000114739, 3237670.432100001722574 ], [ 110754.659700000658631, 3237680.544500002637506 ], [ 110626.663599999621511, 3237722.389399997889996 ], [ 110488.821700001135468, 3237766.695700002834201 ], [ 110419.900700001046062, 3237788.848900001496077 ], [ 110363.287100000306964, 3237788.848900001496077 ], [ 110284.520300000905991, 3237781.464500000700355 ], [ 110242.675400000996888, 3237756.8498 ], [ 110205.753500001505017, 3237719.92790000140667 ], [ 110173.754399999976158, 3237700.23619999922812 ], [ 110114.679299999959767, 3237700.23619999922812 ], [ 109597.77210000064224, 3237702.697700001299381 ], [ 109009.482400000095367, 3237702.697700001299381 ], [ 108950.407300000078976, 3237702.697700001299381 ], [ 108901.178100001066923, 3237678.083000000566244 ], [ 108773.182000000029802, 3237564.855700001120567 ], [ 108662.416100001893938, 3237498.396199997514486 ], [ 108352.27180000115186, 3237399.937700001522899 ], [ 108120.894299999810755, 3237306.402100004255772 ], [ 107754.136300002224743, 3237163.637200001627207 ], [ 107143.69340000115335, 3236924.87529999949038 ], [ 106779.396900000981987, 3236767.341700000688434 ], [ 106680.938400000333786, 3236718.112400000914931 ], [ 106365.871100000105798, 3236405.506600003689528 ], [ 105794.811700001358986, 3235787.679400000721216 ], [ 105585.587300000712276, 3235563.686300000175834 ], [ 104980.067400000058115, 3235307.694100001826882 ], [ 104856.994300001300871, 3235258.4649 ], [ 104519.773800001479685, 3235135.391699997708201 ] ] ] } },
{ "type": "Feature", "properties": { "IMIS_CODE": "31130000003000000", "PARENT_CHA": "Punjnad Main Line", "REMARKS": null, "ZONE_NAME": "Bahawalpur", "CIRCLE_NAM": "Rahimyar Khan", "CHANNEL_NA": "Noor Wala Disty", "CHANNEL_TY": "D", "DESIGNED_D": 21.0 }, "geometry": { "type": "MultiLineString", "coordinates": [ [ [ 103810.163099998608232, 3231967.318299999460578 ], [ 103670.458000000566244, 3232072.203500000759959 ], [ 103530.031800000928342, 3232123.2676 ], [ 103325.775700000114739, 3232267.948999999091029 ], [ 103272.746600000187755, 3232304.799699999392033 ], [ 103201.303100000135601, 3232354.446900002658367 ], [ 103074.710800000466406, 3232442.41780000180006 ], [ 102687.47520000115037, 3232701.993300000205636 ], [ 102532.640400000847876, 3232819.962700003758073 ], [ 102508.7511, 3232838.164100002497435 ], [ 102204.057300001382828, 3233033.56560000218451 ], [ 102117.260100001469254, 3233089.229000000283122 ], [ 101904.493300000205636, 3233250.931700000539422 ], [ 101789.599200000986457, 3233331.783099999651313 ], [ 101725.769200000911951, 3233391.357900001108646 ], [ 101555.555700001306832, 3233353.059800002723932 ], [ 101548.895200000144541, 3233349.892000000923872 ], [ 100526.626699999906123, 3232863.691200001165271 ], [ 100508.742900000885129, 3232855.18550000153482 ], [ 100415.125500001944602, 3232799.866100002080202 ], [ 100334.274100000038743, 3232659.439999999478459 ], [ 100253.154800001531839, 3232484.957000002264977 ], [ 99945.824000001884997, 3231823.905800001695752 ], [ 99945.613200000487268, 3231823.45240000449121 ], [ 99883.208399999886751, 3231689.223200002685189 ], [ 99815.123000000603497, 3231480.711700001731515 ], [ 99809.656200001947582, 3231461.8608 ], [ 99691.71830000076443, 3231055.178099999204278 ], [ 99631.522300000302494, 3230965.293100001290441 ], [ 99535.14879999961704, 3230988.656300000846386 ], [ 99412.111700001172721, 3230995.307 ], [ 99210.983599999919534, 3231006.17879999987781 ], [ 99149.655000001192093, 3230985.735900001600385 ], [ 99102.928500001318753, 3230971.133899999782443 ], [ 98921.863199999555945, 3230968.213500000536442 ], [ 98840.091700000688434, 3231003.258400000631809 ], [ 98803.535700001753867, 3231029.369800001382828 ], [ 98799.206000000238419, 3231032.462400000542402 ], [ 98334.861200001090765, 3231055.825700003653765 ], [ 98241.408100000582635, 3231067.507300002500415 ], [ 98162.557100000791252, 3231058.746100001037121 ], [ 98098.308100000023842, 3231023.701200000941753 ], [ 98079.365299999713898, 3231000.464600002393126 ], [ 98022.956799999810755, 3231014.928300002589822 ], [ 97965.102000000886619, 3231069.890400001779199 ], [ 97859.366300000809133, 3231077.820600001141429 ], [ 97858.867700001224875, 3231077.857899999246001 ] ] ] } },
{ "type": "Feature", "properties": { "IMIS_CODE": "31130000004000000", "PARENT_CHA": "Punjnad Main Line", "REMARKS": null, "ZONE_NAME": "Bahawalpur", "CIRCLE_NAM": "Rahimyar Khan", "CHANNEL_NA": "Mohand Disty", "CHANNEL_TY": "D", "DESIGNED_D": 67.0 }, "geometry": { "type": "MultiLineString", "coordinates": [ [ [ 103852.7956000007689, 3231986.617799999192357 ], [ 103906.678299999795854, 3231851.9112 ], [ 103987.502300001680851, 3231747.994599999859929 ], [ 104229.409200001507998, 3231616.180500000715256 ], [ 104766.593399999663234, 3231290.128400001674891 ], [ 104908.239000000059605, 3231209.9517 ], [ 104985.743200000375509, 3231022.872600002214313 ], [ 105031.176700001582503, 3230763.634400000795722 ], [ 105159.459499999880791, 3230368.095799999311566 ], [ 105293.087400001473725, 3229945.831600001081824 ], [ 105338.520899999886751, 3229809.531100001186132 ], [ 105338.520899999886751, 3229753.407400002703071 ], [ 105477.493900001049042, 3229344.505899999290705 ], [ 105600.431599999777973, 3229018.45380000025034 ], [ 105693.971200000494719, 3228892.843600001186132 ], [ 105771.475400000810623, 3228788.613800000399351 ], [ 105856.99720000103116, 3228633.605400001630187 ], [ 105953.209300000220537, 3228545.41100000217557 ], [ 106086.837300000712276, 3228499.977500000968575 ], [ 106281.93400000128895, 3228457.216600000858307 ], [ 106351.4205, 3228457.216600000858307 ], [ 106474.358200001530349, 3228382.384900001809001 ], [ 106685.49030000064522, 3228251.429600002244115 ], [ 106762.994500000029802, 3228179.270499998703599 ], [ 106816.445700000971556, 3228120.474199999123812 ], [ 106934.038200001232326, 3227912.014700001105666 ], [ 107022.23270000051707, 3227754.333700001239777 ], [ 107121.117300000041723, 3227647.431399999186397 ], [ 107225.347100000828505, 3227583.290000000968575 ], [ 107289.488499999977648, 3227457.679700000211596 ], [ 107353.629900000989437, 3227318.706700004637241 ], [ 107342.939700000919402, 3227233.184800002723932 ], [ 107254.745200001634657, 3226904.460200002416968 ], [ 107171.895899999886751, 3226773.504799999296665 ], [ 107150.515500001609325, 3226704.018300000578165 ], [ 107163.878299999982119, 3226396.674100002273917 ], [ 107187.931300001218915, 3226287.099199999123812 ], [ 107284.143400000408292, 3226054.5866 ], [ 107441.824300001375377, 3225814.056399999186397 ], [ 107551.39919999986887, 3225605.596800001338124 ], [ 107674.336900000460446, 3225512.057300001382828 ], [ 107834.690399999730289, 3225415.845200002193451 ], [ 108013.751800000667572, 3225357.048900000751019 ], [ 108075.220700000412762, 3225319.633100001141429 ], [ 108136.689500001259148, 3225282.217200003564358 ], [ 108155.397400001063943, 3225169.969799999147654 ], [ 108240.919300000183284, 3225065.740000002086163 ], [ 108403.945300000719726, 3224849.262800002470613 ], [ 108537.573300001211464, 3224611.40510000102222 ], [ 108649.820700000971556, 3224491.140000000596046 ], [ 108788.793700001202524, 3224261.300000000745058 ], [ 108983.890500000678003, 3223913.867400001734495 ], [ 109005.271000000648201, 3223873.77900000102818 ], [ 109004.69990000128746, 3223721.145999999716878 ], [ 108960.896500000730157, 3223395.74970000050962 ], [ 109086.049000000581145, 3223264.339600004255772 ], [ 109125.536100000143051, 3223144.1706000007689 ], [ 109219.075600001960993, 3222855.534300001338124 ], [ 109245.801200000569224, 3222724.578900001943111 ], [ 109237.783500001765788, 3222366.4561 ], [ 109227.09330000076443, 3222262.226299999281764 ], [ 109267.181700000539422, 3222109.89049999974668 ], [ 109221.748200002126396, 3221984.280200002714992 ], [ 109189.67750000115484, 3221818.581600001081824 ], [ 109136.226300000213087, 3221631.502499999478459 ], [ 109050.7045, 3221372.264400001615286 ], [ 109077.430000000633299, 3221294.760200001299381 ], [ 109037.341699999757111, 3221201.220599997788668 ], [ 109002.598400000482798, 3221139.751800002530217 ], [ 108978.545400002039969, 3221022.159200001507998 ], [ 108941.129599999636412, 3220904.56670000217855 ], [ 108890.351000001654029, 3220778.956399999558926 ], [ 108783.448599999770522, 3220583.8597 ], [ 108772.758399999700487, 3220533.08110000193119 ], [ 108794.138899999670684, 3220460.922000002115965 ], [ 108814.787299999967217, 3220347.116900000721216 ], [ 108800.124100001528859, 3220145.498100001364946 ], [ 108847.779500001110137, 3220064.850600000470877 ], [ 108880.771600000560284, 3219987.868899999186397 ], [ 108899.100600000470877, 3219929.216200003400445 ] ] ] } },
{ "type": "Feature", "properties": { "IMIS_CODE": "31130000004001000", "PARENT_CHA": "Mohand Disty", "REMARKS": null, "ZONE_NAME": "Bahawalpur", "CIRCLE_NAM": "Rahimyar Khan", "CHANNEL_NA": "Tahir Minor", "CHANNEL_TY": "M", "DESIGNED_D": 12.0 }, "geometry": { "type": "MultiLineString", "coordinates": [ [ [ 105600.431599999777973, 3229018.45380000025034 ], [ 105507.536999999545515, 3228872.073200000450015 ], [ 105390.909199999645352, 3228709.501200001686811 ], [ 105376.77250000089407, 3228349.015400001779199 ], [ 105316.691599999554455, 3228101.623199999332428 ], [ 105316.06220000050962, 3228054.421400001272559 ], [ 105313.157400000840425, 3227836.560100000351667 ], [ 105353.094800000078976, 3227693.92650000192225 ], [ 105387.375099999830127, 3227571.497100001201034 ], [ 105401.511800000444055, 3227522.01860000193119 ], [ 105383.840900001116097, 3227444.266800001263618 ], [ 105401.511800000444055, 3227370.049100002273917 ], [ 105456.834700000472367, 3227301.67339999973774 ], [ 105563.410200000740588, 3227222.807500001043081 ], [ 105578.113100001588464, 3227165.833900002762675 ], [ 105580.462300001643598, 3227156.730699999257922 ], [ 105544.226600000634789, 3226813.557499999180436 ], [ 105510.122400001622736, 3226587.617300001904368 ], [ 105429.124999999068677, 3226359.545700002461672 ], [ 105283.080700001679361, 3226278.570700002834201 ], [ 105213.842400001361966, 3226240.181100001558661 ], [ 104970.850200000219047, 3226157.052200002595782 ], [ 104842.95960000064224, 3226148.526100002229214 ], [ 104672.438700001686811, 3226137.868600001558661 ], [ 104484.865799999795854, 3226150.657600002363324 ], [ 104362.540800000540912, 3226230.352500000968575 ], [ 104324.647200000472367, 3226393.294600000604987 ], [ 104195.809200000017881, 3226594.130300000309944 ], [ 104059.392599999904633, 3226666.128000002354383 ], [ 103979.816200001165271, 3226753.283099999651313 ], [ 103978.354300000704825, 3226760.957800002768636 ], [ 103949.501300000585616, 3226912.435900000855327 ], [ 103725.929500000551343, 3227018.537799999117851 ], [ 103634.785999999381602, 3227098.42030000127852 ], [ 103568.616400001570582, 3227147.074400002136827 ], [ 103568.213600000366569, 3227147.3706 ] ] ] } },
{ "type": "Feature", "properties": { "IMIS_CODE": "31130000005000000", "PARENT_CHA": "Punjnad Main Line", "REMARKS": null, "ZONE_NAME": "Bahawalpur", "CIRCLE_NAM": "Rahimyar Khan", "CHANNEL_NA": "Sangla Disty", "CHANNEL_TY": "D", "DESIGNED_D": 196.0 }, "geometry": { "type": "MultiLineString", "coordinates": [ [ [ 103810.163099998608232, 3231967.318299999460578 ], [ 103810.594200000166893, 3231966.580100001767278 ], [ 103925.197300000116229, 3231770.340900000184774 ], [ 103954.020899999886751, 3231722.301600001752377 ], [ 103954.020899999886751, 3231651.860600002110004 ], [ 103944.612900000065565, 3231576.596800001338124 ], [ 103885.739799999631941, 3231446.456300001591444 ], [ 103736.22649999987334, 3231223.712000001221895 ], [ 103684.666699999943376, 3231126.658300003036857 ], [ 103653.638000001199543, 3231067.703700002282858 ], [ 103582.089899999089539, 3230986.823300000280142 ], [ 103505.112800002098083, 3230928.320800002664328 ], [ 103276.512800000607967, 3230754.584700001403689 ], [ 103255.863199999555945, 3230739.097500000149012 ], [ 103246.941200001165271, 3230557.682500001043081 ], [ 103219.47759999986738, 3230249.480900002643466 ], [ 103146.318300000391901, 3229676.399700000882149 ], [ 103070.128299999982119, 3229005.926899999380112 ], [ 103006.249500001780689, 3228494.897099999710917 ], [ 103012.071100000292063, 3228425.039100002497435 ], [ 103108.620900001376867, 3228259.094200002029538 ], [ 103157.656499999575317, 3228161.023 ], [ 103240.924900000914931, 3227966.730100000277162 ], [ 103237.788900000043213, 3227853.836000001057982 ], [ 103207.239000000990927, 3227719.416300002485514 ], [ 103189.076100000180304, 3227525.67930000461638 ], [ 103192.022900000214577, 3227452.009800003841519 ], [ 103267.74590000230819, 3227276.332700001075864 ], [ 103327.358000000938773, 3227063.261800000444055 ], [ 103347.549400001764297, 3226925.960100000724196 ], [ 103386.981200000271201, 3226843.153300000354648 ], [ 103431.518199999816716, 3226790.518700001761317 ], [ 103461.570200001820922, 3226734.707800000905991 ], [ 103465.635499999858439, 3226612.751300001516938 ], [ 103504.736700000241399, 3226538.459100000560284 ], [ 103594.957899999804795, 3226427.732999999076128 ], [ 103611.451900000683963, 3226357.633400002494454 ], [ 103659.579000000841916, 3226265.38990000076592 ], [ 103809.69579999987036, 3225993.556800000369549 ], [ 103871.748599999584258, 3225898.409099999815226 ], [ 103884.107300000265241, 3225787.180500000715256 ], [ 103928.416500001214445, 3225634.112700002267957 ], [ 103985.411300000734627, 3225495.696700002998114 ], [ 103997.979700000956655, 3225441.234000002965331 ], [ 104006.163499998860061, 3225293.925300000235438 ], [ 104010.271600000560284, 3225113.166799999773502 ], [ 103973.953300000168383, 3225008.247500000521541 ], [ 103993.721300001256168, 3224893.593900002539158 ], [ 104014.510099999606609, 3224827.06980000063777 ], [ 103993.947300001978874, 3224679.017700001597404 ], [ 103981.835500000976026, 3224416.597100000828505 ], [ 104009.832300000824034, 3224280.613100001588464 ], [ 104082.21030000038445, 3224107.709900001063943 ], [ 104203.192499999888241, 3223930.269400000572205 ], [ 104356.887400000356138, 3223756.351600000634789 ], [ 104494.771300000138581, 3223626.578400002792478 ], [ 104783.722099999897182, 3223345.767100002616644 ], [ 105044.108600000850856, 3223032.489700004458427 ], [ 105306.647300001233816, 3222720.724900001659989 ], [ 105298.378900000825524, 3222505.746200004592538 ], [ 105298.378900000825524, 3222355.789599999785423 ], [ 105310.548899999819696, 3222055.5976 ], [ 105326.712100000120699, 3221898.00590000115335 ], [ 105372.44440000038594, 3221692.754300000146031 ], [ 105465.081100000068545, 3221524.775300001725554 ], [ 105460.863499999977648, 3221419.335000002756715 ], [ 105419.896999999880791, 3221280.048800000920892 ], [ 105297.816800002008677, 3220844.629300002008677 ], [ 105207.903100000694394, 3220640.280000001192093 ], [ 105053.016400001011789, 3220375.342199999839067 ], [ 104813.727700000628829, 3220026.548500001430511 ], [ 104732.871399999596179, 3219816.322400003671646 ], [ 104525.487200000323355, 3219283.629300000146031 ], [ 104481.125000000931323, 3219190.872100001201034 ], [ 104444.814899999648333, 3219025.459799999371171 ], [ 104399.997700001113117, 3218807.485100001096725 ], [ 104326.548700001090765, 3218595.298900000751019 ], [ 104094.707200000062585, 3218029.931000001728535 ], [ 103989.046900000423193, 3217810.483000000938773 ], [ 103871.395399999804795, 3217526.496200000867248 ], [ 103757.908599999733269, 3217214.407700004056096 ], [ 103693.099899999797344, 3216926.819499999284744 ], [ 103636.386599999852479, 3216574.386499999091029 ], [ 103636.386599999852479, 3216421.296 ], [ 103644.572000000625849, 3216343.534499999135733 ], [ 103640.29630000051111, 3216305.052300004288554 ], [ 103616.091200000606477, 3216220.334400001913309 ], [ 103620.124900002032518, 3215966.203199999406934 ], [ 103640.422000002115965, 3215751.054500000551343 ], [ 103652.574199999682605, 3215548.517700001597404 ], [ 103681.08570000063628, 3215422.252600001171231 ], [ 103681.08570000063628, 3215372.37500000372529 ], [ 103681.08570000063628, 3215341.910700000822544 ], [ 103648.037499999627471, 3215263.421299999579787 ], [ 103619.018700000829995, 3215159.782800003886223 ], [ 103536.839599999599159, 3215081.712600002065301 ], [ 103501.124800002202392, 3215018.219400001689792 ], [ 103481.406899999827147, 3214978.7837999984622 ], [ 103461.601700002327561, 3214899.563100004568696 ], [ 103453.496600000187755, 3214709.094200002029538 ], [ 103441.175600000657141, 3214622.846900001168251 ], [ 103416.613300000317395, 3214516.410100003704429 ], [ 103344.872200000099838, 3214286.79079999960959 ], [ 103276.143300000578165, 3214085.186000000685453 ], [ 103230.362800001166761, 3213934.110300000756979 ], [ 103198.281000002287328, 3213828.698900001123548 ] ] ] } },
{ "type": "Feature", "properties": { "IMIS_CODE": "31130000005001000", "PARENT_CHA": "Sangla Disty", "REMARKS": null, "ZONE_NAME": "Bahawalpur", "CIRCLE_NAM": "Rahimyar Khan", "CHANNEL_NA": "Trukari Minor", "CHANNEL_TY": "M", "DESIGNED_D": 69.0 }, "geometry": { "type": "MultiLineString", "coordinates": [ [ [ 105372.44440000038594, 3221692.754300000146031 ], [ 105495.062700001522899, 3221755.815100001171231 ], [ 105579.143799999728799, 3221759.318500000983477 ], [ 105659.721499999985099, 3221657.720499999821186 ], [ 105750.809300000779331, 3221563.129300000146031 ], [ 105887.441100000403821, 3221401.973900001496077 ], [ 106031.079600000753999, 3221247.825200002640486 ], [ 106209.752000001259148, 3221104.186700001358986 ], [ 106262.302600000053644, 3221041.125800000503659 ], [ 106262.302600000053644, 3220953.54140000231564 ], [ 106409.444600000977516, 3220739.83530000038445 ], [ 106626.654000000096858, 3220449.054800001904368 ], [ 106731.755400001071393, 3220266.879100002348423 ], [ 106857.877000001259148, 3220033.904400002211332 ], [ 106917.434499999508262, 3219848.225400002673268 ], [ 106980.495300000533462, 3219764.144300004467368 ], [ 107022.535799999721348, 3219634.519200000911951 ], [ 107040.052699999883771, 3219487.377300001680851 ], [ 107054.066300000064075, 3219403.296200001612306 ], [ 107117.127100000157952, 3219217.617200002074242 ], [ 107124.133799999952316, 3219172.073200004175305 ], [ 107131.140599999576807, 3219056.46169999986887 ], [ 107117.127100000157952, 3218923.33330000191927 ], [ 107141.650700000114739, 3218793.7083 ], [ 107204.711500000208616, 3218650.06980000063777 ], [ 107232.738599999807775, 3218474.900800002738833 ], [ 107271.275700001046062, 3218310.242000000551343 ], [ 107320.322999999858439, 3218093.032600004225969 ], [ 107309.812900001183152, 3217980.9244 ], [ 107246.752100001089275, 3217900.346699999645352 ], [ 107218.72510000038892, 3217830.279100000858307 ], [ 107152.160899999551475, 3217634.0899 ], [ 107152.160899999551475, 3217500.961499998345971 ], [ 107127.637200000695884, 3217315.282500004395843 ], [ 107033.046000001952052, 3217049.025700001046062 ], [ 106983.998700000345707, 3216922.90400000102818 ], [ 106871.890599999576807, 3216719.708100000396371 ], [ 106777.299300001934171, 3216576.069499997422099 ], [ 106651.177700000815094, 3216397.397200001403689 ], [ 106581.110100000165403, 3216323.826199999079108 ], [ 106518.049300000071526, 3216313.316100003197789 ], [ 106479.512099999934435, 3216285.289099998772144 ], [ 106402.437800000421703, 3216166.174200002104044 ], [ 106272.812800001353025, 3216057.569499999284744 ], [ 106202.745199999772012, 3216005.018800001591444 ], [ 106136.181000001728535, 3215952.468100000172853 ], [ 106031.079600000753999, 3215791.312699999660254 ], [ 105838.393799999728799, 3215507.539000004529953 ], [ 105806.863400000147521, 3215419.954500002786517 ], [ 105792.849900000728667, 3215346.383500000461936 ], [ 105820.876899999566376, 3215283.322699997574091 ], [ 105866.420799999497831, 3215059.106499999761581 ], [ 105880.434300001710653, 3214975.025400001555681 ], [ 105869.924200000241399, 3214869.924000004306436 ], [ 105848.903900000266731, 3214782.339600000530481 ], [ 105810.366800000891089, 3214698.258500002324581 ], [ 105740.299200002104044, 3214554.619900001212955 ], [ 105403.974799999967217, 3213994.079300001263618 ], [ 105043.126799999736249, 3213391.498199999332428 ], [ 104696.292300000786781, 3212792.420400001108646 ], [ 104223.336199999786913, 3211993.650000000372529 ], [ 103957.079400001093745, 3211552.224300002679229 ], [ 103887.011800001375377, 3211405.082400001585484 ], [ 103844.971200000494719, 3211324.504599997773767 ], [ 103806.4341000020504, 3211275.457299999892712 ], [ 103764.393500001169741, 3211226.410000002011657 ], [ 103725.856399999931455, 3211166.852600000798702 ], [ 103725.856399999931455, 3211131.818800002336502 ], [ 103718.849600000306964, 3211096.785000002011657 ], [ 103750.379999999888241, 3211019.710700001567602 ], [ 103792.420599999837577, 3210879.575500002130866 ], [ 103799.427300000563264, 3210788.487700002267957 ], [ 103841.467899998649955, 3210578.285000002011657 ], [ 103844.971200000494719, 3210504.714000001549721 ], [ 103890.5152000002563, 3210322.53830000013113 ], [ 103908.032100002281368, 3210136.859200002625585 ], [ 103925.548999999649823, 3210010.73760000243783 ], [ 103932.555699999444187, 3209779.514600003138185 ], [ 103950.072599999606609, 3209502.747700002044439 ], [ 103950.072599999606609, 3209264.517900003120303 ], [ 103929.052299999631941, 3209036.798300001770258 ], [ 103894.018500002101064, 3208833.602300001308322 ], [ 103827.454300001263618, 3208542.821900002658367 ], [ 103827.454300001263618, 3208448.230599999427795 ], [ 103858.984800000675023, 3208283.571800000965595 ], [ 103858.984800000675023, 3208129.423200003802776 ], [ 103865.991499998606741, 3208066.362300001084805 ], [ 103865.991499998606741, 3207985.78460000269115 ], [ 103872.377400001510978, 3207940.810900002717972 ], [ 103830.81840000115335, 3207878.472300000488758 ], [ 103610.55530000012368, 3207535.609899999573827 ], [ 103512.891500000841916, 3207404.698900001123548 ], [ 103448.474900000728667, 3207340.282300001010299 ], [ 103427.695400000549853, 3207277.943700002506375 ], [ 103404.837899999693036, 3207182.357900002971292 ], [ 103365.356800000183284, 3207117.941300002858043 ], [ 103307.174100000411272, 3207009.887700000777841 ], [ 103192.886600001715124, 3206833.261700000613928 ] ] ] } },
{ "type": "Feature", "properties": { "IMIS_CODE": "31130000005002000", "PARENT_CHA": "Sangla Disty", "REMARKS": null, "ZONE_NAME": "Bahawalpur", "CIRCLE_NAM": "Rahimyar Khan", "CHANNEL_NA": "Ghazipur Minor", "CHANNEL_TY": "M", "DESIGNED_D": 63.0 }, "geometry": { "type": "MultiLineString", "coordinates": [ [ [ 103192.022900000214577, 3227452.009800003841519 ], [ 102943.912600002251565, 3227384.003799999132752 ], [ 102459.044800000265241, 3227238.930700000375509 ], [ 102195.174999999813735, 3227027.336899999529123 ], [ 101901.433100000955164, 3226780.892500003799796 ], [ 101704.775400000624359, 3226534.448000002652407 ], [ 101537.989699999801815, 3226235.727399999275804 ], [ 101376.182700001634657, 3225864.815999999642372 ], [ 101289.055900000035763, 3225680.605000000447035 ], [ 101224.333100001327693, 3225508.840700000524521 ], [ 101224.333100001327693, 3225414.245800001546741 ], [ 101251.715800000354648, 3225297.246899999678135 ], [ 101306.48130000103265, 3225207.630699999630451 ], [ 101279.098600000143051, 3225058.270500002428889 ], [ 101274.119899999350309, 3224796.890000002458692 ], [ 101371.20409999974072, 3224408.553200002759695 ], [ 101435.926900000311434, 3223992.833699999377131 ], [ 101510.60700000077486, 3223781.240000002086163 ], [ 101722.200700000859797, 3223514.880799999460578 ], [ 101816.795600001700222, 3223350.584500003606081 ], [ 101923.837100001052022, 3222974.694400001317263 ], [ 101943.751799999736249, 3222763.100700000301003 ], [ 102020.921300001442432, 3222374.763899998739362 ], [ 102118.00550000090152, 3222061.107299998402596 ], [ 102225.047000001184642, 3221692.685300001874566 ], [ 102384.364699999801815, 3221381.517999997362494 ], [ 102373.192400000058115, 3221309.083499999716878 ], [ 102188.952600000426173, 3221032.72380000166595 ], [ 102019.45200000051409, 3220833.744799999520183 ], [ 101978.91920000128448, 3220782.157599998638034 ], [ 101986.288800001144409, 3220656.874600002542138 ], [ 101883.114500002004206, 3220531.591499999165535 ], [ 101389.351800001226366, 3219982.556900003924966 ], [ 101315.655900000594556, 3219908.86089999973774 ], [ 101129.858900000341237, 3219834.983900001272559 ], [ 100891.131000000052154, 3219752.347300000488758 ], [ 100702.90330000128597, 3219711.029100000858307 ], [ 100555.993800000287592, 3219669.710800003260374 ], [ 100477.948100000619888, 3219632.98340000025928 ], [ 100418.266200000420213, 3219596.255999999120831 ], [ 100129.038200002163649, 3219343.755400002002716 ], [ 99908.674000000581145, 3219109.61849999986589 ], [ 99582.718600001186132, 3218802.026799999177456 ], [ 99467.945600000210106, 3218682.662800000980496 ], [ 99454.172899998724461, 3218590.844400001689792 ], [ 99463.354700000956655, 3218430.162200000137091 ], [ 99500.082100001163781, 3218205.207100000232458 ], [ 99541.400299999862909, 3217879.251700000837445 ], [ 99559.764000001363456, 3217626.751099998131394 ], [ 99549.497499999590218, 3217479.597000002861023 ] ] ] } },
{ "type": "Feature", "properties": { "IMIS_CODE": "31130000005002010", "PARENT_CHA": "Ghazipur Minor", "REMARKS": null, "ZONE_NAME": "Bahawalpur", "CIRCLE_NAM": "Rahimyar Khan", "CHANNEL_NA": "Gurgage Sub Minor", "CHANNEL_TY": "SM", "DESIGNED_D": 13.0 }, "geometry": { "type": "MultiLineString", "coordinates": [ [ [ 101315.655900000594556, 3219908.86089999973774 ], [ 101373.177700000815094, 3219775.301899999380112 ], [ 101446.632399999536574, 3219611.750400001183152 ], [ 101522.382600001059473, 3219529.113799998536706 ], [ 101591.246400000527501, 3219456.806800002232194 ], [ 101636.00789999961853, 3219394.8293999992311 ], [ 101694.542100001126528, 3219205.4539 ], [ 101763.405900000594556, 3218957.544199999421835 ], [ 101766.84910000115633, 3218899.009999999776483 ], [ 102066.406700000166893, 3218110.519400004297495 ], [ 102159.372800000011921, 3217914.257500002160668 ], [ 102200.691100000403821, 3217845.393699998036027 ], [ 102217.907100000418723, 3217748.984400004148483 ], [ 102211.020700002089143, 3217614.69990000128746 ], [ 102207.577500001527369, 3217476.972300002351403 ], [ 102200.691100000403821, 3217254.886499999091029 ], [ 102076.736200001090765, 3217011.567700000479817 ], [ 101856.372100000269711, 3216740.703400000929832 ], [ 101429.416400001384318, 3216157.656499998643994 ] ] ] } },
{ "type": "Feature", "properties": { "IMIS_CODE": "31130000006000000", "PARENT_CHA": "Punjnad Main Line", "REMARKS": null, "ZONE_NAME": "Bahawalpur", "CIRCLE_NAM": "Rahimyar Khan", "CHANNEL_NA": "Behari Disty", "CHANNEL_TY": "D", "DESIGNED_D": 399.0 }, "geometry": { "type": "MultiLineString", "coordinates": [ [ [ 103810.163099998608232, 3231967.318299999460578 ], [ 103810.519799999892712, 3231966.544800000265241 ], [ 103894.857700001448393, 3231783.637199999764562 ], [ 103922.286700000055134, 3231737.922300001606345 ], [ 103922.286700000055134, 3231670.873700004070997 ], [ 103913.143699999898672, 3231597.729800002649426 ], [ 103855.238099999725819, 3231469.727900000289083 ], [ 103705.902600000612438, 3231247.248500000685453 ], [ 103654.092300000600517, 3231149.723300000652671 ], [ 103623.615699999965727, 3231091.817700004205108 ], [ 103553.519400001503527, 3231012.578500000759959 ], [ 103477.327800000086427, 3230954.672900002449751 ], [ 103248.753100000321865, 3230780.9561 ], [ 103224.371799999848008, 3230762.670099999755621 ], [ 102875.95930000115186, 3230539.389600001275539 ], [ 102762.272700000554323, 3230432.39049999974668 ], [ 102724.377200000919402, 3230383.349199999123812 ], [ 102492.545799999497831, 3230126.99720000103116 ], [ 102336.505400000140071, 3229977.644200002774596 ], [ 102260.714300000108778, 3229884.019999999552965 ], [ 102042.257800001651049, 3229585.314100001007318 ], [ 101910.738000000827014, 3229409.211400002241135 ], [ 101828.259499999694526, 3229304.441400002688169 ], [ 101756.926800000481308, 3229250.941900003701448 ], [ 101685.594000000506639, 3229224.192100001499057 ], [ 100896.475499999709427, 3229101.588900001719594 ], [ 100131.877600001171231, 3228983.4441 ], [ 99407.40440000128001, 3228814.028799997642636 ], [ 98974.94960000179708, 3228727.092000000178814 ], [ 98908.075199999846518, 3228693.654800001531839 ], [ 98885.783699999563396, 3228662.446700001135468 ], [ 98823.367499999701977, 3228553.218400001525879 ], [ 98482.307800000533462, 3227808.682900000363588 ], [ 98326.267400001175702, 3227527.810200002044439 ], [ 98174.685399999842048, 3227287.062100000679493 ], [ 98085.519399999640882, 3227041.855799999088049 ], [ 97942.853900000452995, 3226696.3378000035882 ], [ 97916.104100001975894, 3226604.942699998617172 ], [ 97913.875000000931323, 3226489.027000002563 ], [ 97820.250800001434982, 3225878.240399999544024 ], [ 97777.897000000812113, 3225626.346600001677871 ], [ 97688.731000000610948, 3225251.849700000137091 ], [ 97621.856599999591708, 3224982.122700002044439 ], [ 97599.565100001171231, 3224779.270200002938509 ], [ 97581.731900000013411, 3224696.7917 ], [ 97581.731900000013411, 3224518.459899999201298 ], [ 97568.356999999843538, 3224415.918999999761581 ], [ 97534.919800000265241, 3224357.961200002580881 ], [ 97483.649400000460446, 3224297.77419999986887 ], [ 97405.901700000278652, 3224254.014499999582767 ], [ 96667.781100001186132, 3223838.569599997252226 ], [ 96613.703600001521409, 3223475.09460000321269 ], [ 96578.037200000137091, 3223288.836899999529123 ], [ 96578.037200000137091, 3223165.985999999567866 ], [ 96601.814800000749528, 3223039.172200001776218 ], [ 96617.666500002145767, 3222888.580900000408292 ], [ 96589.926000000908971, 3222753.841199999675155 ], [ 96471.038099999539554, 3222575.509400000795722 ], [ 96368.001899999566376, 3222508.139600001275539 ], [ 96264.965700000524521, 3222476.43610000051558 ], [ 96154.003600000403821, 3222436.806800004094839 ], [ 96082.670900001190603, 3222393.214600000530481 ], [ 96078.708000000566244, 3222353.58530000038445 ], [ 96122.300200001336634, 3222238.660299999639392 ], [ 96142.114900001324713, 3222171.290500000119209 ], [ 96142.114900001324713, 3222115.809399999678135 ], [ 96074.745000001974404, 3222052.402599999681115 ], [ 96011.338100001215935, 3221992.958600003272295 ], [ 95951.894199999980628, 3221945.403400000184774 ], [ 95908.302000000141561, 3221759.145700002089143 ], [ 95821.117499998770654, 3221564.962100002914667 ], [ 95749.784700001589954, 3221378.7043999992311 ], [ 95682.414900000207126, 3221176.594900004565716 ], [ 95634.8597999997437, 3221037.892400002107024 ], [ 95599.19340000115335, 3220946.745000002905726 ], [ 95591.267500001005828, 3220887.301000000908971 ], [ 95587.30460000038147, 3220796.153600001707673 ], [ 95611.082200000993907, 3220693.117400001734495 ], [ 95619.00800000037998, 3220601.970000002533197 ], [ 95622.970999999903142, 3220316.639000004157424 ], [ 95615.045099999755621, 3220082.826100002974272 ], [ 95551.63820000179112, 3219849.01320000179112 ], [ 95504.082999999634922, 3219635.015000000596046 ] ] ] } },
{ "type": "Feature", "properties": { "IMIS_CODE": "31130000006001000", "PARENT_CHA": "Behari Disty", "REMARKS": null, "ZONE_NAME": "Bahawalpur", "CIRCLE_NAM": "Rahimyar Khan", "CHANNEL_NA": "Dhari Minor", "CHANNEL_TY": "M", "DESIGNED_D": 12.0 }, "geometry": { "type": "MultiLineString", "coordinates": [ [ [ 97405.901700000278652, 3224254.014499999582767 ], [ 97506.101599999703467, 3224098.956300001591444 ], [ 97477.600600000470877, 3223948.308299999684095 ], [ 97481.672200000844896, 3223858.733800001442432 ], [ 97575.318200000561774, 3223752.872999999672174 ], [ 97730.037800000980496, 3223651.083800001069903 ], [ 97874.686900000087917, 3223514.622400002554059 ], [ 97875.050600001588464, 3223514.27930000051856 ], [ 97945.830900001339614, 3223447.505400002002716 ], [ 98072.049500001594424, 3223357.9309 ], [ 98161.623999999836087, 3223239.855500001460314 ], [ 98369.273900001309812, 3223101.4222 ], [ 98515.850400000810623, 3222914.130100000649691 ], [ 98715.357200000435114, 3222914.130100000649691 ], [ 98866.005199999548495, 3222848.984999999403954 ], [ 99066.420000000856817, 3222695.095100002363324 ], [ 99094.013000001199543, 3222673.907600002363324 ], [ 99224.303200001828372, 3222612.834100002422929 ], [ 99270.945000001229346, 3222604.870800001546741 ], [ 99391.237400000914931, 3222584.333100004121661 ], [ 99749.535400000400841, 3222519.188000001013279 ], [ 99809.914200001396239, 3222501.936899999156594 ], [ 99835.038300001062453, 3222494.758600000292063 ], [ 99843.181400001049042, 3222376.683100001886487 ], [ 99852.231800000183284, 3222338.219000002369285 ], [ 99892.040300002321601, 3222169.033200001344085 ], [ 99969.400000001303852, 3222026.528300002217293 ], [ 100027.716199998743832, 3221926.270600004121661 ], [ 100196.822499999776483, 3221719.585100002586842 ], [ 100201.928299999795854, 3221716.413600001484156 ], [ 100202.353100000880659, 3221716.149800004437566 ] ] ] } },
{ "type": "Feature", "properties": { "IMIS_CODE": "31130000006002000", "PARENT_CHA": "Behari Disty", "REMARKS": null, "ZONE_NAME": "Bahawalpur", "CIRCLE_NAM": "Rahimyar Khan", "CHANNEL_NA": "Sidhu Wali Minor", "CHANNEL_TY": "M", "DESIGNED_D": 16.0 }, "geometry": { "type": "MultiLineString", "coordinates": [ [ [ 98326.267400001175702, 3227527.810200002044439 ], [ 98053.288200002163649, 3227670.890699999406934 ], [ 97667.038100000470877, 3227650.345499999821186 ], [ 97551.664000000804663, 3227644.208599999547005 ], [ 97341.253299999982119, 3227614.7511 ], [ 97284.842700000852346, 3227606.853600000962615 ], [ 97082.058500002138317, 3227574.835100002586842 ], [ 96841.91920000128448, 3227521.470799999311566 ], [ 96659.318800000473857, 3227482.3421 ], [ 96617.789300001226366, 3227473.442900003865361 ], [ 96564.425000000745058, 3227446.760800004005432 ], [ 96297.603700000792742, 3227115.90230000205338 ], [ 96193.310300000943244, 3226976.844399999827147 ], [ 96190.310300000011921, 3226972.844400001689792 ], [ 95993.427299999631941, 3226710.333900002762675 ], [ 95722.396000000648201, 3226371.544699998572469 ], [ 95715.933100000955164, 3226363.466100001707673 ], [ 95689.409500000998378, 3226350.204299997538328 ], [ 95609.204600000753999, 3226310.101800004020333 ], [ 94926.141900000162423, 3226085.971899999305606 ], [ 94830.965400001034141, 3226028.0152000002563 ], [ 94264.692800000309944, 3225683.190099999308586 ], [ 93970.921500001102686, 3225504.301400003954768 ], [ 93924.712600000202656, 3225488.25590000115335 ], [ 93677.30460000038147, 3224779.578800002112985 ], [ 93627.819599999114871, 3224643.80489999987185 ], [ 93627.648400001227856, 3224643.335200004279613 ] ] ] } },
{ "type": "Feature", "properties": { "IMIS_CODE": "31130000006003000", "PARENT_CHA": "Behari Disty", "REMARKS": null, "ZONE_NAME": "Bahawalpur", "CIRCLE_NAM": "Rahimyar Khan", "CHANNEL_NA": "Malikpur Minor", "CHANNEL_TY": "M", "DESIGNED_D": 11.5 }, "geometry": { "type": "MultiLineString", "coordinates": [ [ [ 96667.781100001186132, 3223838.569599997252226 ], [ 95979.628300000913441, 3223444.395900001749396 ], [ 95804.640700002200902, 3223347.692199999466538 ], [ 95330.332299999892712, 3223099.025600001215935 ], [ 95256.653300000354648, 3223052.976300001144409 ], [ 95150.739700000733137, 3222896.408399999141693 ], [ 95104.690399999730289, 3222795.0998 ], [ 95012.591700000688434, 3222504.988900002092123 ], [ 94925.097900001332164, 3222182.643300000578165 ], [ 94837.604100000113249, 3221892.532400000840425 ], [ 94731.690600001253188, 3221362.964700004085898 ], [ 94685.641200001351535, 3221280.075800001621246 ], [ 94483.024000001139939, 3221132.717900002375245 ], [ 94390.925300000235438, 3221086.668500002473593 ], [ 94238.96239999961108, 3221012.98960000090301 ] ] ] } },
{ "type": "Feature", "properties": { "IMIS_CODE": "31130000006004000", "PARENT_CHA": "Behari Disty", "REMARKS": null, "ZONE_NAME": "Bahawalpur", "CIRCLE_NAM": "Rahimyar Khan", "CHANNEL_NA": "Choudhari Minor", "CHANNEL_TY": "M", "DESIGNED_D": 42.0 }, "geometry": { "type": "MultiLineString", "coordinates": [ [ [ 95504.082999999634922, 3219635.015000000596046 ], [ 95699.410699999891222, 3219332.279100000858307 ], [ 96036.407600000500679, 3218814.82570000179112 ], [ 96084.239400001242757, 3218738.729599999263883 ], [ 96077.71690000128001, 3218671.330200001597404 ], [ 96116.852000001817942, 3218286.501400001347065 ], [ 96116.852000001817942, 3218025.600600002333522 ], [ 96142.942099999636412, 3217577.720700001344085 ], [ 96173.380600000731647, 3217316.819900002330542 ], [ 96210.341500000096858, 3217221.156200002878904 ], [ 96442.978100001811981, 3216825.456599999219179 ], [ 96525.596699999645352, 3216688.4836 ], [ 96588.647800002247095, 3216573.252400001510978 ], [ 96695.182300000451505, 3216294.958100000396371 ], [ 96764.75590000115335, 3216186.249399999156594 ], [ 96819.11019999999553, 3216068.844100002199411 ], [ 96847.374499998986721, 3215994.922100001946092 ], [ 97003.915000000968575, 3215870.994200004264712 ], [ 97223.506599999964237, 3215701.408700002357364 ], [ 97347.434500000439584, 3215564.435699999332428 ], [ 97497.452499999664724, 3215438.333600003272295 ], [ 97562.677700000815094, 3215407.895200002938509 ], [ 97680.083100001327693, 3215316.579900002107024 ], [ 97775.746700000017881, 3215229.61290000192821 ], [ 97993.888800001703203, 3215064.738099999725819 ], [ 98202.60950000025332, 3214960.377699999138713 ], [ 98269.284200001507998, 3214908.197600001469254 ], [ 98367.846800000406802, 3214882.107500001788139 ], [ 98593.960800001397729, 3214850.2195999994874 ], [ 98767.894800001755357, 3214838.624000001698732 ], [ 98817.176000000908971, 3214838.624000001698732 ], [ 98875.154000000096858, 3214795.140500001609325 ], [ 98930.233100001700222, 3214760.353700002655387 ], [ 99008.503299999982119, 3214754.555900003761053 ], [ 99066.48130000103265, 3214737.162499999627471 ], [ 99095.470300000160933, 3214713.971399998292327 ], [ 99124.459299999289215, 3214676.285700002685189 ], [ 99150.549399999901652, 3214653.094499999657273 ], [ 99249.111900000832975, 3214624.105500001460314 ], [ 99338.977800002321601, 3214563.228600000962615 ], [ 99489.720500000752509, 3214397.991399999707937 ], [ 99649.159900001250207, 3214226.956400001421571 ], [ 99733.227999999187887, 3214029.831299999728799 ], [ 99854.98170000128448, 3213821.11060000397265 ], [ 100023.117800001986325, 3213600.794300001114607 ], [ 100098.489200000651181, 3213493.535100001841784 ], [ 100162.264999999664724, 3213406.56810000166297 ], [ 100660.341300001367927, 3212792.279100000858307 ], [ 100757.892100000753999, 3212572.789900001138449 ], [ 100959.090499999932945, 3212389.88230000063777 ], [ 101044.447399999946356, 3212316.719200002029538 ], [ 101111.513600001111627, 3212176.490000002086163 ], [ 101178.579699999652803, 3212011.873099999502301 ], [ 101465.135099999606609, 3211627.767000000923872 ], [ 101696.818099998869002, 3211383.890100002288818 ], [ 101867.531900000758469, 3211164.40090000256896 ], [ 101977.276500000618398, 3210896.136299999430776 ], [ 102038.245700000785291, 3210524.22410000115633 ], [ 102251.638000001199543, 3209975.50110000371933 ], [ 102349.188800000585616, 3209512.134999999776483 ], [ 102349.188800000585616, 3209457.262700000777841 ], [ 102288.219499999657273, 3209341.421200001612306 ], [ 102083.972699999809265, 3208996.183000000193715 ], [ 102047.391100000590086, 3208817.847999999299645 ], [ 101969.655400001443923, 3208598.358799999579787 ], [ 101969.655400001443923, 3208173.09850000217557 ], [ 101430.077800001017749, 3207276.850900003686547 ], [ 101157.792999999597669, 3206814.600099997594953 ] ] ] } },
{ "type": "Feature", "properties": { "IMIS_CODE": "31130000006005000", "PARENT_CHA": "Behari Disty", "REMARKS": null, "ZONE_NAME": "Bahawalpur", "CIRCLE_NAM": "Rahimyar Khan", "CHANNEL_NA": "Shamas Minor", "CHANNEL_TY": "M", "DESIGNED_D": 60.0 }, "geometry": { "type": "MultiLineString", "coordinates": [ [ [ 95504.082999999634922, 3219635.015000000596046 ], [ 95312.757000000216067, 3219526.71199999935925 ], [ 95218.793100001290441, 3219399.5844 ], [ 95119.301900000311434, 3219239.293100001290441 ], [ 95075.083600000478327, 3219161.91100000217557 ], [ 95113.774600001052022, 3219051.365299999713898 ], [ 95135.883700001053512, 3218951.874099999666214 ], [ 95108.247300000861287, 3218874.49210000038147 ], [ 95108.247300000861287, 3218730.782600002363324 ], [ 95191.156600000336766, 3218553.909300001338124 ], [ 95146.938300000503659, 3218377.036100002005696 ], [ 95163.520200000144541, 3217956.962200002744794 ], [ 95163.520200000144541, 3217763.507200000807643 ], [ 95124.829200000502169, 3217525.833799999207258 ], [ 95052.974399999715388, 3217266.05120000243187 ], [ 95019.810700002126396, 3217144.450899997726083 ], [ 94870.573900001123548, 3217000.741399999707937 ], [ 94870.573900001123548, 3216857.031900001689792 ], [ 94699.228000001050532, 3216713.3224 ], [ 94373.117999999783933, 3216337.466800004243851 ], [ 94063.589900000952184, 3216005.829500002786517 ], [ 93892.243900001980364, 3215845.538200000301003 ], [ 93792.752700001001358, 3215701.828700002282858 ], [ 93770.643600000068545, 3215574.701099999248981 ], [ 93770.643600000068545, 3215475.209899999201298 ], [ 93726.425300001166761, 3215353.6096 ], [ 93621.40679999999702, 3215248.591100001707673 ], [ 93527.442900001071393, 3215187.790899999439716 ], [ 93477.697300000116229, 3215138.045299999415874 ], [ 93439.006299999542534, 3215005.390400001779199 ], [ 93311.878700001165271, 3214811.935299998149276 ], [ 93195.805600000545382, 3214745.607899999246001 ], [ 93079.732599999755621, 3214673.753100000321865 ], [ 93018.932400000281632, 3214541.098200002685189 ], [ 92930.495800001546741, 3214375.279600003734231 ], [ 92847.586500000208616, 3214281.315700000151992 ], [ 92781.259000001475215, 3214209.460900001227856 ], [ 92737.04069999884814, 3214093.387900002300739 ], [ 92670.713300001807511, 3213877.823600001633167 ], [ 92654.131400000303984, 3213728.586900001391768 ], [ 92659.658699999563396, 3213242.185499999672174 ], [ 92670.713300001807511, 3213104.0033 ], [ 92692.822399999946356, 3212512.583500001579523 ], [ 92703.877000001259148, 3212274.910100001841784 ], [ 92759.149900000542402, 3211937.745500000193715 ], [ 92825.477300000376999, 3211617.162799999117851 ], [ 92969.186800001189113, 3211208.143500000238419 ], [ 93068.677999999374151, 3210920.724500004202127 ], [ 93256.605800000019372, 3210677.523900000378489 ], [ 93538.497500000521541, 3210163.486100003123283 ], [ 93787.225400000810623, 3209549.957100000232458 ], [ 93953.044100000523031, 3209185.156100001186132 ], [ 93997.262400000356138, 3209035.919300002977252 ], [ 94052.535299999639392, 3208941.955399999395013 ], [ 94190.71750000026077, 3208792.718600001186132 ], [ 94444.972699999809265, 3208090.753000000491738 ], [ 94500.245600000955164, 3207748.061200004070997 ], [ 94561.045800000429153, 3207477.22410000115633 ], [ 94605.264099999330938, 3207339.041899999603629 ], [ 94588.682200000621378, 3206670.240000002086163 ], [ 94566.573099999688566, 3206056.711000001057982 ], [ 94561.045800000429153, 3205747.182900000363588 ], [ 94555.093299999833107, 3205699.563200002536178 ] ] ] } },
{ "type": "Feature", "properties": { "IMIS_CODE": "31130000006006000", "PARENT_CHA": "Behari Disty", "REMARKS": null, "ZONE_NAME": "Bahawalpur", "CIRCLE_NAM": "Rahimyar Khan", "CHANNEL_NA": "Allahabad Minor", "CHANNEL_TY": "M", "DESIGNED_D": 169.0 }, "geometry": { "type": "MultiLineString", "coordinates": [ [ [ 95504.082999999634922, 3219635.015000000596046 ], [ 95468.416699999943376, 3219428.942600000649691 ], [ 95476.342500001192093, 3219072.278899999335408 ], [ 95488.23130000103265, 3218779.021999999880791 ], [ 95504.082999999634922, 3218628.430700002238154 ], [ 95567.489900000393391, 3218307.433300003409386 ], [ 95630.896800000220537, 3217998.324699997901917 ], [ 95773.562299999408424, 3217518.810100000351667 ], [ 95888.487300000153482, 3217245.367900002747774 ], [ 95975.671800001524389, 3217015.518000001087785 ], [ 96134.189000001177192, 3216559.780999999493361 ], [ 96150.040699999779463, 3216393.337900001555681 ], [ 96181.744200000539422, 3216135.747400000691414 ], [ 96221.373499999754131, 3215806.824200004339218 ], [ 96245.150999999605119, 3215612.640599999576807 ], [ 96276.854500000365078, 3215485.8268 ], [ 96522.556200002320111, 3215180.681199999526143 ], [ 96700.888000001199543, 3215018.201000003144145 ], [ 96851.479400000534952, 3214831.943299997597933 ], [ 96978.293200001120567, 3214534.723500000312924 ], [ 97065.477600000798702, 3214308.836500002071261 ], [ 97124.921600000932813, 3214106.727 ], [ 97212.10610000230372, 3213979.913300001993775 ], [ 97291.364700000733137, 3213837.2478 ], [ 97334.956900001503527, 3213658.915900003165007 ], [ 97346.845700001344085, 3213409.251299999654293 ], [ 97295.327600001357496, 3213199.216 ], [ 97251.735399999655783, 3213005.032400000840425 ], [ 97323.068100000731647, 3212878.218600001186132 ], [ 97410.252600002102554, 3212656.29450000077486 ], [ 97426.104300000704825, 3212549.295399999246001 ], [ 97426.104300000704825, 3212462.110900001600385 ], [ 97521.214600000530481, 3212351.148800000548363 ], [ 97517.251699999906123, 3212263.964400000870228 ], [ 97505.36290000192821, 3212196.59460000321269 ], [ 97584.621500000357628, 3212010.336799999698997 ], [ 97636.139600000344217, 3211939.004100000485778 ], [ 97616.325000001117587, 3211713.117000000551343 ], [ 97600.473300000652671, 3211598.192099999636412 ], [ 97608.399100001901388, 3211340.601600002497435 ], [ 97616.325000001117587, 3211047.344699999317527 ], [ 97663.880099999718368, 3210765.976700000464916 ], [ 97715.398199999704957, 3210433.090500000864267 ], [ 97711.435300000943244, 3210270.610400000587106 ], [ 97707.472400000318885, 3210147.759500000625849 ], [ 97695.583600000478327, 3210072.463800003752112 ], [ 97655.954300001263618, 3209909.98369999974966 ], [ 97596.510300001129508, 3209763.35530000180006 ], [ 97620.287899999879301, 3209474.061300000175834 ], [ 97600.473300000652671, 3209374.988099999725819 ], [ 97533.103400000371039, 3209200.61910000257194 ], [ 97362.697399999946356, 3208891.510600000619888 ], [ 97283.438800001516938, 3208701.289900003001094 ], [ 97220.031900000758469, 3208530.883899999782443 ], [ 97089.255199999548495, 3208281.219300001859665 ], [ 97013.959500001743436, 3208154.405500002205372 ], [ 96918.849200000986457, 3208023.628800000995398 ], [ 96863.368200001306832, 3207916.629699999466538 ], [ 96788.072500000707805, 3207781.890000000596046 ], [ 96760.332000001333654, 3207690.742599999532104 ], [ 96736.554400000721216, 3207571.854699999094009 ], [ 96716.739800001494586, 3207413.337500002235174 ], [ 96700.888000001199543, 3207238.968599997460842 ], [ 96724.665599999949336, 3207112.154800001531839 ], [ 96784.109600000083447, 3206977.415200000628829 ], [ 96843.55350000038743, 3206890.230700001120567 ], [ 96910.923400000669062, 3206799.08330000191927 ], [ 96934.700900000520051, 3206680.195400001481175 ], [ 96994.144899999722838, 3206593.010900001972914 ], [ 97045.662999999709427, 3206525.641099998727441 ], [ 97116.995700000785291, 3206482.048900002613664 ], [ 97156.625000000931323, 3206446.382500000298023 ], [ 97164.550900000147521, 3206390.901500001549721 ], [ 97168.51380000077188, 3206299.754100002348423 ], [ 97160.587999999523163, 3206252.198900001123548 ], [ 97152.662100000306964, 3206188.791999999433756 ], [ 97105.106900000944734, 3206133.311000000685453 ], [ 97113.032800000160933, 3205954.979100001975894 ], [ 97081.329400001093745, 3205847.98000000230968 ], [ 96906.960400001145899, 3205519.056800000369549 ], [ 96788.072500000707805, 3205269.392100000753999 ], [ 96788.045000001788139, 3205161.307000001892447 ], [ 96816.576899999752641, 3205051.934699999168515 ], [ 96697.693900001235306, 3204780.881400000303984 ], [ 96616.853400001302361, 3204562.136700000613928 ], [ 96464.683199999853969, 3203920.168500002473593 ], [ 96379.087400000542402, 3203496.945000004023314 ], [ 96288.736300000920892, 3203045.189600003883243 ], [ 96241.183100000955164, 3202821.689500000327826 ], [ 96212.651200000196695, 3202674.274599999189377 ], [ 95884.534099999815226, 3202355.668100001290441 ], [ 95760.895800000056624, 3202213.008500002324581 ], [ 95565.927700000815094, 3201851.6042 ], [ 95442.28940000012517, 3201575.7956000007689 ], [ 95361.448900000192225, 3201319.008300000801682 ], [ 95309.140399999916553, 3201219.146600000560284 ], [ 95250.954400001093745, 3201093.031700002029538 ], [ 95182.006500001065433, 3201016.826200000941753 ], [ 95131.202800001017749, 3200940.620699999853969 ], [ 95109.429800000973046, 3200877.116100002080202 ], [ 95096.728900001384318, 3200831.755700001493096 ], [ 95065.883800000883639, 3200791.838500002399087 ], [ 95031.409900001250207, 3200748.29249999858439 ], [ 94942.503500000573695, 3200682.973500000312924 ], [ 94844.525000000372529, 3200599.510300001129508 ], [ 94655.82560000102967, 3200394.481200003996491 ], [ 94599.578700000420213, 3200278.358600001782179 ], [ 94381.8487000009045, 3199875.55800000205636 ], [ 94401.807199999690056, 3199739.476700004190207 ], [ 94398.178400000557303, 3199568.921499999240041 ], [ 94354.632399999536574, 3199429.211400000378489 ], [ 94280.241300000809133, 3199327.604100000113249 ], [ 94200.407000001519918, 3199284.058100001886487 ], [ 94153.232100000604987, 3199236.883200000971556 ], [ 94091.541899999603629, 3199155.23450000397861 ], [ 94055.253600000403821, 3199084.472200004383922 ], [ 94002.635500000789762, 3199013.710000002756715 ], [ 93991.748999999836087, 3198897.587300002574921 ], [ 93946.388600000180304, 3198674.414000002667308 ], [ 93926.430000000633299, 3198514.745300004258752 ], [ 93895.58490000013262, 3198351.447800001129508 ], [ 93904.657000000588596, 3198228.067399999126792 ], [ 93951.831800000742078, 3198104.687100000679493 ], [ 94002.635500000789762, 3197905.101199999451637 ], [ 94096.985200001858175, 3197729.102799998596311 ], [ 94146.529199999757111, 3197641.546500001102686 ], [ 94139.353300000540912, 3197587.727600002661347 ], [ 94175.232599999755621, 3197476.502000002190471 ], [ 94182.408400000073016, 3197332.985200002789497 ], [ 94203.935900000855327, 3197221.759600002318621 ], [ 94246.991000002250075, 3197124.885700000450015 ], [ 94275.694400002248585, 3197024.423900002613664 ], [ 94304.397799999453127, 3196794.796800000593066 ], [ 94185.996300000697374, 3196694.335000002756715 ], [ 94099.886199999600649, 3196608.224899999797344 ], [ 94038.891500000841916, 3196543.642300002276897 ], [ 94020.951900000683963, 3196493.411400003358722 ] ] ] } },
{ "type": "Feature", "properties": { "IMIS_CODE": "31130000006006010", "PARENT_CHA": "Allahabad Minor", "REMARKS": null, "ZONE_NAME": "Bahawalpur", "CIRCLE_NAM": "Rahimyar Khan", "CHANNEL_NA": "Metla Sub Minor", "CHANNEL_TY": "SM", "DESIGNED_D": 64.0 }, "geometry": { "type": "MultiLineString", "coordinates": [ [ [ 97584.621500000357628, 3212010.336799999698997 ], [ 97658.797200001776218, 3212059.306400001049042 ], [ 97825.968500000424683, 3211941.667300000786781 ], [ 98024.097400001250207, 3211885.943500000983477 ], [ 98191.268699999898672, 3211879.752000002190471 ], [ 98488.462200000882149, 3211712.580700002610683 ], [ 98698.974200000055134, 3211551.600900003686547 ], [ 98710.719800001941621, 3211542.641699999570847 ], [ 98721.989199999719858, 3211533.090400001034141 ], [ 98732.752500001341105, 3211522.972200000658631 ], [ 98742.98130000103265, 3211512.31389999948442 ], [ 98752.648400001227856, 3211501.143700003623962 ], [ 98761.728299998678267, 3211489.491100002080202 ], [ 98770.197000000625849, 3211477.387000001966953 ], [ 98778.032100000418723, 3211464.863500004634261 ], [ 98785.212799999862909, 3211451.953600000590086 ], [ 98791.71999999973923, 3211438.691600002348423 ], [ 98797.536700000986457, 3211425.112400000914931 ], [ 98802.647499999962747, 3211411.252100002020597 ], [ 98807.03870000038296, 3211397.147399999201298 ], [ 98810.698699999600649, 3211382.835500001907349 ], [ 98813.618000000715256, 3211368.354299999773502 ], [ 98815.788700001314282, 3211353.74210000410676 ], [ 98817.205099999904633, 3211339.03770000115037 ], [ 98817.863500001840293, 3211324.279800001531839 ], [ 98817.762100000865757, 3211309.507700001820922 ], [ 98816.901200000196695, 3211294.760300001129508 ], [ 98815.283100000582635, 3211280.0767 ], [ 98812.911999999545515, 3211265.495700001716614 ], [ 98809.794300001114607, 3211251.0559 ], [ 98805.938100000843406, 3211236.795600002631545 ], [ 98801.353699999861419, 3211222.752400001510978 ], [ 98796.053199999965727, 3211208.963600000366569 ], [ 98790.050700000487268, 3211195.465600002557039 ], [ 98783.361999999731779, 3211182.294100001454353 ], [ 98776.004800000227988, 3211169.483999999240041 ], [ 98767.998599999584258, 3211157.069200001657009 ], [ 98759.364500001072884, 3211145.082499999552965 ], [ 98750.125500000081956, 3211133.5557000041008 ], [ 98740.306000000797212, 3211122.519200002774596 ], [ 98729.931900001130998, 3211112.002300001680851 ], [ 98637.058900001458824, 3210981.980100002139807 ], [ 98606.101300001144409, 3210796.234199998900294 ], [ 98593.718200000934303, 3210591.913800003007054 ], [ 98550.377500000409782, 3210331.869500001892447 ], [ 98513.228300000540912, 3210022.293000001460314 ], [ 98519.419800001196563, 3209749.865700002759695 ], [ 98507.036799999885261, 3209619.843500003218651 ], [ 98544.185999999754131, 3209496.012900000438094 ], [ 98698.974200000055134, 3209285.500900000333786 ], [ 99064.274500001221895, 3208926.392200000584126 ], [ 99274.786500000394881, 3208592.049500001594424 ], [ 99398.61710000038147, 3208301.04759999923408 ], [ 99448.149400000460446, 3208084.344100002199411 ], [ 99411.000200000591576, 3207873.832100002095103 ], [ 99398.61710000038147, 3207589.02170000039041 ], [ 99274.786500000394881, 3207037.97550000064075 ], [ 99188.105100001208484, 3206678.866800002753735 ], [ 99095.23210000153631, 3206406.439400000497699 ], [ 99020.933800000697374, 3206146.395199997350574 ], [ 98903.294700001366436, 3205985.415400002151728 ], [ 98822.804800000973046, 3205824.435600001364946 ], [ 98742.314900000579655, 3205657.264299998059869 ], [ 98643.250400002114475, 3205440.560700003057718 ], [ 98606.101300001144409, 3205230.04869999922812 ], [ 98587.526700000278652, 3205038.111300002783537 ], [ 98544.185999999754131, 3204697.577099999412894 ], [ 98568.952100001275539, 3204536.59740000218153 ], [ 98513.228300000540912, 3204227.020900001749396 ], [ 98568.952100001275539, 3203985.551199998706579 ], [ 98624.675899999216199, 3203638.825500002130866 ], [ 98599.909699998795986, 3203446.888100001960993 ], [ 98568.952100001275539, 3203310.674400003626943 ], [ 98513.228300000540912, 3203050.630100002512336 ], [ 98438.929999999701977, 3202660.563800001516938 ], [ 98438.929999999701977, 3202493.392400000244379 ], [ 98426.546900002285838, 3202363.370300004258752 ], [ 98358.440100000239909, 3202233.348200002685189 ], [ 98352.248500000685453, 3201979.495400000363588 ], [ 98370.823100001551211, 3201781.366500001400709 ], [ 98321.290900000371039, 3201663.727400001138449 ], [ 98321.290900000371039, 3201477.981499999761581 ], [ 98284.141700000502169, 3201360.342399999499321 ], [ 98092.204300000332296, 3200852.637000000104308 ], [ 98086.012700000777841, 3200091.078800002112985 ], [ 97832.160000001080334, 3199682.437800001353025 ], [ 97584.498800000175834, 3199465.734200000762939 ], [ 97312.07149999961257, 3199205.69000000320375 ], [ 96965.345800002105534, 3198406.982600003480911 ], [ 96748.642200000584126, 3197849.744900001212955 ], [ 96624.811600000597537, 3197564.934499999508262 ] ] ] } },
{ "type": "Feature", "properties": { "IMIS_CODE": "31130000006006020", "PARENT_CHA": "Allahabad Minor", "REMARKS": null, "ZONE_NAME": "Bahawalpur", "CIRCLE_NAM": "Rahimyar Khan", "CHANNEL_NA": "Pathan Sub Minor", "CHANNEL_TY": "SM", "DESIGNED_D": 10.0 }, "geometry": { "type": "MultiLineString", "coordinates": [ [ [ 97584.621500000357628, 3212010.336799999698997 ], [ 97167.368600000627339, 3211740.51380000449717 ], [ 96820.230399998836219, 3211510.95469999872148 ], [ 96775.438400001265109, 3211449.36570000089705 ], [ 96837.027400000020862, 3211298.192600000649691 ], [ 96893.017400001175702, 3211175.014499999582767 ], [ 96870.621400000527501, 3211096.628500003367662 ], [ 96865.02240000013262, 3210872.668300000950694 ], [ 96893.017400001175702, 3210760.688300002366304 ], [ 96865.02240000013262, 3210525.530099999159575 ], [ 96814.631400001235306, 3210379.956000000238419 ], [ 96669.057299999520183, 3210329.565000001341105 ], [ 96585.072300001047552, 3210189.589900001883507 ], [ 96529.082200000993907, 3210077.609899999573827 ], [ 96450.696200001053512, 3210021.619800001382828 ], [ 96271.528099999763072, 3209971.228800002485514 ], [ 96221.137100000865757, 3209943.233800001442432 ], [ 96170.746000001206994, 3209876.045700002461672 ], [ 96125.954000000841916, 3209719.273600002750754 ] ] ] } },
{ "type": "Feature", "properties": { "IMIS_CODE": "31130000007000000", "PARENT_CHA": "Punjnad Main Line", "REMARKS": null, "ZONE_NAME": "Bahawalpur", "CIRCLE_NAM": "Rahimyar Khan", "CHANNEL_NA": "Thulhamza Disty", "CHANNEL_TY": "D", "DESIGNED_D": 32.0 }, "geometry": { "type": "MultiLineString", "coordinates": [ [ [ 96577.271600000560284, 3228539.645600000396371 ], [ 96444.794200000353158, 3228549.282700004056096 ], [ 96331.587600001133978, 3228549.282700004056096 ], [ 95967.70930000115186, 3228415.860600000247359 ], [ 95353.159200000576675, 3228205.619799999520183 ], [ 95248.038800000213087, 3228189.447499999776483 ], [ 94827.557200000621378, 3228213.706000002101064 ], [ 94281.739700000733137, 3228209.662900002673268 ], [ 94087.671299998648465, 3228209.662900002673268 ], [ 93768.266999999992549, 3227655.759299997240305 ], [ 93137.544599999673665, 3226572.2105 ], [ 92668.545800001360476, 3225864.669299999251962 ], [ 92130.814500001259148, 3225124.783400001004338 ], [ 91746.720800001174212, 3224825.5945999994874 ], [ 91483.14570000115782, 3224655.368899999186397 ] ] ] } },
{ "type": "Feature", "properties": { "IMIS_CODE": "31130000008000000", "PARENT_CHA": "Punjnad Main Line", "REMARKS": null, "ZONE_NAME": "Bahawalpur", "CIRCLE_NAM": "Rahimyar Khan", "CHANNEL_NA": "Gabol Disty", "CHANNEL_TY": "D", "DESIGNED_D": 30.0 }, "geometry": { "type": "MultiLineString", "coordinates": [ [ [ 90376.453800001181662, 3223273.936499999836087 ], [ 90202.281700000166893, 3223448.09630000218749 ], [ 90094.962400000542402, 3223562.5702 ], [ 90030.570899999700487, 3223630.539000000804663 ], [ 89944.715500000864267, 3223655.580200001597404 ], [ 89758.69550000037998, 3223648.425599999725819 ], [ 89476.088100000284612, 3223601.92060000449419 ], [ 89365.191600000485778, 3223580.456700000911951 ], [ 89100.470800000242889, 3223508.910600000992417 ], [ 89028.924700000323355, 3223480.292100001126528 ], [ 88853.636599999852479, 3223290.694800002500415 ], [ 88520.946899998933077, 3222940.118599999696016 ], [ 88141.752300000749528, 3222510.841700002551079 ], [ 87733.939200000837445, 3222074.4101 ], [ 87458.486499999649823, 3221752.452400002628565 ], [ 87326.12609999999404, 3221627.2466000020504 ], [ 87272.466500001959503, 3221537.813900001347065 ], [ 87115.064899999648333, 3221487.731600001454353 ], [ 86657.169499999843538, 3221319.598099997267127 ], [ 86413.912500001490116, 3221226.58809999935329 ], [ 86106.264100001193583, 3220933.248800000175834 ], [ 85802.192900001071393, 3220596.981899999082088 ], [ 85784.306300000287592, 3220564.786100000143051 ], [ 85766.419800001196563, 3220518.281099999323487 ], [ 85666.255199999548495, 3220436.003000002354383 ], [ 85509.077200002036989, 3220339.7511 ], [ 85325.963800000958145, 3220239.139300001785159 ], [ 85056.324199999682605, 3220112.36849999986589 ], [ 84702.425600001588464, 3219913.840000001713634 ] ] ] } },
{ "type": "Feature", "properties": { "IMIS_CODE": "31130000009000000", "PARENT_CHA": "Punjnad Main Line", "REMARKS": null, "ZONE_NAME": "Bahawalpur", "CIRCLE_NAM": "Rahimyar Khan", "CHANNEL_NA": "Moghala Disty", "CHANNEL_TY": "D", "DESIGNED_D": 38.0 }, "geometry": { "type": "MultiLineString", "coordinates": [ [ [ 91417.77320000063628, 3224156.765100000426173 ], [ 91428.826500001363456, 3224077.466100001707673 ], [ 91449.255300002172589, 3223930.905300002545118 ], [ 91484.246500000357628, 3223699.963300000876188 ], [ 91505.241200000047684, 3223490.016100004315376 ], [ 91561.22719999961555, 3223294.06530000269413 ], [ 91639.957399999722838, 3222974.770500000566244 ], [ 91655.703400000929832, 3222775.320600003004074 ], [ 91592.71929999999702, 3222602.114100003615022 ], [ 91587.470600001513958, 3222512.886499999091029 ], [ 91650.454800001345575, 3222287.193200001493096 ], [ 91634.708700001239777, 3222161.224899999797344 ], [ 91561.22719999961555, 3222024.759200001135468 ], [ 91482.496899999678135, 3221872.547400003299117 ], [ 91445.756199999712408, 3221757.076400000602007 ], [ 91440.507500001229346, 3221636.35669999755919 ], [ 91471.999600000679493, 3221515.6371 ], [ 91534.98380000051111, 3221415.912099998444319 ], [ 91603.216600000858307, 3221258.4517 ], [ 91613.714000000618398, 3221027.509699998423457 ], [ 91571.724500000476837, 3220728.334799999371171 ], [ 91498.242999999783933, 3220492.144200002774596 ], [ 91388.020700000226498, 3220171.974600004032254 ], [ 91314.539100000634789, 3219951.529999999329448 ], [ 91230.560200000181794, 3219809.81560000218451 ], [ 91172.824700001627207, 3219704.841900002211332 ], [ 91036.359000000171363, 3219526.3868000023067 ], [ 90779.173600000329316, 3219227.211899999529123 ], [ 90506.242200001142919, 3218980.523900000378489 ], [ 90312.041000001132488, 3218949.03180000372231 ], [ 90201.818700001575053, 3218859.804199999198318 ], [ 90033.860800001770258, 3218702.343800000846386 ], [ 89823.913599999621511, 3218518.639900002628565 ], [ 89655.955800001509488, 3218397.920200001448393 ], [ 89577.225599999539554, 3218277.2006 ], [ 89335.7862000009045, 3218072.502000002190471 ], [ 89209.817900000140071, 3217978.025699999183416 ], [ 89068.103500000201166, 3217841.560000000521541 ], [ 88973.627199999988079, 3217699.845599999651313 ], [ 88942.135100000537932, 3217547.6338 ], [ 88894.897000000812113, 3217096.24720000103116 ], [ 88779.425999999977648, 3216324.691099999472499 ], [ 88658.81120000127703, 3215480.3882 ] ] ] } },
{ "type": "Feature", "properties": { "IMIS_CODE": "31130000009001000", "PARENT_CHA": "Moghala Disty", "REMARKS": null, "ZONE_NAME": "Bahawalpur", "CIRCLE_NAM": "Rahimyar Khan", "CHANNEL_NA": "Dasti Minor", "CHANNEL_TY": "M", "DESIGNED_D": 8.0 }, "geometry": { "type": "MultiLineString", "coordinates": [ [ [ 91428.826500001363456, 3224077.466100001707673 ], [ 91340.82700000051409, 3224032.526200000196695 ], [ 91311.962999999523163, 3224012.397300001233816 ], [ 91211.893099999986589, 3223942.6118 ], [ 91170.322500000707805, 3223913.621800003573298 ], [ 91113.267099999822676, 3223870.830200001597404 ], [ 91053.661500001326203, 3223826.126000002026558 ], [ 90898.861300001852214, 3223691.517200000584126 ], [ 90582.530500000342727, 3223386.403799999505281 ], [ 90432.217400002293289, 3223238.334100000560284 ], [ 90430.151600001379848, 3223205.540200002491474 ], [ 90414.269500002264977, 3222953.412100000306964 ], [ 90400.579500001855195, 3222843.892300002276897 ], [ 90398.565100000239909, 3222827.777200000360608 ], [ 90302.095499999821186, 3222708.872699998319149 ], [ 90300.862600000575185, 3222707.78660000115633 ], [ 90113.643099999986589, 3222542.855100000277162 ], [ 90049.654699999839067, 3222478.866700001060963 ], [ 90012.885100000537932, 3222442.097100000828505 ], [ 89988.008200000040233, 3222417.220200000330806 ], [ 89923.292399999685585, 3222303.530300000682473 ], [ 89904.999400001019239, 3222271.394000003114343 ], [ 89806.729100000113249, 3222121.755000002682209 ], [ 89806.286300000734627, 3222121.08080000244081 ], [ 89765.903599999845028, 3221820.4543999992311 ], [ 89742.696000001393259, 3221728.470100000500679 ], [ 89742.573700000531971, 3221727.985300004482269 ] ] ] } },
{ "type": "Feature", "properties": { "IMIS_CODE": "31130000010000000", "PARENT_CHA": "Punjnad Main Line", "REMARKS": null, "ZONE_NAME": "Bahawalpur", "CIRCLE_NAM": "Rahimyar Khan", "CHANNEL_NA": "Khanbela Disty", "CHANNEL_TY": "D", "DESIGNED_D": 151.0 }, "geometry": { "type": "MultiLineString", "coordinates": [ [ [ 87239.384600002318621, 3220341.444499999284744 ], [ 87228.652700000442564, 3220201.929500000551343 ], [ 87196.456899999640882, 3219955.095300000160933 ], [ 87160.683900001458824, 3219726.147600000724196 ], [ 87174.99309999961406, 3219532.972899999469519 ], [ 87210.766200001351535, 3219150.201000003144145 ], [ 87271.580400000326335, 3218652.955199999734759 ], [ 87289.466900002211332, 3218520.594800002872944 ], [ 87278.735000002197921, 3218198.6371 ], [ 87210.766200001351535, 3218069.854000000283122 ], [ 87214.689900000579655, 3218026.7939 ], [ 87335.971900001168251, 3217755.050900001078844 ], [ 87335.971900001168251, 3217701.391300002112985 ], [ 87318.085400002077222, 3217658.463600000366569 ], [ 87128.488100000657141, 3217279.268900003284216 ], [ 87078.40580000076443, 3217146.908500000834465 ], [ 86942.468100000172853, 3216885.765100002288818 ], [ 86806.530400001443923, 3216592.425800001248717 ], [ 86659.860700001008809, 3216299.0866 ], [ 86409.449200000613928, 3215769.64499999769032 ], [ 86309.284600000828505, 3215565.738400002941489 ], [ 86230.583800001069903, 3215358.254600001499057 ], [ 86148.305700000375509, 3215204.430300001055002 ], [ 85922.935300000011921, 3214828.813000001013279 ], [ 85872.853000000119209, 3214692.87529999949038 ], [ 85736.915300001390278, 3214446.041000001132488 ], [ 85654.637200000695884, 3214245.711800001561642 ], [ 85386.339099999517202, 3213687.651799999177456 ], [ 85150.236800001934171, 3213201.137900000438094 ], [ 85082.267900002188981, 3213054.468200001865625 ], [ 84828.279099999926984, 3212539.335900003090501 ], [ 84678.032100002281368, 3212224.532800002023578 ], [ 84513.475999999791384, 3211895.420499999076128 ], [ 84395.424800000153482, 3211648.586200000718236 ], [ 84309.569400001317263, 3211466.143500002101064 ], [ 84220.136699999682605, 3211326.628500003367662 ], [ 84112.817500000819564, 3211197.845399998128414 ], [ 84021.596099999733269, 3211129.429400004446507 ], [ 83914.27690000180155, 3211070.403799999505281 ], [ 83782.8108000010252, 3211040.891000002622604 ], [ 83573.53830000013113, 3210987.2314 ], [ 83128.163499999791384, 3210861.131300000473857 ], [ 82886.695199999958277, 3210796.739800002425909 ], [ 82749.863199999555945, 3210745.763100001960993 ], [ 82604.982200000435114, 3210667.956700002774596 ], [ 82390.343700000084937, 3210557.954500000923872 ], [ 82317.903199999593198, 3210515.026799999177456 ], [ 82261.560600000433624, 3210506.977800000458956 ], [ 81942.285899999551475, 3210506.977800000458956 ], [ 81720.049600001424551, 3210391.459000000730157 ], [ 81400.323700000531971, 3210225.264800000935793 ], [ 81196.417200000956655, 3210117.945599999278784 ], [ 81150.806500001810491, 3210085.749800002202392 ], [ 81113.244800000451505, 3209989.162499999627471 ], [ 81051.536199999973178, 3209857.696399999782443 ], [ 80826.165800001472235, 3209468.664200000464916 ], [ 80670.552900000475347, 3209216.464000001549721 ], [ 80600.795400000177324, 3209114.51069999858737 ], [ 80412.986800000071526, 3208808.650900004431605 ], [ 80201.031299999915063, 3208494.74210000038147 ], [ 80037.369400001130998, 3208277.420700002461672 ], [ 79696.630800002254546, 3207770.337300002574921 ], [ 79640.288200000301003, 3207681.798900000751019 ], [ 79484.675300000235438, 3207464.477399999275804 ], [ 79329.062400001101196, 3207276.668800003826618 ], [ 79200.279400000348687, 3207083.49410000257194 ], [ 79095.643100001849234, 3206933.247199999168515 ], [ 78950.762100000865757, 3206748.121500000357628 ], [ 78733.440700000151992, 3206528.11710000038147 ], [ 78406.116999998688698, 3206165.914599997922778 ], [ 78051.963500001467764, 3205771.5164 ], [ 77679.029199999757111, 3205393.216099999845028 ], [ 77536.831199999898672, 3205221.505300002172589 ], [ 77314.143700000829995, 3205025.647699998691678 ], [ 77247.069199999794364, 3204961.25620000064373 ], [ 77222.922399999573827, 3204880.766800001263618 ], [ 77209.507500001229346, 3204792.228399999439716 ], [ 77279.265000000596046, 3204486.368599999696016 ], [ 77322.192699998617172, 3203984.651100002229214 ], [ 77373.169300001114607, 3203482.933700002729893 ], [ 77390.595800002105534, 3203344.218500003218651 ] ] ] } },
{ "type": "Feature", "properties": { "IMIS_CODE": "31130000010001000", "PARENT_CHA": "Khanbela Disty", "REMARKS": null, "ZONE_NAME": "Bahawalpur", "CIRCLE_NAM": "Rahimyar Khan", "CHANNEL_NA": "Duphli Minor", "CHANNEL_TY": "M", "DESIGNED_D": 23.0 }, "geometry": { "type": "MultiLineString", "coordinates": [ [ [ 87214.689900000579655, 3218026.7939 ], [ 87177.626700000837445, 3217985.097800001502037 ], [ 87108.133100001141429, 3217957.300400003790855 ], [ 87061.804100001230836, 3217952.667500000447035 ], [ 86996.943500000983477, 3217980.464900001883507 ], [ 86765.298499999567866, 3218054.591300001367927 ], [ 86575.349600001238286, 3218156.515200002118945 ], [ 86473.425700001418591, 3218212.110000001266599 ], [ 86385.400600000284612, 3218253.806099999696016 ], [ 86121.325300000607967, 3218364.995699999853969 ], [ 85931.376400002278388, 3218397.426000000908971 ], [ 85787.756400000303984, 3218420.590499999001622 ], [ 85551.478500000201166, 3218388.160199999809265 ], [ 85444.921799999661744, 3218351.096999999135733 ], [ 85208.643800000660121, 3218332.565400004386902 ], [ 85027.96070000063628, 3218272.3377 ], [ 84926.03690000064671, 3218272.3377 ], [ 84847.277599999681115, 3218249.173200001940131 ], [ 84694.391900001093745, 3218114.819100003689528 ], [ 84499.809999998658895, 3217952.667500000447035 ], [ 84397.886199999600649, 3217795.148900002241135 ], [ 84291.329500000923872, 3217382.820700000971556 ], [ 84217.203099998645484, 3217146.54280000180006 ], [ 84106.0135000012815, 3216938.062300004065037 ], [ 84031.887099999934435, 3216850.037200001999736 ], [ 83925.330300000496209, 3216762.012000003829598 ], [ 83855.836799999698997, 3216678.619800001382828 ], [ 83772.444600000046194, 3216446.9748 ], [ 83684.41950000077486, 3216335.785199999809265 ], [ 83526.900899999774992, 3216076.342700002714992 ], [ 83332.319000001996756, 3215673.280400002375245 ], [ 83049.712100001983345, 3214987.611100003123283 ], [ 82943.1554000005126, 3214737.434400003403425 ], [ 82516.928500001318753, 3213732.095000000670552 ], [ 82345.511200001463294, 3213315.133899999782443 ], [ 82317.713800000958145, 3213129.817900002002716 ], [ 82308.448000000789762, 3212953.767600001767278 ], [ 82229.688700000755489, 3212777.717399999499321 ] ] ] } },
{ "type": "Feature", "properties": { "IMIS_CODE": "31130000010002000", "PARENT_CHA": "Khanbela Disty", "REMARKS": null, "ZONE_NAME": "Bahawalpur", "CIRCLE_NAM": "Rahimyar Khan", "CHANNEL_NA": "Gabar Minor", "CHANNEL_TY": "M", "DESIGNED_D": 17.0 }, "geometry": { "type": "MultiLineString", "coordinates": [ [ [ 81720.049600001424551, 3210391.459000000730157 ], [ 81747.867000001482666, 3210257.419400000944734 ], [ 81780.2972999997437, 3209886.787400001659989 ], [ 81840.525000001303852, 3209534.686900001019239 ], [ 81849.491000001318753, 3209487.692700002342463 ], [ 81974.879099999554455, 3208830.485999999567866 ], [ 81986.939400001429021, 3208753.48589999973774 ], [ 82016.649400001391768, 3208563.798499999567866 ], [ 82035.106800000183284, 3208445.955200001597404 ], [ 82104.600399999879301, 3207959.500700000673532 ], [ 82107.057500001043081, 3207948.443700002506375 ], [ 82123.131999999284744, 3207876.108399998396635 ], [ 82155.562300000339746, 3207792.7162000015378 ], [ 82165.49170000012964, 3207659.662100000306964 ], [ 82178.726800001226366, 3207482.311900001019239 ], [ 82146.296500001102686, 3207334.0591000020504 ], [ 82081.435800000093877, 3207069.983700001612306 ], [ 82007.309400000609457, 3206796.642600001767278 ], [ 81932.350999998860061, 3206622.859200002625585 ], [ 81859.87190000154078, 3206454.824100002646446 ], [ 81823.151600001379848, 3206369.691799998283386 ], [ 81794.485600000247359, 3206286.299600001424551 ], [ 81648.549200000241399, 3205759.886300003156066 ], [ 81554.732900000177324, 3205470.619500001892447 ], [ 81530.319500001147389, 3205399.982599999755621 ], [ 81484.587400000542402, 3205267.662699999287724 ], [ 81472.110299999825656, 3205231.561899999156594 ], [ 81514.016800000332296, 3205042.982699999585748 ], [ 81526.564899999648333, 3204958.282600000500679 ], [ 81526.638200000859797, 3204957.78800000064075 ] ] ] } },
{ "type": "Feature", "properties": { "IMIS_CODE": "31130000011000000", "PARENT_CHA": "Punjnad Main Line", "REMARKS": null, "ZONE_NAME": "Bahawalpur", "CIRCLE_NAM": "Rahimyar Khan", "CHANNEL_NA": "Unran Disty", "CHANNEL_TY": "D", "DESIGNED_D": 48.0 }, "geometry": { "type": "MultiLineString", "coordinates": [ [ [ 82402.559899999760091, 3217504.06980000063777 ], [ 82296.598900000564754, 3217611.738999998196959 ], [ 82246.884300000965595, 3217680.57459999807179 ], [ 82189.521200000308454, 3217714.992400001734495 ], [ 82158.927600001916289, 3217764.707000000402331 ], [ 82155.103400000371039, 3217829.718400001525879 ], [ 81906.530300000682473, 3218089.764200001955032 ], [ 81753.562300001271069, 3218235.083800001069903 ], [ 81688.550800001248717, 3218284.79839999973774 ], [ 81635.012000001035631, 3218296.271000001579523 ], [ 81577.649000001139939, 3218296.271000001579523 ], [ 81466.747100001201034, 3218258.02900000102818 ], [ 80935.183100000023842, 3218082.11570000089705 ], [ 80591.005000000819564, 3217948.268699999898672 ], [ 80457.157900001853704, 3217790.63990000076592 ], [ 80371.113400000147521, 3217687.386399999260902 ], [ 80239.895500000566244, 3217558.319599999114871 ], [ 80100.073099999688566, 3217396.986099999397993 ], [ 79895.717300000600517, 3217209.839300001040101 ], [ 79680.605999999679625, 3217011.936800001189113 ], [ 79560.143700000829995, 3216889.323400003835559 ], [ 79248.232200000435114, 3216577.41190000064671 ], [ 79033.120900001376867, 3216355.847300000488758 ], [ 78869.636300001293421, 3216248.291600003838539 ], [ 78609.351500000804663, 3216076.202500002458692 ], [ 78383.484600001014769, 3215908.415699999779463 ], [ 78232.906700000166893, 3215759.988900003954768 ], [ 78052.213200001046062, 3215538.424200003966689 ], [ 77976.924200000241399, 3215398.601800002157688 ], [ 77874.387800000607967, 3215188.868300002068281 ], [ 77814.156600001268089, 3215022.515500001609325 ], [ 77561.759300000034273, 3214876.239800002425909 ], [ 77231.921900000423193, 3214709.887000003829598 ], [ 76795.963000001385808, 3214494.775699999183416 ], [ 76397.290000000968575, 3214185.0153 ], [ 76055.980000001378357, 3213909.672800000756979 ], [ 75823.659700000658631, 3213708.90230000205338 ], [ 75591.339500000700355, 3213611.385100001469254 ], [ 75502.426799999549985, 3213551.153900003060699 ], [ 75330.337700000032783, 3213436.42790000140667 ], [ 75281.579199999570847, 3213381.933000003919005 ], [ 75149.644200001843274, 3213181.162400001659989 ], [ 75092.281200001947582, 3213095.117900002747774 ], [ 74641.981399999931455, 3212332.1897 ], [ 74498.573900000192225, 3212097.001299999654293 ], [ 74444.113400000147521, 3211734.566800000146031 ], [ 74396.634400000795722, 3211429.910200003534555 ], [ 74383.929100002162158, 3211218.894400000572205 ] ] ] } },
{ "type": "Feature", "properties": { "IMIS_CODE": "31130000012000000", "PARENT_CHA": "Punjnad Main Line", "REMARKS": null, "ZONE_NAME": "Bahawalpur", "CIRCLE_NAM": "Rahimyar Khan", "CHANNEL_NA": "Shedani Disty", "CHANNEL_TY": "D", "DESIGNED_D": 41.0 }, "geometry": { "type": "MultiLineString", "coordinates": [ [ [ 82402.559899999760091, 3217504.06980000063777 ], [ 82412.952500000596046, 3217454.488700000569224 ], [ 82299.469600000418723, 3217327.654799999669194 ], [ 81965.696100001223385, 3216990.54360000230372 ], [ 81838.862200001254678, 3216853.69649999961257 ], [ 81515.101999999955297, 3216526.598600000143051 ], [ 81011.104199999943376, 3216025.938400004059076 ], [ 80987.740000000223517, 3215922.468700001016259 ], [ 80867.581600000150502, 3215652.112199999392033 ], [ 80817.515599998645484, 3215525.278300002217293 ], [ 80767.449600000865757, 3215408.457600003108382 ], [ 80623.927000000141561, 3215061.333300003781915 ], [ 80577.198700000531971, 3214904.459799999371171 ], [ 80490.417600000277162, 3214570.686300000175834 ], [ 80437.013900000602007, 3214403.799599999561906 ], [ 80416.987500001676381, 3214330.369500003755093 ], [ 80380.272400001063943, 3214146.794099999591708 ], [ 80290.153599999845028, 3213963.218700001016259 ], [ 80093.227199998684227, 3213539.326500000432134 ], [ 79866.261300000362098, 3213055.35500000230968 ], [ 79762.791600000113249, 3212841.740000002086163 ], [ 79569.20299999974668, 3212497.953400000929832 ], [ 79529.150200000964105, 3212421.185499999672174 ], [ 79565.865199999883771, 3212314.378000000491738 ], [ 79565.865199999883771, 3212230.93469999730587 ], [ 79549.176599999889731, 3212070.723400000482798 ], [ 79552.514300000853837, 3211890.4858 ], [ 79549.176599999889731, 3211746.963200001046062 ], [ 79559.189799999818206, 3211630.1425 ], [ 79532.48790000192821, 3211439.891600001603365 ], [ 79502.448300000280142, 3211396.501100001856685 ], [ 79449.044499999843538, 3211336.421900004148483 ], [ 79365.601200001314282, 3211126.144600000232458 ], [ 79288.833300000056624, 3211109.456000000238419 ], [ 79128.622100000269711, 3211102.780499998480082 ], [ 79018.476800000295043, 3211056.052199998870492 ], [ 78921.682500000111759, 3211012.661699999123812 ], [ 78858.265600001439452, 3210942.569200001657009 ], [ 78788.173200001008809, 3210835.7618000023067 ], [ 78604.597799999639392, 3210578.756200002506375 ], [ 78541.180800000205636, 3210515.339299999177456 ], [ 78467.750700000673532, 3210481.961900003254414 ], [ 78307.53940000012517, 3210438.571400003507733 ], [ 78207.407400000840425, 3210395.180800000205636 ], [ 78050.533900000154972, 3210271.684700002893806 ], [ 77997.130200000479817, 3210188.24129999987781 ], [ 77850.269899999722838, 3209894.520700002089143 ], [ 77750.137799999676645, 3209734.309499999508262 ], [ 77680.045400001108646, 3209607.475600002333522 ], [ 77606.61530000064522, 3209514.019000003114343 ], [ 77516.496399999596179, 3209420.562400002032518 ], [ 77453.079500000923872, 3209347.132300002500415 ], [ 77393.000300000421703, 3209263.68889999948442 ], [ 77366.29839999973774, 3209226.973900001496077 ], [ 77359.622900001704693, 3209196.934299999848008 ], [ 77416.364400000311434, 3209116.828600002452731 ], [ 77426.377600000239909, 3209036.723000001162291 ], [ 77416.364400000311434, 3208973.306100001558661 ], [ 77406.351200001314282, 3208949.941900003701448 ], [ 77463.092699999921024, 3208879.849500002339482 ], [ 77489.794600000604987, 3208806.419400000944734 ], [ 77519.834200002253056, 3208706.287300001829863 ], [ 77513.398199999704957, 3208540.304500000551343 ] ] ] } },
{ "type": "Feature", "properties": { "IMIS_CODE": "31130000013000000", "PARENT_CHA": "Punjnad Main Line", "REMARKS": null, "ZONE_NAME": "Bahawalpur", "CIRCLE_NAM": "Rahimyar Khan", "CHANNEL_NA": "Chachran Disty", "CHANNEL_TY": "D", "DESIGNED_D": 80.0 }, "geometry": { "type": "MultiLineString", "coordinates": [ [ [ 74701.524100000038743, 3209688.618600001558661 ], [ 74607.738599999807775, 3209649.13400000333786 ], [ 74461.328700002282858, 3209552.44820000231266 ], [ 74290.056800000369549, 3209475.099600000306964 ], [ 73972.374900000169873, 3209336.977 ], [ 73604.969000000506639, 3209176.754900000989437 ], [ 73497.233400001190603, 3209135.31810000166297 ], [ 73361.873300000093877, 3209132.555700002238154 ], [ 73198.888700000941753, 3209151.892800001427531 ], [ 73030.379200001247227, 3209168.467500001192093 ], [ 72828.720300000160933, 3209171.230000004172325 ], [ 72284.517500000074506, 3209240.291300004348159 ], [ 71419.870400001294911, 3209339.739499999210238 ], [ 70914.34190000128001, 3209394.988500004634261 ], [ 70516.548899999819696, 3209406.03830000013113 ], [ 70389.47620000038296, 3209356.31420000270009 ], [ 70290.027999999932945, 3209336.977 ], [ 69038.637700000777841, 3209063.494400002062321 ], [ 68024.818300000391901, 3208845.260800000280142 ], [ 67146.358900000341237, 3208649.126800000667572 ], [ 67035.860900001600385, 3208513.766699999570847 ], [ 66801.052600000053644, 3208173.985200000926852 ], [ 66731.99129999987781, 3207961.276500001549721 ], [ 66660.167600000277162, 3207809.341700000688434 ], [ 66243.037499999627471, 3207624.257500002160668 ], [ 65372.865500001236796, 3207127.0164 ], [ 64729.214399999007583, 3206720.93610000051558 ], [ 64568.992300000973046, 3206430.878799999132752 ], [ 64201.586300000548363, 3205848.001599997282028 ], [ 63861.804900000803173, 3205259.599600002169609 ], [ 63593.847099999897182, 3204759.596000000834465 ], [ 63419.812699999660254, 3204486.113399999216199 ], [ 63198.816700000315905, 3204168.431500002741814 ], [ 63118.705599999986589, 3204107.657600000500679 ], [ 62983.345500000752509, 3204033.071400001645088 ], [ 62259.583400001749396, 3203690.527499999850988 ], [ 61798.254099999554455, 3203466.768999999389052 ], [ 61621.457200000062585, 3203403.232600001618266 ], [ 61428.085700001567602, 3203345.221200002357364 ], [ 60701.561099999584258, 3203121.462700001895428 ], [ 60514.079100001603365, 3203059.614299999549985 ], [ 60379.91230000089854, 3202893.440500002354383 ], [ 60277.314199999906123, 3202780.319499999284744 ], [ 60156.301099999807775, 3202677.721400002017617 ], [ 60040.549399999901652, 3202627.737700000405312 ], [ 59893.229100001044571, 3202564.600400002673268 ], [ 59764.323800001293421, 3202514.616800000891089 ], [ 59543.343299998901784, 3202456.740900000557303 ], [ 59372.346400001086295, 3202446.218000002205372 ], [ 59259.22550000064075, 3202419.910800002515316 ], [ 58891.057300000451505, 3202167.168300002813339 ] ] ] } },
{ "type": "Feature", "properties": { "IMIS_CODE": "31130000013001000", "PARENT_CHA": "Chachran Disty", "REMARKS": null, "ZONE_NAME": "Bahawalpur", "CIRCLE_NAM": "Rahimyar Khan", "CHANNEL_NA": "Smoka Minor", "CHANNEL_TY": "M", "DESIGNED_D": 29.0 }, "geometry": { "type": "MultiLineString", "coordinates": [ [ [ 70389.47620000038296, 3209356.31420000270009 ], [ 70321.153699999675155, 3209244.623500002548099 ], [ 70092.872800000011921, 3208996.050900001078844 ], [ 69966.050100000575185, 3208828.644900003448129 ], [ 69869.664800000376999, 3208686.603400001302361 ], [ 69773.279500000178814, 3208595.291000001132488 ], [ 69408.03000000026077, 3208148.875000001862645 ], [ 68951.468100001104176, 3207611.146500002592802 ], [ 68408.666800000704825, 3206946.5954 ], [ 68317.354399999603629, 3206875.5746 ], [ 68215.896200000308454, 3206743.679000001400709 ], [ 67855.719600001350045, 3206241.460900001227856 ], [ 67657.87609999999404, 3206038.544500002637506 ], [ 67581.78249999973923, 3205982.742500001564622 ], [ 66891.866799999959767, 3205764.607400003820658 ], [ 65662.105899999849498, 3204603.438699999824166 ] ] ] } },
{ "type": "Feature", "properties": { "IMIS_CODE": "31130000014000000", "PARENT_CHA": "Punjnad Main Line", "REMARKS": null, "ZONE_NAME": "Bahawalpur", "CIRCLE_NAM": "Rahimyar Khan", "CHANNEL_NA": "Raj Disty", "CHANNEL_TY": "D", "DESIGNED_D": 67.0 }, "geometry": { "type": "MultiLineString", "coordinates": [ [ [ 68967.882399999536574, 3204758.210900001227856 ], [ 68980.35329999960959, 3204698.499299999326468 ], [ 68991.193800000473857, 3204646.594499999657273 ], [ 69012.652500000782311, 3204487.80010000243783 ], [ 69002.90400000102818, 3204393.565500002354383 ], [ 68999.777200002223253, 3204363.339600000530481 ], [ 68961.151600000448525, 3204243.170900002121925 ], [ 68907.469600000418723, 3204085.679500002413988 ], [ 68890.385400000028312, 3204035.5581 ], [ 68860.675500000827014, 3203903.985900001600385 ], [ 68807.025299999862909, 3203734.093599999323487 ], [ 68733.347599999979138, 3203500.780899999663234 ], [ 68682.416500002145767, 3203173.97270000167191 ], [ 68673.423799999989569, 3203145.7956000007689 ], [ 68618.752500002272427, 3202974.492300001904368 ], [ 68608.462100001983345, 3202881.878200003877282 ], [ 68601.775500002317131, 3202821.698899999260902 ], [ 68567.91469999961555, 3202283.312300002202392 ], [ 68559.332799999974668, 3202146.860999999567866 ], [ 68546.599999999627471, 3202036.510200001299381 ], [ 68528.848200000822544, 3201945.020300000905991 ], [ 68436.249200000427663, 3201467.778899999335408 ], [ 68406.53940000012517, 3201183.413300001993775 ], [ 68414.144600000232458, 3201105.840500002726912 ], [ 68414.193400000222027, 3201105.34290000423789 ], [ 68427.760700000450015, 3200966.955900000408292 ], [ 68415.027900000102818, 3200737.765699999406934 ], [ 68408.022599999792874, 3200627.081299999728799 ], [ 68393.806599999777973, 3200402.468900000676513 ], [ 68366.524800001643598, 3200190.2774 ], [ 68355.608200000599027, 3200105.370500003919005 ], [ 68278.111600000411272, 3199848.408000001683831 ], [ 68274.96720000077039, 3199837.981900000944734 ], [ 68088.219600000418723, 3199392.334300000220537 ], [ 68022.398400000296533, 3199279.168099999427795 ], [ 68014.856800001114607, 3199266.201800001785159 ], [ 67846.29660000000149, 3198976.396500004455447 ], [ 67635.647699999623001, 3198677.41100000217557 ], [ 67618.369099999777973, 3198652.886500000953674 ], [ 67583.152300000190735, 3198602.9013 ], [ 67519.488400002010167, 3198454.352099999785423 ], [ 67455.824400002136827, 3198246.383200002834201 ], [ 67400.649000001139939, 3198148.7652000002563 ], [ 67324.252299998886883, 3198097.834000002592802 ], [ 67236.003399999812245, 3198066.064400000497699 ], [ 67218.14570000115782, 3198059.635600002482533 ], [ 67192.680100000463426, 3198021.437300000339746 ], [ 67095.062100000679493, 3197809.224099999293685 ], [ 66990.94440000038594, 3197487.110300000756979 ], [ 66990.021800000220537, 3197484.255799999460578 ], [ 66959.245600000955164, 3197389.042099999263883 ], [ 66921.047300001606345, 3197316.889599999412894 ], [ 66870.116100002080202, 3197287.179800003767014 ], [ 66819.185000001452863, 3197198.050200000405312 ], [ 66785.230900000780821, 3197096.187900001183152 ], [ 66780.986600000411272, 3196994.3256 ], [ 66780.986600000411272, 3196947.638700000941753 ], [ 66708.834100000560284, 3196807.57799999974668 ], [ 66667.962800000794232, 3196737.512900002300739 ], [ 66589.994699999690056, 3196603.853399999439716 ], [ 66533.354300000704825, 3196554.293100001290441 ], [ 66488.132399999536574, 3196514.723900001496077 ], [ 66148.1139000011608, 3196283.997000001370907 ], [ 66131.614300000481308, 3196272.800899999216199 ], [ 65957.599500000476837, 3196132.740200003609061 ], [ 65946.130199999548495, 3196117.994000000879169 ], [ 65944.288399999961257, 3196115.625900002196431 ], [ 65898.17989999987185, 3196056.343499999493361 ], [ 65783.584800002165139, 3195950.236900001764297 ], [ 65685.966700001619756, 3195865.351600000634789 ], [ 65596.837199999950826, 3195818.664700001478195 ], [ 65524.684700000099838, 3195750.75650000013411 ], [ 65464.353600000031292, 3195705.10050000064075 ], [ 65436.44440000038594, 3195683.980000004172325 ], [ 65367.647000000812113, 3195631.917100001126528 ], [ 65287.006000000983477, 3195559.764700001105666 ], [ 65087.525600001215935, 3195474.879400001838803 ], [ 64951.956699999980628, 3195398.253500001505017 ], [ 64942.380499999970198, 3195392.840900000184774 ], [ 64892.289500000886619, 3195364.528599997982383 ], [ 64629.145200002007186, 3195148.07120000384748 ], [ 64594.840599999763072, 3195126.1162 ], [ 64523.038600001484156, 3195080.162900002673268 ], [ 64463.618899999186397, 3195029.231799999251962 ], [ 64412.687800001353025, 3194986.789200004190207 ], [ 64315.069700000807643, 3194965.567800002172589 ], [ 64072.48380000051111, 3194860.66579999960959 ], [ 63843.956500001251698, 3194761.843200001865625 ], [ 63513.731800000183284, 3194592.70380000397563 ], [ 63495.926900002174079, 3194583.584200004115701 ], [ 63325.289700000546873, 3194481.201899999752641 ], [ 63244.685400001704693, 3194432.839300001040101 ], [ 63220.049800000153482, 3194418.057900000363588 ], [ 63161.670400001108646, 3194388.868200002238154 ], [ 62902.286500000394881, 3194259.17620000243187 ], [ 62574.921800000593066, 3194095.493899997323751 ], [ 62548.328600000590086, 3194081.619200004264712 ], [ 62282.06770000141114, 3193942.700400000438094 ], [ 62229.568500000052154, 3193914.322499999776483 ], [ 62125.03000000026077, 3193857.815199999138713 ], [ 62069.854500000365078, 3193819.616800002753735 ], [ 62040.144700000062585, 3193772.92989999987185 ], [ 62014.679100001230836, 3193713.510200001299381 ], [ 61946.770899999886751, 3193535.251200001686811 ], [ 61810.954500000923872, 3193323.03800000064075 ], [ 61726.069200001657009, 3193127.801900003105402 ], [ 61685.891999999992549, 3193028.847899999469519 ], [ 61682.677600001916289, 3193025.454900000244379 ], [ 61682.333700001239777, 3193025.091899998486042 ] ] ] } },
{ "type": "Feature", "properties": { "IMIS_CODE": "31130000015000000", "PARENT_CHA": "Punjnad Main Line", "REMARKS": null, "ZONE_NAME": "Bahawalpur", "CIRCLE_NAM": "Rahimyar Khan", "CHANNEL_NA": "Rahim Disty", "CHANNEL_TY": "D", "DESIGNED_D": 93.0 }, "geometry": { "type": "MultiLineString", "coordinates": [ [ [ 68947.347699999809265, 3204749.410300001502037 ], [ 68961.693100000731647, 3204618.629400003701448 ], [ 68888.003399999812245, 3204554.859400002285838 ], [ 67698.003600000403821, 3203479.7018 ], [ 67441.488599999807775, 3203247.94200000166893 ], [ 67101.769900001585484, 3203263.153300004079938 ], [ 66873.60050000064075, 3203278.36460000090301 ], [ 66645.431200001388788, 3203313.857600001618266 ], [ 65560.359299999661744, 3202969.068399999290705 ], [ 64911.344400000758469, 3202756.110400002449751 ], [ 64754.161000000312924, 3202714.521999999880791 ], [ 63319.984699999913573, 3201893.220400001853704 ], [ 62066.94130000192672, 3201161.244499998167157 ], [ 61293.044999999925494, 3200710.469900000840425 ], [ 61250.925500000827014, 3200638.727099999785423 ], [ 61188.976999999955297, 3200559.43300000205636 ], [ 61184.021200002171099, 3200482.616900000721216 ], [ 61188.976999999955297, 3200353.764100002124906 ], [ 61149.330000001005828, 3200254.646500002592802 ], [ 61084.903599999845028, 3200172.874500000849366 ], [ 61020.477200000546873, 3200076.234899999573827 ], [ 61000.653699999675155, 3200034.109899999573827 ], [ 60995.697800001129508, 3199959.771700002253056 ], [ 60899.058100000955164, 3199275.860500000417233 ], [ 60848.673400000669062, 3198799.683199999853969 ], [ 60848.673400000669062, 3198710.477400003001094 ], [ 60871.800800001248717, 3198621.271500002592802 ], [ 60921.359600001014769, 3198535.369600001722574 ], [ 60964.310499999672174, 3198465.987299997359514 ], [ 60970.064199999906123, 3198452.311400001868606 ], [ 60975.103099999949336, 3198438.3564000017941 ], [ 60979.41399999987334, 3198424.159600004553795 ], [ 60982.98519999999553, 3198409.758800001814961 ], [ 60985.807099999859929, 3198395.192800000309944 ], [ 60987.872399999760091, 3198380.500300003215671 ], [ 60989.175300000235438, 3198365.72070000320673 ], [ 60989.71239999961108, 3198350.893500003963709 ], [ 60989.48240000102669, 3198336.058399999514222 ], [ 60988.485700001008809, 3198321.254999998956919 ], [ 60986.725200002081692, 3198306.522900002077222 ], [ 60984.205400000326335, 3198291.901500003412366 ], [ 60980.933100000023842, 3198277.429900001734495 ], [ 60976.917200001887977, 3198263.1469 ], [ 60972.168200000189245, 3198249.090500000864267 ], [ 60966.698900001123548, 3198235.298400001600385 ], [ 60960.524000000208616, 3198221.807500001043081 ], [ 60953.659900000318885, 3198208.653900001198053 ], [ 60946.125, 3198195.872700002044439 ], [ 60937.939500000327826, 3198183.497999999672174 ], [ 60929.125200001522899, 3198171.563100002706051 ], [ 60919.705700000748038, 3198160.099800001829863 ], [ 60909.706299999728799, 3198149.138700000941753 ], [ 60899.153599999845028, 3198138.709300000220537 ], [ 60888.075800001621246, 3198128.839199999347329 ], [ 60876.502600001171231, 3198119.555099999532104 ], [ 60864.464999999850988, 3198110.881600003689528 ], [ 60851.995000000111759, 3198102.842000000178814 ], [ 60839.126200000755489, 3198095.457800002768636 ], [ 60825.892800000496209, 3198088.748700002208352 ], [ 60812.330300001427531, 3198082.732700001448393 ], [ 60680.173499999567866, 3197986.919099999591708 ], [ 60637.222600000910461, 3197947.272100003436208 ], [ 60630.614699999801815, 3197907.625000001862645 ], [ 60650.438200000673532, 3197791.987900003790855 ], [ 60666.957800001837313, 3197676.350700000301003 ], [ 60676.869599999859929, 3197524.370400000363588 ], [ 60624.00690000038594, 3197352.566600002348423 ], [ 60399.340400000102818, 3196599.273100001737475 ], [ 60247.360100000165403, 3196083.861700003966689 ], [ 60194.497400000691414, 3195978.136299999430776 ], [ 60009.477900002151728, 3195198.411400001496077 ], [ 59804.635000000707805, 3194402.166899999603629 ], [ 59632.831200000829995, 3193698.432199999690056 ], [ 59540.321400000713766, 3193315.177600001916289 ], [ 59391.645099999383092, 3192713.86430000141263 ], [ 59332.174500001594424, 3192469.374300001189113 ], [ 59242.968700000084937, 3192099.335400002077222 ], [ 59048.037499999627471, 3191316.306600000709295 ], [ 58925.792500001378357, 3190827.326500000432134 ], [ 58902.665100000798702, 3190721.601099999621511 ], [ 59094.292399998754263, 3189922.052699999883771 ], [ 59124.027599999681115, 3189740.337200000882149 ], [ 59183.498200000263751, 3189439.680500002577901 ], [ 59249.576600001193583, 3189066.337700003758073 ], [ 59259.488300001248717, 3188967.220100002363324 ], [ 59226.449099999852479, 3188785.504600001499057 ], [ 59180.194300000555813, 3188597.181199999526143 ], [ 59094.292399998754263, 3188385.730399999767542 ], [ 59031.517900000326335, 3188253.573599999770522 ], [ 58760.596500000916421, 3188048.730599999427795 ], [ 58687.910300000570714, 3187982.652200000360608 ] ] ] } },
{ "type": "Feature", "properties": { "IMIS_CODE": "31130000015001000", "PARENT_CHA": "Rahim Disty", "REMARKS": null, "ZONE_NAME": "Bahawalpur", "CIRCLE_NAM": "Rahimyar Khan", "CHANNEL_NA": "Ghous Minor", "CHANNEL_TY": "M", "DESIGNED_D": 23.0 }, "geometry": { "type": "MultiLineString", "coordinates": [ [ [ 67698.003600000403821, 3203479.7018 ], [ 67763.392100000753999, 3203376.705 ], [ 67766.776300000026822, 3203371.374400001019239 ], [ 67718.884000000543892, 3203312.597500002011657 ], [ 67651.306200001388788, 3203254.885100001469254 ], [ 67420.645600000396371, 3203057.89750000461936 ], [ 67161.59180000051856, 3202842.382200002670288 ], [ 67081.045699999667704, 3202685.643700001761317 ], [ 66998.322600000537932, 3202369.989900000393391 ], [ 66887.299600000493228, 3202150.120799999684095 ], [ 66796.099900001659989, 3202004.473600000143051 ], [ 66741.445700000040233, 3201917.190000001341105 ], [ 66555.197900000028312, 3201763.717000002041459 ], [ 66518.760600000619888, 3201743.474000001326203 ], [ 66485.536399999633431, 3201725.016100000590086 ], [ 66384.914200001396239, 3201647.614399999380112 ], [ 66361.402300000190735, 3201621.627600001171231 ], [ 66311.38260000012815, 3201566.342599999159575 ], [ 66226.24070000089705, 3201465.720400001853704 ], [ 66168.189399999566376, 3201368.968300001695752 ], [ 66159.952899999916553, 3201356.315600000321865 ], [ 66151.104399999603629, 3201344.083000002428889 ], [ 66141.665300000458956, 3201332.300200002267957 ], [ 66131.658400001004338, 3201320.9956 ], [ 66121.108000000938773, 3201310.196500001475215 ], [ 66110.039499999955297, 3201299.929099999368191 ], [ 66098.479600000195205, 3201290.2182 ], [ 66086.456500000320375, 3201281.087200002744794 ], [ 66073.999000001698732, 3201272.558300001546741 ], [ 66061.137300001457334, 3201264.652000004425645 ], [ 66047.902599998749793, 3201257.387500001117587 ], [ 66034.326799999922514, 3201250.782300001010299 ], [ 66020.442700000479817, 3201244.852399999275804 ], [ 66006.283900002017617, 3201239.612099999561906 ], [ 65991.884600000455976, 3201235.074200002476573 ], [ 65977.27970000077039, 3201231.249500000849366 ], [ 65962.504500000737607, 3201228.147299999371171 ], [ 65947.594600000418723, 3201225.775200001895428 ], [ 65936.71889999974519, 3201225.427300000563264 ], [ 65925.893400000408292, 3201224.3278 ], [ 65915.169899999164045, 3201222.481899999082088 ], [ 65904.59980000089854, 3201219.898500001057982 ], [ 65894.233800001442432, 3201216.589900001883507 ], [ 65884.121599999256432, 3201212.571999998763204 ], [ 65874.31150000076741, 3201207.864100001752377 ], [ 65873.544800001196563, 3201207.428500002250075 ], [ 65864.850800001062453, 3201202.488800002261996 ], [ 65855.784600000828505, 3201196.471700001507998 ], [ 65847.156400000676513, 3201189.841800002381206 ], [ 65839.007700000889599, 3201182.630799999460578 ], [ 65831.377400001510978, 3201174.873199999332428 ], [ 65824.302099999971688, 3201166.6064000017941 ], [ 65817.815799999982119, 3201157.869800001382828 ], [ 65811.949500001966953, 3201148.705299999564886 ], [ 65806.731300000101328, 3201139.156899999827147 ], [ 65802.186300000175834, 3201129.270400000736117 ], [ 65798.336199999786913, 3201119.093100000172853 ], [ 65795.199500001035631, 3201108.673800004646182 ], [ 65792.791200000792742, 3201098.062400003895164 ], [ 65778.278400001116097, 3200956.320500003173947 ], [ 65743.447600001469254, 3200883.756400000303984 ], [ 65699.909200000576675, 3200843.120500000193715 ], [ 65650.565600000321865, 3200776.361600004136562 ], [ 65609.929700001142919, 3200712.505200000479817 ], [ 65572.196399999782443, 3200657.356500003486872 ], [ 65557.274400000460446, 3200636.838800001889467 ], [ 65556.980300000868738, 3200636.43440000154078 ], [ 65525.755300002172589, 3200593.500099999830127 ], [ 65328.381000000983477, 3200329.366800000891089 ], [ 65218.083600000478327, 3200161.018100000917912 ], [ 65133.909200000576675, 3200027.500200001522899 ], [ 65089.107600000686944, 3199992.1305 ], [ 65088.322700001299381, 3199991.510900001972914 ], [ 64969.805499999783933, 3199897.944600000977516 ], [ 64968.463100001215935, 3199896.884800001978874 ], [ 64469.222200000658631, 3199551.479700000956655 ], [ 64402.483600000850856, 3199506.987400000914931 ], [ 64351.728600000031292, 3199473.150699999183416 ], [ 64329.899100000038743, 3199458.597700003534555 ], [ 64263.140200001187623, 3199400.546400001272559 ], [ 64147.03760000038892, 3199348.300300000235438 ], [ 63996.104300000704825, 3199232.197700001299381 ], [ 63803.088100001215935, 3199115.490200001746416 ], [ 63746.483799999579787, 3199081.264400001615286 ], [ 63473.642900002188981, 3198886.792700001969934 ], [ 63323.13780000153929, 3198777.846400002017617 ], [ 63322.732699999585748, 3198777.553200002759695 ], [ 63322.327700001187623, 3198777.2601000033319 ] ] ] } },
{ "type": "Feature", "properties": { "IMIS_CODE": "31130000015002000", "PARENT_CHA": "Rahim Disty", "REMARKS": null, "ZONE_NAME": "Bahawalpur", "CIRCLE_NAM": "Rahimyar Khan", "CHANNEL_NA": "Qabool Minor", "CHANNEL_TY": "M", "DESIGNED_D": 5.0 }, "geometry": { "type": "MultiLineString", "coordinates": [ [ [ 58902.665100000798702, 3190721.601099999621511 ], [ 57934.076600001193583, 3190717.164200002327561 ], [ 57275.204300001263618, 3190733.915200002491474 ], [ 57061.369199998676777, 3190750.292600002139807 ], [ 56923.332600001245737, 3190744.65850000269711 ] ] ] } },
{ "type": "Feature", "properties": { "IMIS_CODE": "31130000016000000", "PARENT_CHA": "Punjnad Main Line", "REMARKS": null, "ZONE_NAME": "Bahawalpur", "CIRCLE_NAM": "Rahimyar Khan", "CHANNEL_NA": "Hamid Disty", "CHANNEL_TY": "D", "DESIGNED_D": 29.0 }, "geometry": { "type": "MultiLineString", "coordinates": [ [ [ 58649.426000000908971, 3199017.001800000667572 ], [ 58268.733500001952052, 3199188.18720000050962 ], [ 57576.507600001059473, 3199521.615399997681379 ], [ 57181.467700000852346, 3199713.699000000953674 ], [ 56605.21680000051856, 3199985.51549999974668 ], [ 56061.583900001831353, 3200228.338199999183416 ], [ 55992.723699999973178, 3200250.083499999716878 ], [ 55945.608900000341237, 3200250.083499999716878 ], [ 55912.990900000557303, 3200235.5866 ], [ 55865.876100000925362, 3200181.223300000652671 ], [ 55507.078300000168383, 3199684.705299999564886 ], [ 55179.824699999764562, 3199539.803600000217557 ] ] ] } },
{ "type": "Feature", "properties": { "IMIS_CODE": "31130000017000000", "PARENT_CHA": "Punjnad Main Line", "REMARKS": null, "ZONE_NAME": "Bahawalpur", "CIRCLE_NAM": "Rahimyar Khan", "CHANNEL_NA": "Mehmood Disty", "CHANNEL_TY": "D", "DESIGNED_D": 47.0 }, "geometry": { "type": "MultiLineString", "coordinates": [ [ [ 58649.426000000908971, 3199017.001800000667572 ], [ 58652.341500000096858, 3198971.094300001859665 ], [ 58652.708399999886751, 3198965.317099999636412 ], [ 58396.841900000348687, 3198318.903200000524521 ], [ 58391.321300000883639, 3198304.9561 ], [ 58349.533500000834465, 3198199.384600002318621 ], [ 58156.078400000929832, 3197719.448200004175305 ], [ 58135.516300001181662, 3197668.4364 ], [ 57947.466700000688434, 3197201.910600002855062 ], [ 57787.570899999700487, 3196805.2303 ], [ 57703.207499998621643, 3196750.642200002446771 ], [ 57692.90639999974519, 3196748.21370000205934 ], [ 57682.805300001055002, 3196745.054800001904368 ], [ 57672.956000001169741, 3196741.181700000539422 ], [ 57663.408800001256168, 3196736.614199999719858 ], [ 57654.212700000032783, 3196731.37580000422895 ], [ 57645.41469999961555, 3196725.493200002238154 ], [ 57637.05980000179261, 3196718.996500000357628 ], [ 57629.190900001674891, 3196711.919099999591708 ], [ 57621.848200000822544, 3196704.2971 ], [ 57615.069200000725687, 3196696.169600000604987 ], [ 57611.572800000198185, 3196691.309200001880527 ], [ 57608.88880000077188, 3196687.578199999406934 ], [ 57603.338600001297891, 3196678.566800000146031 ], [ 57598.446900001727045, 3196669.18160000257194 ], [ 57594.238800001330674, 3196659.47070000320673 ], [ 57590.735900000669062, 3196649.483700001612306 ], [ 57587.956100000068545, 3196639.271800000220537 ], [ 57585.913599999621511, 3196628.887299997732043 ], [ 57584.618800001218915, 3196618.383300002664328 ], [ 57584.29619999974966, 3196612.072000000625849 ], [ 57584.078499998897314, 3196607.81360000371933 ], [ 57584.295400001108646, 3196597.232300000265241 ], [ 57585.268300000578165, 3196586.69370000436902 ], [ 57586.992200000211596, 3196576.251500001177192 ], [ 57589.458499999716878, 3196565.959400001913309 ], [ 57592.65430000051856, 3196555.870000001043081 ], [ 57596.563500001095235, 3196546.034900000318885 ], [ 57601.16579999960959, 3196536.50450000166893 ], [ 57606.437900001183152, 3196527.327600002288818 ], [ 57619.469899999909103, 3196423.070799998939037 ], [ 57619.842000001110137, 3196420.094000002369285 ], [ 57626.28800000064075, 3196368.526000002399087 ], [ 57492.299299999140203, 3196031.486300000920892 ], [ 57446.53940000012517, 3195913.730700001120567 ], [ 57244.171900001354516, 3195392.971799999475479 ], [ 57090.875099999830127, 3195016.697800002992153 ], [ 57088.611299999989569, 3195011.141300002112985 ], [ 56953.035699999891222, 3194678.364900000393391 ], [ 56627.175499999895692, 3193845.152699999511242 ], [ 56460.72440000064671, 3193419.543600000441074 ], [ 56430.314000001177192, 3193341.785400001332164 ], [ 56395.326299999840558, 3193257.231699999421835 ], [ 56276.032500000670552, 3192968.938400002196431 ], [ 56229.385599999688566, 3192856.208400001749396 ], [ 56152.411300000734627, 3192670.187200002372265 ], [ 56066.393800000660121, 3192445.218400001525879 ], [ 56037.619700000621378, 3192322.723100000992417 ], [ 56031.674200001172721, 3192297.412000002339482 ], [ 56008.322200000286102, 3192197.999500000849366 ], [ 55950.601000000722706, 3191952.2719 ], [ 55763.675100000575185, 3191227.523900000378489 ], [ 55762.024200000800192, 3191221.123199999332428 ], [ 55751.838999999687076, 3191158.557000001892447 ], [ 55715.707100001163781, 3190936.603800000622869 ], [ 55685.931800001300871, 3190718.251700000837445 ], [ 55646.038099999539554, 3190551.196900000795722 ], [ 55580.064100001007318, 3190274.930700002238154 ], [ 55589.989199999719858, 3190023.494999999180436 ], [ 55628.493000000715256, 3189760.969500001519918 ], [ 55662.773299999535084, 3189527.240200001746416 ], [ 55682.073400001972914, 3189353.539000002667308 ], [ 55682.128600001335144, 3189353.042099999263883 ], [ 55692.548500000499189, 3189259.262599999085069 ], [ 55723.753400000743568, 3189021.614700002595782 ], [ 55730.400700001046062, 3188848.784400001168251 ], [ 55721.537600001320243, 3188715.83809999935329 ], [ 55667.620500001125038, 3188246.463500000536442 ], [ 55663.971600000746548, 3188155.241500001400709 ], [ 55655.803000000305474, 3187951.027200002223253 ], [ 55651.362700000405312, 3187865.52000000141561 ], [ 55651.336799999698997, 3187865.020700000226498 ], [ 55651.310900000855327, 3187864.52140000090003 ] ] ] } },
{ "type": "Feature", "properties": { "IMIS_CODE": "31130000018000000", "PARENT_CHA": "Punjnad Main Line", "REMARKS": null, "ZONE_NAME": "Bahawalpur", "CIRCLE_NAM": "Rahimyar Khan", "CHANNEL_NA": "Upper Qadir Disty", "CHANNEL_TY": "D", "DESIGNED_D": 30.0 }, "geometry": { "type": "MultiLineString", "coordinates": [ [ [ 54667.829500000923872, 3195079.753599999472499 ], [ 54656.673800000920892, 3195015.718100000172853 ], [ 54642.573800001293421, 3194934.782200001180172 ], [ 54482.559300001710653, 3194560.329700002446771 ], [ 54223.001000000163913, 3193923.993100002408028 ], [ 54186.671400001272559, 3193837.949400002136827 ], [ 54010.888700000010431, 3193421.622099999338388 ], [ 53829.477000000886619, 3193016.934300001710653 ], [ 53804.35840000025928, 3192919.251000002026558 ], [ 53773.942400000989437, 3192816.942600002512336 ], [ 53773.658000000752509, 3192815.985900001600385 ], [ 53723.42090000025928, 3192550.845599997788668 ], [ 53664.810899998992682, 3192196.394899999722838 ], [ 53633.862000000663102, 3192037.500300001353025 ], [ 53511.308700000867248, 3191408.3004 ], [ 53453.505099998787045, 3191141.514700002968311 ], [ 53429.673400000669062, 3191031.522100001573563 ], [ 53410.834499999880791, 3190914.302200004458427 ], [ 53400.368400001898408, 3190792.895899999886751 ], [ 53408.74129999987781, 3190679.862400002777576 ], [ 53389.902300000190735, 3190550.083200002089143 ], [ 53339.665200000628829, 3190426.583700001239777 ], [ 53235.347400001250207, 3190254.696500001475215 ], [ 53155.462500001303852, 3190123.067900000140071 ], [ 53073.827200001105666, 3189980.729400001466274 ], [ 52923.115899999625981, 3189742.103199999779463 ], [ 52912.960200001485646, 3189722.92030000127852 ], [ 52885.438100000843406, 3189670.933899998664856 ], [ 52821.409600000828505, 3189524.109899999573827 ], [ 52764.031800001859665, 3189392.536699999123812 ], [ 52720.074300000444055, 3189271.130300002172589 ], [ 52703.328599999658763, 3189164.376499999314547 ], [ 52701.235399999655783, 3189076.4616 ], [ 52711.701500000432134, 3189007.385500000789762 ], [ 52722.167500000447035, 3188959.241700001060963 ], [ 52720.074300000444055, 3188850.394600000232458 ], [ 52694.955800000578165, 3188760.386500000953674 ], [ 52646.811900001019239, 3188595.022700000554323 ], [ 52661.781400001607835, 3188518.814100001007318 ], [ 52692.862500001676381, 3188360.582900002598763 ], [ 52810.082399999722838, 3187916.82179999910295 ], [ 52834.22690000012517, 3187828.292000001296401 ], [ 52866.599200000055134, 3187709.593700001016259 ], [ 52866.599200000055134, 3187646.797400001436472 ], [ 52858.226300000213087, 3187542.136700000613928 ], [ 52816.362099999561906, 3187399.798300001770258 ], [ 52803.80280000064522, 3187318.16300000064075 ], [ 52776.591000000014901, 3187251.18019999936223 ], [ 52745.192900001071393, 3187029.299600001424551 ], [ 52737.844200001098216, 3186939.778999999165535 ], [ 52737.680500001646578, 3186937.785700004547834 ], [ 52737.435099999420345, 3186934.795700000599027 ], [ 52722.167500000447035, 3186748.8091000020504 ], [ 52707.515000000596046, 3186635.775699999183416 ], [ 52682.396500001661479, 3186493.43720000050962 ], [ 52643.078200001269579, 3186338.476800000295043 ], [ 52575.642600000835955, 3186072.701500000432134 ], [ 52477.261599999852479, 3185685.457100000232458 ], [ 52420.744900000281632, 3185440.551300000399351 ], [ 52414.465300001204014, 3185407.059900000691414 ], [ 52413.130400000140071, 3185268.226900001987815 ], [ 52412.372100001201034, 3185189.365800000727177 ], [ 52420.744900000281632, 3185019.815500000491738 ], [ 52422.838100001215935, 3184942.366699997335672 ], [ 52420.360299999825656, 3184917.589000001549721 ], [ 52416.558500000275671, 3184879.570300003513694 ], [ 52395.417399999685585, 3184750.498500002548099 ], [ 52376.787399999797344, 3184636.75760000012815 ], [ 52360.041700001806021, 3184534.190199999138713 ], [ 52322.363900000229478, 3184293.470800001174212 ], [ 52280.49970000050962, 3184117.640900004655123 ], [ 52223.982900000177324, 3183902.040000000968575 ], [ 52182.118700000457466, 3183753.421900002285838 ], [ 52129.234100001864135, 3183558.072100002318621 ], [ 52104.545100000686944, 3183469.968800000846386 ], [ 52096.252400000579655, 3183433.646800000220537 ] ] ] } },
{ "type": "Feature", "properties": { "IMIS_CODE": "31130000019000000", "PARENT_CHA": "Punjnad Main Line", "REMARKS": null, "ZONE_NAME": "Bahawalpur", "CIRCLE_NAM": "Rahimyar Khan", "CHANNEL_NA": "Hassan Disty", "CHANNEL_TY": "D", "DESIGNED_D": 45.0 }, "geometry": { "type": "MultiLineString", "coordinates": [ [ [ 54777.586500001139939, 3195321.218900002539158 ], [ 53827.776400000788271, 3195350.111999999731779 ], [ 52608.330299999564886, 3195384.462600000202656 ], [ 52462.340300001204014, 3195367.2873 ], [ 52299.174900001846254, 3195307.173800002783537 ], [ 52110.246700000949204, 3195195.534300001338124 ], [ 51543.461900000460446, 3194602.986600002273917 ], [ 51174.192999999970198, 3194156.428900001570582 ], [ 50710.46000000089407, 3193606.819399999454618 ], [ 50668.863500000908971, 3193459.487500002607703 ], [ 50601.326100000180304, 3193172.020399998873472 ], [ 50579.788099999539554, 3193080.345900001004338 ] ] ] } },
{ "type": "Feature", "properties": { "IMIS_CODE": "31130000019001000", "PARENT_CHA": "Hassan Disty", "REMARKS": "<Null>", "ZONE_NAME": "Bahawalpur", "CIRCLE_NAM": "Rahimyar Khan", "CHANNEL_NA": "Sanghi Minor", "CHANNEL_TY": "M", "DESIGNED_D": 22.0 }, "geometry": { "type": "MultiLineString", "coordinates": [ [ [ 50601.326100000180304, 3193172.020399998873472 ], [ 50452.586799999698997, 3193185.008899999782443 ], [ 50377.157600000500679, 3193185.008899999782443 ], [ 50265.522299999371171, 3193178.974600000306964 ], [ 50156.904100000858307, 3193166.905899999663234 ], [ 50105.612200001254678, 3193160.871500002220273 ], [ 50048.286000001244247, 3193175.957399999722838 ], [ 49894.410300000570714, 3193236.300799999386072 ], [ 49720.004200000315905, 3193302.65090000256896 ], [ 49616.830500000156462, 3193341.901799999177456 ], [ 48741.703499998897314, 3193359.005200000479817 ], [ 48740.70299999974668, 3193359.024800002574921 ], [ 48690.559100001119077, 3193360.00480000115931 ], [ 48612.112700001336634, 3193353.970499997958541 ], [ 48500.477300001308322, 3193305.695700000971556 ], [ 48263.075799999758601, 3193169.077900001779199 ], [ 48180.657199999317527, 3193121.648299999535084 ], [ 48069.021900000981987, 3193055.270600002259016 ], [ 47963.421000000089407, 3193052.253399999812245 ], [ 47334.832000000402331, 3193076.327000001445413 ], [ 47268.834699999541044, 3193078.854600002989173 ], [ 46730.856700000353158, 3193099.458000000566244 ], [ 46545.350700001232326, 3193106.5625 ], [ 46180.273000000976026, 3193109.579600002616644 ], [ 46087.2862000009045, 3193188.773300001397729 ], [ 46051.13289999961853, 3193304.46370000205934 ], [ 45778.57050000037998, 3193311.680200001224875 ], [ 45182.366899998858571, 3193327.465600000694394 ], [ 44276.008500000461936, 3193351.462899999693036 ], [ 43827.70830000191927, 3193355.078300001099706 ], [ 43570.86600000038743, 3193367.117800001055002 ], [ 43364.946700000204146, 3193376.770200001075864 ], [ 43074.406900000758469, 3193334.078600004315376 ], [ 42935.631799999624491, 3193340.386600000783801 ], [ 42864.141500000841916, 3193346.694599999114871 ] ] ] } },
{ "type": "Feature", "properties": { "IMIS_CODE": "31130000020000000", "PARENT_CHA": "Punjnad Main Line", "REMARKS": null, "ZONE_NAME": "Bahawalpur", "CIRCLE_NAM": "Rahimyar Khan", "CHANNEL_NA": "Rukan Disty", "CHANNEL_TY": "D", "DESIGNED_D": 242.0 }, "geometry": { "type": "MultiLineString", "coordinates": [ [ [ 54667.829500000923872, 3195079.753599999472499 ], [ 54485.591099999845028, 3194965.938100002706051 ], [ 54398.009600001387298, 3194917.768200000748038 ], [ 54218.056900002062321, 3194761.626800002530217 ], [ 53380.558699999935925, 3194020.194599999114871 ], [ 52910.081800000742078, 3193601.445500001311302 ], [ 52565.229600000195205, 3193296.004899999126792 ], [ 52087.362900000996888, 3192884.645500002428889 ], [ 51225.232400001958013, 3192116.117700003087521 ], [ 50577.402900000102818, 3191544.648400001227856 ], [ 50286.741799999959767, 3191286.009199999272823 ], [ 50168.506700000725687, 3191180.090300003066659 ], [ 50116.778900001198053, 3191152.994800001382828 ], [ 50055.198100000619888, 3191125.899299999698997 ], [ 49582.25800000037998, 3190973.179000001400709 ], [ 49510.824300001375377, 3190874.649800002574921 ], [ 49353.177600001916289, 3190687.444300001487136 ], [ 49312.326999999582767, 3190609.172700000926852 ], [ 49257.111600000411272, 3190433.731600001454353 ], [ 49077.295799999497831, 3189645.49800000153482 ], [ 48898.711600000970066, 3188916.79250000230968 ], [ 48672.094499999657273, 3187997.186600001528859 ], [ 48317.389399999752641, 3186555.375900000333786 ], [ 47969.252799999900162, 3185149.692700002342463 ], [ 47660.527999999932945, 3183934.499200001358986 ], [ 47496.312700000591576, 3183277.637800002470613 ], [ 46763.912299999967217, 3182413.865199999883771 ], [ 46038.080500002019107, 3181576.366900000721216 ], [ 45433.768099999986589, 3180866.956700000911951 ], [ 44642.250099999830127, 3180229.80120000243187 ], [ 44435.338800001889467, 3180104.997499998658895 ], [ 44425.485900001600385, 3179809.409900000318885 ], [ 44166.025700001977384, 3179592.645700003951788 ], [ 43009.949700000695884, 3178584.363500002771616 ], [ 42888.43030000012368, 3178485.834300002083182 ], [ 42842.450100000016391, 3178430.0011 ], [ 42826.028500000946224, 3178367.599300002679229 ], [ 42622.401499999687076, 3177677.894900001585484 ], [ 42425.343099999241531, 3177014.464900001883507 ], [ 42362.01380000077188, 3176907.982899999246001 ], [ 42299.930200000293553, 3176787.083200000226498 ], [ 42198.635799999348819, 3176718.464400002732873 ], [ 40757.641800000332296, 3176002.86879999935627 ], [ 40597.531400000676513, 3175901.574400003999472 ], [ 40568.123399999924004, 3175868.898799998685718 ], [ 40561.588200000114739, 3175803.547600001096725 ], [ 40476.631699999794364, 3175195.781400002539158 ], [ 40326.323900000192225, 3174238.386300001293421 ], [ 40147.024500000290573, 3173006.54450000077486 ], [ 39780.856599998660386, 3172332.024700002744794 ], [ 39286.208700000308454, 3171516.176900001242757 ], [ 39234.816800000146031, 3171419.816900001838803 ], [ 39221.968799999915063, 3171304.185000000521541 ], [ 38913.616799999959767, 3170385.55320000089705 ], [ 38688.776899999007583, 3169640.369400000199676 ], [ 38046.377100001089275, 3169171.417600002139807 ] ] ] } },
{ "type": "Feature", "properties": { "IMIS_CODE": "31130000020001000", "PARENT_CHA": "Rukan Disty", "REMARKS": null, "ZONE_NAME": "Bahawalpur", "CIRCLE_NAM": "Rahimyar Khan", "CHANNEL_NA": "Farid Minor", "CHANNEL_TY": "M", "DESIGNED_D": 50.0 }, "geometry": { "type": "MultiLineString", "coordinates": [ [ [ 52910.081800000742078, 3193601.445500001311302 ], [ 52891.507500000298023, 3193439.182399999350309 ], [ 52832.086000001057982, 3193070.769300002604723 ], [ 52653.821600001305342, 3192444.863099999725819 ], [ 52554.785799999721348, 3192001.182700000703335 ], [ 52572.77940000128001, 3191461.375800000503659 ], [ 52572.796099999919534, 3191460.876100001856685 ], [ 52574.593000001274049, 3191406.9679000005126 ], [ 52613.361100000329316, 3191100.347200002521276 ], [ 52661.744500000961125, 3190717.678800001740456 ], [ 52681.551600000821054, 3190420.571399997919798 ], [ 52677.590200000442564, 3190258.152699999511242 ], [ 52677.590200000442564, 3190095.733999999240041 ], [ 52667.257900000549853, 3189844.313799999654293 ], [ 52666.477700000628829, 3189825.329900002107024 ], [ 52665.705900002270937, 3189806.5494 ], [ 52646.108300001360476, 3189607.307199999690056 ], [ 52641.937300001271069, 3189564.902100004255772 ], [ 52578.554400000721216, 3189224.219000000506639 ], [ 52520.712499999441206, 3188913.699100002646446 ], [ 52503.287200000137091, 3188820.152900001034141 ], [ 52443.86570000089705, 3188499.276900002732873 ], [ 52431.981399999931455, 3188368.549700001254678 ], [ 52424.058600000105798, 3188241.783900000154972 ], [ 52403.322900000028312, 3188185.232000002637506 ], [ 52380.482799999415874, 3188122.940899999812245 ], [ 52281.447000000625849, 3187924.869300002232194 ], [ 52181.41860000230372, 3187745.697500001639128 ], [ 51920.956699999980628, 3187279.155899999663234 ], [ 51822.435700001195073, 3187068.366900000721216 ], [ 51790.25550000090152, 3186999.516100002452731 ], [ 51750.615100000984967, 3186914.704199999570847 ], [ 51378.240499999374151, 3186609.673900000751019 ], [ 51306.158400001004338, 3186554.092499999329448 ], [ 51049.441700001247227, 3186356.142300002276897 ], [ 50948.906999999657273, 3186289.119200000539422 ], [ 50811.755800000391901, 3186197.685000004246831 ], [ 50716.681400000117719, 3186055.073500003665686 ], [ 50669.144200000911951, 3185916.42339999973774 ], [ 50615.956600002013147, 3185756.860500004142523 ], [ 50575.163200001232326, 3185634.480399999767542 ], [ 50506.72550000064075, 3185429.167200000956655 ], [ 50409.86849999986589, 3185143.563000001013279 ], [ 50313.519100000150502, 3184859.456000002101064 ], [ 50197.733900001272559, 3184518.037900002673268 ], [ 50177.926699999719858, 3184066.43470000103116 ], [ 50150.855000000447035, 3183906.260700000450015 ], [ 50130.38950000051409, 3183785.173000002279878 ], [ 50062.661899999715388, 3183523.604100000113249 ], [ 50015.50800000037998, 3183341.492699997499585 ], [ 49900.241300000809133, 3182942.943600002676249 ], [ 49813.28070000000298, 3182642.26630000397563 ], [ 49781.783500000834465, 3182533.360600000247359 ], [ 49726.613099999725819, 3182287.85220000334084 ], [ 49726.174600001424551, 3182285.900800000876188 ], [ 49623.326200000010431, 3181828.225700002163649 ], [ 49568.991000001318753, 3181633.762800002470613 ], [ 49548.05900000128895, 3181558.848300002515316 ], [ 49478.433500000275671, 3181269.902400001883507 ], [ 49399.488300000317395, 3180942.279699999839067 ], [ 49389.601800001226366, 3180901.250600000843406 ], [ 49377.71750000026077, 3180798.253399999812245 ], [ 49310.373100000433624, 3180687.333300003781915 ], [ 49294.313800000585616, 3180658.101600002497435 ] ] ] } },
{ "type": "Feature", "properties": { "IMIS_CODE": "31130000020002000", "PARENT_CHA": "Rukan Disty", "REMARKS": "<Null>", "ZONE_NAME": "Bahawalpur", "CIRCLE_NAM": "Rahimyar Khan", "CHANNEL_NA": "Faiz Minor", "CHANNEL_TY": "M", "DESIGNED_D": 8.0 }, "geometry": { "type": "MultiLineString", "coordinates": [ [ [ 49582.25800000037998, 3190973.179000001400709 ], [ 49303.905199999921024, 3190893.364100003615022 ], [ 48671.707600000314415, 3190699.323300004005432 ], [ 48033.250700000673532, 3190511.541900001466274 ], [ 47063.046500001102686, 3190211.09150000102818 ], [ 46305.661300000734627, 3189988.883500002324581 ], [ 46211.770500000566244, 3189948.197499999776483 ], [ 46174.214200002141297, 3189926.289599999785423 ], [ 45423.088400000706315, 3189344.167100002989173 ], [ 45243.738700000569224, 3189208.018400002270937 ] ] ] } },
{ "type": "Feature", "properties": { "IMIS_CODE": "31130000020003000", "PARENT_CHA": "Rukan Disty", "REMARKS": null, "ZONE_NAME": "Bahawalpur", "CIRCLE_NAM": "Rahimyar Khan", "CHANNEL_NA": "Rasool Minor", "CHANNEL_TY": "M", "DESIGNED_D": 40.0 }, "geometry": { "type": "MultiLineString", "coordinates": [ [ [ 49582.25800000037998, 3190973.179000001400709 ], [ 49301.818500001914799, 3190781.66579999960959 ], [ 49147.042600000277162, 3190623.345400001853704 ], [ 48929.770600002259016, 3190401.097699999809265 ], [ 48532.162200000137091, 3189909.767200000584126 ], [ 48417.629200001247227, 3189781.266799999400973 ], [ 48066.392300000414252, 3189387.196100000292063 ], [ 47842.027500000782311, 3189287.794000001624227 ], [ 47828.40749999973923, 3189282.21059999987483 ], [ 47201.9983000010252, 3189025.421799998730421 ], [ 47156.660000002011657, 3189006.835900003090501 ], [ 46927.52800000179559, 3188912.906000001356006 ], [ 46598.081000000238419, 3188785.103300001472235 ], [ 46481.638500000350177, 3188634.5801 ], [ 46349.987099999561906, 3188409.575800001621246 ], [ 46349.734600001014769, 3188409.144300000742078 ], [ 46169.231900000944734, 3188100.648699998855591 ], [ 46084.03010000102222, 3187927.405000001192093 ], [ 46109.590600000694394, 3187541.1568 ], [ 46109.960799999535084, 3187537.753700001165271 ], [ 46182.20409999974072, 3186873.671700002625585 ], [ 46182.258200000971556, 3186873.174600001424551 ], [ 46183.432199999690056, 3186862.382400002330542 ], [ 46228.873200000263751, 3186308.570599999278784 ], [ 46270.982500000856817, 3185966.682900002226233 ], [ 46334.671299998648465, 3185449.590299999341369 ], [ 46348.155700000934303, 3185340.109999999403954 ], [ 46373.316500001586974, 3185057.535500001162291 ], [ 46385.076500000432134, 3184925.461200000718236 ], [ 46410.637000000104308, 3184718.136800000444055 ], [ 46352.297100001014769, 3184448.875400001183152 ], [ 46336.795500000007451, 3184377.329500002786517 ], [ 46308.394800001755357, 3184238.166500002145767 ], [ 46234.553300000727177, 3184155.8048 ], [ 46168.404299999587238, 3184086.031099999323487 ], [ 45940.674300000071526, 3183845.822800002992153 ], [ 45865.681599999777973, 3183766.720900001004338 ], [ 45819.904500001110137, 3183718.435499999672174 ], [ 45597.574000000953674, 3183471.248200001195073 ], [ 45362.654699999839067, 3183210.0647 ], [ 45099.299400001764297, 3182947.742200002074242 ], [ 44638.439299999736249, 3182488.689300002530217 ], [ 44532.902800000272691, 3182367.737400000914931 ], [ 44385.673900000751019, 3182199.003100000321865 ], [ 43965.86670000012964, 3182085.044700004160404 ], [ 43868.974100000225008, 3182056.309200001880527 ] ] ] } },
{ "type": "Feature", "properties": { "IMIS_CODE": "31130000020004000", "PARENT_CHA": "Rukan Disty", "REMARKS": null, "ZONE_NAME": "Bahawalpur", "CIRCLE_NAM": "Rahimyar Khan", "CHANNEL_NA": "Kabira Minor", "CHANNEL_TY": "M", "DESIGNED_D": 34.0 }, "geometry": { "type": "MultiLineString", "coordinates": [ [ [ 42425.343099999241531, 3177014.464900001883507 ], [ 42539.140800001099706, 3176973.673000002279878 ], [ 42735.668000000528991, 3176781.939200004562736 ], [ 43028.062000000849366, 3176494.338400004431605 ], [ 43109.931500000879169, 3176392.820200001820922 ], [ 43147.895700000226498, 3176345.744700003415346 ], [ 43167.06900000013411, 3176264.257900001481175 ], [ 43162.275700001046062, 3176201.944399999454618 ], [ 43134.516600000672042, 3176134.088800001889467 ], [ 43110.662800000980496, 3176075.779400000348687 ], [ 43032.855400001630187, 3175885.58360000140965 ], [ 42802.774800001643598, 3175291.208800001069903 ], [ 42602.492700001224875, 3174775.588900003582239 ], [ 42577.487599999643862, 3174711.213999999687076 ], [ 42521.392700000666082, 3174507.870100000873208 ], [ 42500.794099999591708, 3174433.200000001117587 ], [ 42462.447300001047552, 3174193.532800000160933 ], [ 42452.860600001178682, 3173896.345400001853704 ], [ 42421.382500002160668, 3173578.4167 ], [ 42408.967900001443923, 3173453.029799999669194 ], [ 42408.475300000049174, 3173448.054099999368191 ], [ 42404.92710000090301, 3173412.217499999329448 ], [ 42395.340499999932945, 3173234.863700000569224 ], [ 42347.208100000396371, 3173168.01320000179112 ], [ 42222.780000001192093, 3172995.19649999961257 ], [ 42021.459499999880791, 3172745.942500004544854 ], [ 41963.939399999566376, 3172640.488900000229478 ], [ 41939.972700000740588, 3172549.415400000289083 ], [ 41887.245900001376867, 3172333.714800000190735 ], [ 41854.803399999625981, 3172214.758800003677607 ], [ 41844.105800000950694, 3172175.534400001168251 ], [ 41798.653699999675155, 3172099.780900001525879 ], [ 41685.925400000065565, 3171911.900500001385808 ], [ 41410.320899999700487, 3171337.72440000064671 ], [ 41398.324700001627207, 3171312.732300002127886 ], [ 41278.490999999456108, 3171216.86540000140667 ], [ 41101.137300000526011, 3171058.685000002384186 ], [ 40990.890300001017749, 3170919.678000003099442 ], [ 40909.403500000946224, 3170809.431099999696016 ], [ 40849.728800001554191, 3170671.094399997964501 ], [ 40818.833700001239777, 3170599.473900001496077 ], [ 40803.949900000356138, 3170564.970499999821186 ], [ 40732.049700001254678, 3170392.410000002011657 ], [ 40700.214400000870228, 3170340.983700001612306 ], [ 40607.422700000926852, 3170191.089500000700355 ], [ 40362.962100001983345, 3169706.961700001731515 ], [ 40108.914800001308322, 3169222.833799999207258 ], [ 40073.150400001555681, 3169152.812900001183152 ], [ 40072.922899998724461, 3169152.367600001394749 ] ] ] } },
{ "type": "Feature", "properties": { "IMIS_CODE": "31130010000000000", "PARENT_CHA": "Punjnad Main Line", "REMARKS": null, "ZONE_NAME": "Bahawalpur", "CIRCLE_NAM": "Rahimyar Khan", "CHANNEL_NA": "Minchin Branch", "CHANNEL_TY": "MC", "DESIGNED_D": 1527.0 }, "geometry": { "type": "MultiLineString", "coordinates": [ [ [ 93986.802800001576543, 3226174.429200001060963 ], [ 94044.500000001862645, 3226028.4662000015378 ], [ 94046.958300000987947, 3225915.383400002494454 ], [ 94015.000100000761449, 3225790.00899999961257 ], [ 93968.292000000365078, 3225676.926100002601743 ], [ 93656.085099999792874, 3224777.180300001055002 ], [ 93535.627300000749528, 3224405.973600002005696 ], [ 93493.835800000466406, 3224236.349400002509356 ], [ 93348.794800001196563, 3223766.809900000691414 ], [ 93225.878700000233948, 3223284.978799998760223 ], [ 93139.837500000372529, 3222958.022000001743436 ], [ 93144.754100000485778, 3222835.105900000780821 ], [ 93137.379100000485778, 3222773.647800002247095 ], [ 93098.046000000089407, 3222694.981499999761581 ], [ 93034.129600000567734, 3222552.398800004273653 ], [ 92992.338100000284612, 3222414.73280000127852 ], [ 92980.046500001102686, 3222289.358400003984571 ], [ 92953.005000000819564, 3222210.692099999636412 ], [ 92699.535000001080334, 3221327.89159999974072 ], [ 92559.673499999567866, 3220777.490300001576543 ], [ 92335.966199999675155, 3219939.202500002458692 ], [ 92141.758700001984835, 3219241.039000002667308 ], [ 92040.96750000026077, 3218879.665699999779463 ], [ 92009.009300000965595, 3218719.874800002202392 ], [ 91846.760100000537932, 3218144.627400003373623 ], [ 91745.968900001607835, 3217788.170700000599027 ], [ 91703.484100000932813, 3217644.784700000658631 ], [ 91700.951500001363456, 3217636.237299999222159 ], [ 91647.636000000871718, 3217456.2972 ], [ 91603.386200001463294, 3217311.256200002506375 ], [ 91293.637600000016391, 3216195.177999999374151 ], [ 91200.221400001086295, 3215848.554600002244115 ], [ 91065.013700000941753, 3215381.473400002345443 ], [ 91014.304200001992285, 3215183.46510000154376 ], [ 91013.388900000602007, 3215179.891000002622604 ], [ 90907.681099999696016, 3214793.934500001370907 ], [ 90858.514600001275539, 3214675.935000000521541 ], [ 90602.849100000225008, 3214103.146000001579523 ], [ 90509.432900000363588, 3213889.271999999880791 ], [ 90416.01659999974072, 3213744.231000002473593 ], [ 90298.017199999652803, 3213599.189999999478459 ], [ 89948.93550000153482, 3213196.025100002065301 ], [ 89673.603400000371039, 3212888.734899999573827 ], [ 89425.312900002114475, 3212608.48619999922812 ], [ 89243.397000000812113, 3212394.612199999392033 ], [ 89199.147200001403689, 3212318.404200004413724 ], [ 88992.64820000063628, 3211961.947500001639128 ], [ 88621.441600000485778, 3211268.700700003653765 ], [ 88385.442599999718368, 3210823.744400000199676 ], [ 88030.846599999815226, 3210198.39440000243485 ], [ 87947.861300001852214, 3210056.747899999842048 ], [ 87901.153199999593198, 3209970.706600001081824 ], [ 87817.570200000889599, 3209002.127700001001358 ], [ 87775.778800001367927, 3208500.630000000819564 ], [ 87770.862100000493228, 3208436.71370000205934 ], [ 87746.278900000266731, 3208308.880899999290705 ], [ 87657.779299999587238, 3207785.258300000801682 ], [ 87586.488000001758337, 3207374.718499999493361 ], [ 87488.155100001953542, 3206789.637900000438094 ], [ 87451.280300001613796, 3206592.972100000828505 ], [ 87384.905600000172853, 3206160.307500001043081 ], [ 87328.364200000651181, 3205828.434000000357628 ], [ 87276.739400000311434, 3205503.93550000153482 ], [ 87200.53139999974519, 3205093.395700002089143 ], [ 87077.615300001576543, 3204336.232499998062849 ], [ 87018.615600000135601, 3203893.734500002115965 ], [ 86981.740799999795854, 3203507.778000000864267 ], [ 86927.657700000330806, 3203075.113300001248717 ], [ 86898.157800001092255, 3202888.280799999833107 ], [ 86851.449700001627207, 3202453.157800002023578 ], [ 86829.324799999594688, 3202288.450200000777841 ], [ 86794.908300002105534, 3201853.327200001105666 ], [ 86777.700000000186265, 3201718.1195 ], [ 86711.325300000607967, 3201054.372600000351667 ], [ 86640.033999999985099, 3200581.964999997988343 ], [ 86590.867499999701977, 3200195.189000003039837 ], [ 86587.809299999848008, 3200185.796 ], [ 86586.83530000038445, 3200182.804400002583861 ], [ 86544.97890000231564, 3200054.24520000256598 ], [ 86512.201200001873076, 3199755.968800002709031 ], [ 86462.935499999672174, 3199398.7928 ], [ 86457.679900001734495, 3199360.689600000157952 ], [ 86433.534900001250207, 3199185.638100001960993 ], [ 86361.424200001172721, 3198631.696200001984835 ], [ 86351.969000000506639, 3198584.420000001788139 ], [ 86315.535500000230968, 3198402.25280000269413 ], [ 86253.258000002242625, 3197946.643800001591444 ], [ 86190.980500001460314, 3197464.812699999660254 ], [ 86154.925099999643862, 3197235.369300000369549 ], [ 86128.703000000678003, 3197051.814600000157952 ], [ 86122.147499999962747, 3196982.981599999591708 ], [ 86135.258500000461936, 3196907.593000000342727 ], [ 86187.702700001187623, 3196674.87190000154078 ], [ 86315.535500000230968, 3196173.374200001358986 ], [ 86397.479500001296401, 3195793.1537000015378 ], [ 86515.479000001214445, 3195422.766500001773238 ], [ 86659.700600001960993, 3194963.879699999466538 ], [ 86660.562800002284348, 3194937.960400000214577 ], [ 86660.884399999864399, 3194928.29420000128448 ], [ 86764.588999999687076, 3194229.660900000482798 ], [ 86826.866500000469387, 3193819.940500004217029 ], [ 86984.199099998921156, 3193193.887900000438094 ], [ 87108.754100000485778, 3192623.557099999859929 ], [ 87331.641900001093745, 3191627.117300003767014 ], [ 87410.308199999853969, 3191256.730100000277162 ], [ 87502.08559999987483, 3190909.287200000137091 ], [ 87606.974000001326203, 3190456.956000000238419 ], [ 87816.750799999572337, 3189411.349700001999736 ], [ 87836.417400001548231, 3189283.5168999992311 ], [ 87816.750799999572337, 3189211.406199999153614 ], [ 87780.695400000549853, 3189136.0176 ], [ 87200.53139999974519, 3188224.799600001424551 ], [ 86715.422500001266599, 3187470.914100000634789 ], [ 86479.423600002191961, 3187077.582599999383092 ], [ 86367.979700001887977, 3186930.0833 ], [ 86318.813200000673532, 3186825.194900002330542 ], [ 86227.035900000482798, 3186677.695600003004074 ], [ 86099.203099999576807, 3186487.585300002247095 ], [ 85558.372300000861287, 3185655.033600002527237 ], [ 85092.929999999701977, 3184940.481300000101328 ], [ 84571.765700000338256, 3184101.374099999666214 ], [ 84381.655500002205372, 3183812.930900001898408 ], [ 83673.658699999563396, 3182727.991500001400709 ], [ 83283.605000000447035, 3182111.772100001573563 ], [ 83078.90440000128001, 3181752.921200001612306 ] ] ] } },
{ "type": "Feature", "properties": { "IMIS_CODE": "31130010001000000", "PARENT_CHA": "Minchin Branch", "REMARKS": null, "ZONE_NAME": "Bahawalpur", "CIRCLE_NAM": "Rahimyar Khan", "CHANNEL_NA": "Janpur Disty", "CHANNEL_TY": "D", "DESIGNED_D": 11.0 }, "geometry": { "type": "MultiLineString", "coordinates": [ [ [ 92699.535000001080334, 3221327.89159999974072 ], [ 92745.957799999974668, 3221314.586900001391768 ], [ 92619.705300000496209, 3220892.98369999974966 ], [ 92407.334900001063943, 3220048.27419999986887 ], [ 92187.805800001136959, 3219308.556800004094839 ], [ 92049.407100000418723, 3218752.575600001960993 ], [ 92056.565600000321865, 3218249.090500002726912 ], [ 92037.476200001314282, 3217339.954000001773238 ], [ 92104.289300000295043, 3217237.348000001162291 ], [ 92233.14329999871552, 3217144.286800004541874 ], [ 92233.14329999871552, 3216953.392000004649162 ], [ 92154.39919999986887, 3216850.78600000217557 ], [ 92144.653900000266731, 3216707.854599999263883 ], [ 91896.293500000610948, 3216669.038300001993775 ], [ 91784.938200001604855, 3216630.859300002455711 ], [ 91597.225000000558794, 3216611.769799999892712 ], [ 91450.872299998998642, 3216592.680300001055002 ], [ 91432.843400000594556, 3216534.649900000542402 ] ] ] } },
{ "type": "Feature", "properties": { "IMIS_CODE": "31130010002000000", "PARENT_CHA": "Minchin Branch", "REMARKS": null, "ZONE_NAME": "Bahawalpur", "CIRCLE_NAM": "Rahimyar Khan", "CHANNEL_NA": "Upper Rindan Disty", "CHANNEL_TY": "D", "DESIGNED_D": 5.0 }, "geometry": { "type": "MultiLineString", "coordinates": [ [ [ 91700.951500001363456, 3217636.237299999222159 ], [ 91682.593799999915063, 3217606.430800000205636 ], [ 91640.135700001381338, 3217468.048800002783537 ], [ 91575.662299999967217, 3217251.040699999779463 ], [ 91445.142900000326335, 3216774.566500002518296 ], [ 91408.974899999797344, 3216645.619599999859929 ], [ 91364.944299999624491, 3216502.520100001245737 ], [ 91361.913600000552833, 3216491.47270000167191 ] ] ] } },
{ "type": "Feature", "properties": { "IMIS_CODE": "31130010003000000", "PARENT_CHA": "Minchin Branch", "REMARKS": null, "ZONE_NAME": "Bahawalpur", "CIRCLE_NAM": "Rahimyar Khan", "CHANNEL_NA": "Lower Rindan Disty", "CHANNEL_TY": "D", "DESIGNED_D": 10.0 }, "geometry": { "type": "MultiLineString", "coordinates": [ [ [ 91014.304200001992285, 3215183.46510000154376 ], [ 90889.632799999788404, 3215112.284800002351403 ], [ 90726.745900000445545, 3214995.477700000628829 ], [ 90704.804400000721216, 3214979.7434 ], [ 90429.386000001803041, 3214782.239400001242757 ], [ 90084.200900001451373, 3214527.8925 ], [ 89857.105500000528991, 3214367.411699999123812 ], [ 89702.68059999961406, 3214249.322100002318621 ], [ 89466.501299999654293, 3214076.729499999433756 ], [ 89318.132300001569092, 3213967.723700003698468 ], [ 89191.508899999782443, 3213849.541899999603629 ], [ 89136.455900001339614, 3213798.159100001677871 ], [ 89015.338399999774992, 3213670.985700001940131 ], [ 89010.928700000047684, 3213668.476700004190207 ], [ 88839.7179000005126, 3213571.063699999824166 ], [ 88757.963499999605119, 3213531.700500002130866 ], [ 88612.241499999538064, 3213474.389500003308058 ], [ 88588.438000000081956, 3213467.823000000789762 ], [ 88587.956000000238419, 3213467.690099999308586 ] ] ] } },
{ "type": "Feature", "properties": { "IMIS_CODE": "31130010004000000", "PARENT_CHA": "Minchin Branch", "REMARKS": null, "ZONE_NAME": "Bahawalpur", "CIRCLE_NAM": "Rahimyar Khan", "CHANNEL_NA": "Sharif Disty", "CHANNEL_TY": "D", "DESIGNED_D": 68.0 }, "geometry": { "type": "MultiLineString", "coordinates": [ [ [ 90298.017199999652803, 3213599.189999999478459 ], [ 90315.246000000275671, 3213553.318800002336502 ], [ 90381.80379999987781, 3213376.1097 ], [ 90492.040900001302361, 3213034.73030000180006 ], [ 90543.19440000038594, 3212858.018100000917912 ], [ 90570.273700001649559, 3212764.471600003540516 ], [ 90612.946100000292063, 3212568.889700001105666 ], [ 90617.658599999733269, 3212550.039800001308322 ], [ 90617.779900000430644, 3212549.554700003936887 ], [ 90637.838399999774992, 3212469.320700000971556 ], [ 90637.838399999774992, 3212355.527499999850988 ], [ 90648.621400000527501, 3212265.668700000271201 ], [ 90659.174600001424551, 3212177.72580000013113 ], [ 90705.403099999763072, 3211679.880800001323223 ], [ 90737.407400000840425, 3211327.8333 ], [ 90738.20170000102371, 3211315.919600004330277 ], [ 90744.519499999471009, 3211221.152200004085898 ], [ 90776.523799998685718, 3211110.915099998936057 ], [ 90787.191900000907481, 3210990.0099 ], [ 90794.303999999538064, 3210701.971100000664592 ], [ 90797.860000000335276, 3210424.600300000980496 ], [ 90775.830799999646842, 3210188.286700000986457 ], [ 90775.784300002269447, 3210187.788800001144409 ], [ 90758.743600000627339, 3210004.988099997863173 ], [ 90748.075500001199543, 3209727.6173 ], [ 90751.63150000013411, 3209663.608700001612306 ], [ 90776.523799998685718, 3209617.380200000479817 ], [ 90835.760599999688566, 3209541.557100001722574 ], [ 90865.424700001254678, 3209503.587100001052022 ], [ 91057.450600001960993, 3209297.337000001221895 ], [ 91137.177600000053644, 3209143.788699997588992 ], [ 91153.463499999605119, 3209112.4232 ], [ 91206.804100001230836, 3208998.630100002512336 ], [ 91242.364400001242757, 3208895.505000000819564 ], [ 91295.705000001005828, 3208671.474800001829863 ], [ 91299.260999999940395, 3208511.453199999406934 ], [ 91288.5929000005126, 3208401.216099999845028 ], [ 91285.844900000840425, 3208349.495100000873208 ], [ 91283.231499999761581, 3208300.305600000545382 ], [ 91247.926400000229478, 3208250.878500003367662 ], [ 91212.353699998930097, 3208201.076700003817677 ], [ 91212.353699998930097, 3208135.278300002217293 ], [ 91212.353699998930097, 3208116.023299999535084 ], [ 91229.364300000481308, 3208011.124199999496341 ], [ 91322.923000001348555, 3207937.41130000166595 ], [ 91486.132500001229346, 3207814.412900000810623 ], [ 91518.545699999667704, 3207789.985600000247359 ], [ 91637.620400000363588, 3207696.426900003105402 ], [ 91665.971500000916421, 3207574.517100000753999 ], [ 91674.476800000295043, 3207458.277500001713634 ], [ 91665.971500000916421, 3207393.070000000298023 ], [ 91646.12569999974221, 3207333.532599998638034 ], [ 91637.620400000363588, 3207276.830400003120303 ], [ 91663.13640000205487, 3207132.239700000733137 ], [ 91691.487500000745058, 3206933.782000001519918 ], [ 91698.86089999973774, 3206848.987400002777576 ], [ 91702.827900000847876, 3206803.366800000891089 ], [ 91711.33330000191927, 3206689.962400002405047 ], [ 91742.214900000952184, 3206563.185100002214313 ], [ 91765.200400002300739, 3206468.823699999600649 ], [ 91861.417100000195205, 3206062.17200000025332 ], [ 91904.934300000779331, 3205878.250200001522899 ], [ 91915.46129999961704, 3205833.758799998089671 ], [ 91932.471900001168251, 3205782.726800000295043 ], [ 91977.833700002171099, 3205726.024599999189377 ], [ 92113.919099999591708, 3205598.444599999114871 ], [ 92286.860800001770258, 3205436.843199998140335 ], [ 92302.50719999987632, 3205423.377000000327826 ], [ 92632.744400000199676, 3205139.156500000506639 ], [ 92773.924499999731779, 3204999.910300003364682 ], [ 92809.522900001145899, 3204964.799699999392033 ], [ 92809.878800000995398, 3204964.4485 ], [ 92839.707499999552965, 3204935.0285 ], [ 92856.718199999071658, 3204597.650300001725554 ], [ 92842.542600001208484, 3204265.94230000115931 ], [ 92837.002999999560416, 3203811.689800001680851 ], [ 92836.99690000154078, 3203811.189800001680851 ], [ 92836.872400000691414, 3203800.984000001102686 ], [ 92809.513100000098348, 3203201.814899999648333 ], [ 92808.521299999207258, 3203180.094699999317527 ], [ 92802.188100000843406, 3202896.908299999311566 ], [ 92788.675500000827014, 3202292.704800002276897 ], [ 92782.125900001265109, 3202279.605600003153086 ], [ 92757.529199999757111, 3202230.412100002169609 ], [ 92746.148899999447167, 3202207.651500001549721 ], [ 92224.488400002010167, 3201929.810600001364946 ], [ 92003.349700001068413, 3201819.241200001910329 ], [ 91817.341699999757111, 3201405.890100002288818 ], [ 91811.18620000127703, 3201392.211300000548363 ], [ 91748.189699999988079, 3201252.219000000506639 ], [ 91555.402100000530481, 3200812.776800001040101 ], [ 91318.885600001551211, 3200227.116800002753735 ], [ 91317.252800000831485, 3200223.073600001633167 ], [ 91257.715499999932945, 3199996.264699999243021 ], [ 91185.742900000885129, 3199880.697299998253584 ], [ 90761.571000001393259, 3199199.59850000217557 ], [ 90705.624400001019239, 3199113.573100004345179 ], [ 90561.147900000214577, 3198891.4211 ], [ 90546.972900000400841, 3198869.625000001862645 ], [ 90497.905600001104176, 3198794.177500000223517 ], [ 90375.995900001376867, 3198689.278400000184774 ], [ 90341.300500000827014, 3198658.814099999144673 ], [ 90259.756299999542534, 3198587.214400002732873 ], [ 90205.96239999961108, 3198538.668800001963973 ], [ 90201.600300000049174, 3198399.084200002253056 ], [ 90192.876300001516938, 3197967.244400002062321 ], [ 90185.906499999575317, 3197518.8564000017941 ], [ 90179.790200000628829, 3197125.374800002202392 ], [ 90162.84150000102818, 3196724.826200000941753 ], [ 90113.059999999590218, 3196670.519200002774596 ], [ 90103.549399999901652, 3196554.0142 ], [ 90103.508700001053512, 3196553.515800001099706 ] ] ] } },
{ "type": "Feature", "properties": { "IMIS_CODE": "31130010004001000", "PARENT_CHA": "Sharif Disty", "REMARKS": null, "ZONE_NAME": "Bahawalpur", "CIRCLE_NAM": "Rahimyar Khan", "CHANNEL_NA": "Channeli Minor", "CHANNEL_TY": "M", "DESIGNED_D": 10.0 }, "geometry": { "type": "MultiLineString", "coordinates": [ [ [ 91555.402100000530481, 3200812.776800001040101 ], [ 92002.050499998964369, 3200415.007700001820922 ], [ 92399.065000000409782, 3200121.827700002118945 ], [ 92673.921200000680983, 3199898.88880000077188 ], [ 92738.054299999959767, 3199816.431900002062321 ], [ 92750.270200001075864, 3199767.568600000813603 ], [ 92738.054299999959767, 3199706.489400001242757 ], [ 92722.784500000998378, 3199648.464199999347329 ], [ 92661.705400000326335, 3199556.845499999821186 ], [ 92435.712500000372529, 3199205.640300001949072 ], [ 92377.687300001271069, 3199016.295000001788139 ], [ 92334.931900001130998, 3198781.140200002118945 ], [ 92301.338399999774992, 3198625.388299999758601 ], [ 92283.014600000344217, 3198549.039400001987815 ], [ 92283.014600000344217, 3198466.582499999552965 ], [ 92185.287999999709427, 3198011.54280000180006 ], [ 92185.287999999709427, 3197819.143500002101064 ], [ 92231.097299998626113, 3197684.769300002604723 ], [ 92356.309600000269711, 3197357.99579999782145 ], [ 92676.97520000115037, 3196741.096300000324845 ], [ 92774.701799999922514, 3196551.750900002196431 ], [ 92826.619100000709295, 3196402.10700000077486 ], [ 92899.914100000634789, 3196316.596200000494719 ], [ 92981.310800000093877, 3196204.737800000235438 ] ] ] } },
{ "type": "Feature", "properties": { "IMIS_CODE": "31130010005000000", "PARENT_CHA": "Minchin Branch", "REMARKS": null, "ZONE_NAME": "Bahawalpur", "CIRCLE_NAM": "Rahimyar Khan", "CHANNEL_NA": "Bandoqi Disty", "CHANNEL_TY": "D", "DESIGNED_D": 37.0 }, "geometry": { "type": "MultiLineString", "coordinates": [ [ [ 88030.846599999815226, 3210198.39440000243485 ], [ 88093.377500000409782, 3210087.762900002300739 ], [ 88136.668000000528991, 3210018.017000002786517 ], [ 88389.196400000713766, 3209796.754100002348423 ], [ 88511.853000000119209, 3209695.742700001224875 ], [ 88651.344899999909103, 3209558.655900001525879 ], [ 88836.532300000078976, 3209416.759000001475215 ], [ 88966.404000000096858, 3209296.507400002330542 ], [ 88995.264399999752641, 3209262.83699999935925 ], [ 88995.264399999752641, 3209231.571600003167987 ], [ 88971.214100001379848, 3209212.331300001591444 ], [ 88968.809100000187755, 3209178.660900004208088 ], [ 88978.429200001060963, 3209140.180399999022484 ], [ 89057.79530000127852, 3209051.194200003519654 ], [ 89077.035500002093613, 3208954.992900002747774 ], [ 89101.887500000186265, 3208888.052800001576543 ], [ 89095.47410000115633, 3208791.851600000634789 ], [ 89085.854000000283122, 3208727.717399999499321 ], [ 89082.647300000302494, 3208451.940400000661612 ], [ 89056.993599999696016, 3208288.398200001567602 ], [ 89031.339900000020862, 3208176.163400001823902 ], [ 89002.479500000365078, 3208086.375600002706051 ], [ 88992.859400001354516, 3208038.274900000542402 ], [ 89018.51310000102967, 3207990.174300003796816 ], [ 89012.099700000137091, 3207948.487100001424551 ], [ 88999.272800002247095, 3207916.420000003650784 ], [ 88999.272800002247095, 3207881.146200001239777 ], [ 88986.446000000461936, 3207807.39190000295639 ], [ 88980.032599999569356, 3207775.324799999594688 ], [ 88963.99900000076741, 3207740.051000002771616 ], [ 88983.239299999549985, 3207688.743599997833371 ], [ 88976.825899999588728, 3207483.514200001955032 ], [ 88976.825899999588728, 3207416.173299998044968 ], [ 88941.552099999971688, 3207345.625700000673532 ], [ 88938.345300001092255, 3207284.698300002142787 ], [ 88922.311800001189113, 3207223.770800003781915 ], [ 88922.311800001189113, 3207082.675599999725819 ], [ 88925.518500002101064, 3206832.552300002425909 ], [ 88912.691700000315905, 3206768.418100001290441 ], [ 88887.03800000064075, 3206691.457099998369813 ], [ 88887.03800000064075, 3206601.66920000128448 ], [ 88867.797700001858175, 3206505.4679000005126 ], [ 88842.144100000150502, 3206438.127000002190471 ], [ 88893.451400001533329, 3206229.690900003537536 ], [ 88928.725200000219047, 3206088.59569999948144 ], [ 88931.931900000199676, 3206040.495100000873208 ], [ 88909.295500000007451, 3205793.5131 ], [ 88861.451999999582767, 3205631.581000002101064 ], [ 88846.730900000780821, 3205535.893900001421571 ], [ 88846.730900000780821, 3205480.689800003543496 ], [ 88857.771700002253056, 3205443.8871 ], [ 88905.615299999713898, 3205344.5197 ], [ 88931.377200000919402, 3205153.145400000736117 ], [ 89016.02350000012666, 3204450.213100001215935 ], [ 89041.785400002263486, 3204104.267400002107024 ], [ 89027.064300001598895, 3203872.410200003534555 ], [ 89016.02350000012666, 3203224.682000001892447 ], [ 89082.268400002270937, 3202790.409700002521276 ], [ 89159.554200001060963, 3202275.171299999579787 ], [ 89317.805900000035763, 3201995.470499999821186 ], [ 89437.505200000479817, 3201809.015900000929832 ], [ 89438.76380000077188, 3201806.916200000792742 ], [ 89439.02080000191927, 3201806.487400002777576 ] ] ] } },
{ "type": "Feature", "properties": { "IMIS_CODE": "31130010006000000", "PARENT_CHA": "Minchin Branch", "REMARKS": null, "ZONE_NAME": "Bahawalpur", "CIRCLE_NAM": "Rahimyar Khan", "CHANNEL_NA": "Upper Nawankot Disty", "CHANNEL_TY": "D", "DESIGNED_D": 292.0 }, "geometry": { "type": "MultiLineString", "coordinates": [ [ [ 88030.846599999815226, 3210198.39440000243485 ], [ 87962.152000001631677, 3210183.832499999552965 ], [ 87361.595200000330806, 3210177.443600002676249 ], [ 87256.178299999795854, 3210177.443600002676249 ], [ 87211.456000002101064, 3210167.860200000926852 ], [ 87157.150299999862909, 3210148.693499999120831 ], [ 87115.622400000691414, 3210123.137900000438094 ], [ 87054.927900000475347, 3210065.637799998745322 ], [ 87032.566700001247227, 3210017.72100000269711 ], [ 87010.205600000917912, 3209925.082000000402331 ], [ 86965.483200000599027, 3209845.22069999948144 ], [ 86936.733199998736382, 3209797.303900001570582 ], [ 86904.78870000038296, 3209720.6371 ], [ 86828.121800000779331, 3209647.16469999961555 ], [ 86783.399500001221895, 3209564.109000001102686 ], [ 86684.37150000128895, 3209382.025299999862909 ], [ 86537.426800000481308, 3209139.246999999508262 ], [ 86438.398800000548363, 3209027.441200001165271 ], [ 86406.454300000332296, 3208989.10780000127852 ], [ 86384.093100001104176, 3208890.079799998551607 ], [ 86217.981700000353158, 3208545.07909999974072 ], [ 86173.259400000795722, 3208474.801200000569224 ], [ 86154.092700000852346, 3208417.301100000739098 ], [ 86128.537100001238286, 3208148.967200001701713 ], [ 86083.814699999988079, 3208043.550300000235438 ], [ 85888.953200000338256, 3207720.910700000822544 ], [ 85770.758500000461936, 3207602.716 ], [ 85441.730100001208484, 3207072.43720000050962 ], [ 85365.063300000503659, 3206960.631400000303984 ], [ 85336.313200000673532, 3206855.214500002563 ], [ 85205.340699999593198, 3206430.352500002831221 ], [ 85036.034799999557436, 3205928.823699997738004 ], [ 84987.888199999928474, 3205859.907999999821186 ], [ 84873.11780000012368, 3205695.628800000995398 ], [ 84387.56120000127703, 3205142.98870000243187 ], [ 84358.811200000345707, 3205107.849800001829863 ], [ 84333.255599999800324, 3205050.349600002169609 ], [ 84211.86640000063926, 3204938.5439000017941 ], [ 84144.782900001853704, 3204861.877000000327826 ], [ 84029.782700002193451, 3204772.432399999350309 ], [ 83981.865900000557303, 3204743.682299999520183 ], [ 83911.588000000454485, 3204651.043300002813339 ], [ 83850.893500000238419, 3204583.959799999371171 ], [ 83678.393100000917912, 3204459.376200003549457 ], [ 83649.643000001087785, 3204427.431700000539422 ], [ 83614.504099999554455, 3204366.737100001424551 ], [ 83582.559600000269711, 3204296.459200004115701 ], [ 83531.448300001211464, 3204200.625700002536178 ], [ 83467.559299999848008, 3204107.986600002273917 ], [ 83374.92020000051707, 3204028.125300001353025 ], [ 83301.44789999909699, 3203957.847400004044175 ], [ 83240.753300000913441, 3203903.541700001806021 ], [ 83103.3918999992311, 3203817.291500000283122 ], [ 83036.308400000445545, 3203734.235800001770258 ], [ 82982.002800001762807, 3203695.902400001883507 ], [ 82892.558100000955164, 3203580.902200000360608 ], [ 82668.946600002236664, 3203382.846200000494719 ], [ 82544.362999999895692, 3203287.012700000777841 ], [ 82378.251500000245869, 3203108.123400002717972 ], [ 82307.973600000143051, 3203037.845499999821186 ], [ 82244.08460000064224, 3203018.678800001740456 ], [ 82173.806599999777973, 3202986.734300004318357 ], [ 82084.362000000663102, 3202951.595300003886223 ], [ 81940.611700001172721, 3202846.178400000557303 ], [ 81847.972600001841784, 3202798.261700002476573 ], [ 81784.083599999547005, 3202763.122700002044439 ], [ 81717.000100000761449, 3202708.816999999806285 ], [ 81672.277800001204014, 3202660.900300001725554 ], [ 81646.722200000658631, 3202600.205700002610683 ], [ 81579.638700001873076, 3202376.594100000336766 ], [ 81311.304900000803173, 3201574.78690000064671 ], [ 81135.610100000165403, 3201076.452500000596046 ], [ 80873.665100000798702, 3200338.534300001338124 ], [ 80630.886800001375377, 3199603.810600001364946 ], [ 80420.053000000305474, 3198926.587000001221895 ], [ 80269.913800000213087, 3198453.808199997991323 ], [ 80228.385900001041591, 3198367.55800000205636 ], [ 80001.579900000244379, 3197993.807300001382828 ], [ 79567.134599999524653, 3197179.222200000658631 ], [ 79295.606200000271201, 3196658.526699999347329 ], [ 79135.883700001053512, 3196374.220600003376603 ], [ 78969.772199999541044, 3196029.219900002703071 ], [ 78902.688799999654293, 3195923.802999999374151 ], [ 78826.021900000050664, 3195770.4693 ], [ 78749.355100001208484, 3195623.524599999189377 ], [ 78730.188400002196431, 3195562.83 ], [ 78679.077200001105666, 3195463.802000002935529 ], [ 78618.382600001059473, 3195323.246200002729893 ], [ 78410.743300001136959, 3195035.745600003749132 ], [ 78110.464900000952184, 3194642.828100001439452 ], [ 77992.270200001075864, 3194479.911100002005696 ], [ 77963.520100001245737, 3194403.244300002232194 ], [ 77950.742300000041723, 3194320.188500000163913 ], [ 77925.186700000427663, 3193997.549000000581145 ], [ 77877.269999999552965, 3193055.185900000855327 ], [ 77858.10329999960959, 3192853.935500003397465 ], [ 77816.575400000438094, 3192668.657299999147654 ], [ 77730.325199999846518, 3192432.26799999922514 ], [ 77628.102800001390278, 3192090.461700001731515 ], [ 77580.185999999754131, 3191822.127800000831485 ], [ 77481.157999999821186, 3191304.62670000270009 ], [ 77468.380200000479817, 3191183.237600004300475 ], [ 77461.236700000241399, 3191161.154600001871586 ], [ 77453.342500001192093, 3191139.328600000590086 ], [ 77444.706700000911951, 3191117.785300003364682 ], [ 77435.339600001461804, 3191096.549900000914931 ], [ 77425.251899999566376, 3191075.647000001743436 ], [ 77414.455599999986589, 3191055.101200001314282 ], [ 77402.963300000876188, 3191034.936499999836087 ], [ 77390.78830000013113, 3191015.176400002092123 ], [ 77377.944900000467896, 3190995.844100002199411 ], [ 77364.448200001381338, 3190976.962200000882149 ], [ 77350.313900000415742, 3190958.552700001746416 ], [ 77335.558500000275671, 3190940.6371 ], [ 77320.199200000613928, 3190923.236400000751019 ], [ 77304.254099999554455, 3190906.370899999514222 ], [ 77287.741799999959767, 3190890.060399999842048 ], [ 77270.681500000879169, 3190874.323900001123548 ], [ 77253.093299999833107, 3190859.179800001904368 ], [ 77234.997600002214313, 3190844.645899999886751 ], [ 77216.415699999779463, 3190830.739000003784895 ], [ 77197.369200000539422, 3190817.475500002503395 ], [ 77177.880400001071393, 3190804.870800001546741 ], [ 77157.972100000828505, 3190792.939700001850724 ], [ 77137.667600001208484, 3190781.696200001984835 ], [ 77116.990600000135601, 3190771.153400000184774 ], [ 76938.101400000043213, 3190659.347600001841784 ], [ 76800.74000000115484, 3190573.097400000318885 ], [ 76698.517499999143183, 3190496.430600002408028 ], [ 76580.322800000198185, 3190359.069199999794364 ], [ 76209.76649999897927, 3189883.096000004559755 ], [ 75855.182400001212955, 3189410.317299999296665 ], [ 75580.459699999541044, 3189007.816400004550815 ], [ 75353.653599999845028, 3188697.954700000584126 ], [ 75219.486700000241399, 3188519.065400002524257 ], [ 75018.236300001852214, 3188250.731499999761581 ], [ 74919.20830000191927, 3188132.536800000816584 ], [ 74855.319299999624491, 3188059.06449999846518 ], [ 74404.901700001209974, 3187560.730100004002452 ], [ 74350.596000000834465, 3187493.646600000560284 ], [ 74321.845900001004338, 3187423.368700001388788 ], [ 74296.290300001390278, 3187369.062999999150634 ], [ 74117.401100002229214, 3186723.783900002017617 ], [ 74027.956399998627603, 3186350.033100003376603 ], [ 74008.78969999961555, 3186270.171900000423193 ], [ 73989.622999999672174, 3186110.449300000444055 ], [ 73999.206400000490248, 3185976.282400000840425 ], [ 74069.484299999661744, 3185366.142200002446771 ], [ 74120.595500000752509, 3184864.613400002941489 ], [ 74146.151100000366569, 3184679.335200004279613 ], [ 74123.790000000037253, 3184612.251800004392862 ], [ 74059.901000000536442, 3184513.22380000166595 ], [ 73666.98350000102073, 3183887.111400002613664 ], [ 73401.169999999925494, 3183468.3958 ], [ 73294.732500000856817, 3183371.634400002658367 ], [ 73285.056300000287592, 3183265.196899998933077 ], [ 73270.542099999263883, 3183192.625900004059076 ], [ 73241.513700001873076, 3183115.21680000051856 ], [ 73212.485300001688302, 3182442.72550000064075 ], [ 73072.181400000117719, 3182191.145900001749396 ], [ 73043.152999999932945, 3182089.546500001102686 ], [ 73028.638799999840558, 3181944.404500000178814 ], [ 73014.12459999974817, 3181847.643100002780557 ], [ 73018.962600002065301, 3181731.529500002041459 ], [ 73067.343299999833107, 3181508.978400001302361 ], [ 73125.400100000202656, 3181296.103399999439716 ], [ 73125.400100000202656, 3181213.856300000101328 ], [ 73033.476800002157688, 3180996.143300004303455 ], [ 73052.82909999974072, 3180671.99269999936223 ], [ 73038.314899999648333, 3180512.336500002071261 ], [ 73062.505199999548495, 3180289.785400003194809 ], [ 73091.533599999733269, 3180159.157600000500679 ], [ 73154.428500001318753, 3179984.987100001424551 ], [ 73246.35179999936372, 3179772.112200001254678 ], [ 73192.784599999897182, 3179335.785900002345443 ], [ 73144.119900000281632, 3178902.669700000435114 ], [ 73075.989300000481308, 3178688.5449 ], [ 72910.529099999926984, 3178318.692800000309944 ], [ 72759.66850000154227, 3177997.505599999800324 ], [ 72603.941300000064075, 3177856.377800000831485 ], [ 72243.822200001217425, 3177574.122300000861287 ], [ 72068.629100000485778, 3177374.596899999305606 ], [ 71978.59940000064671, 3177237.727300001308322 ], [ 71931.151200000196695, 3177146.480900000780821 ], [ 71894.652700001373887, 3177106.332500003278255 ], [ 71850.854399999603629, 3177073.483799999579787 ], [ 71774.207500000484288, 3176960.338300000876188 ], [ 71358.123900000937283, 3176442.058800002560019 ], [ 70960.289700000546873, 3175974.877299999818206 ], [ 70719.399200000800192, 3175682.88880000077188 ], [ 70139.072200000286102, 3175296.004200000315905 ], [ 69427.350399999879301, 3174810.573400001972914 ], [ 69215.658699999563396, 3174595.231900000944734 ], [ 68080.553700000047684, 3173467.4265 ], [ 67923.609899999573827, 3173398.079299999400973 ], [ 67686.369300000369549, 3173336.031700000166893 ], [ 67606.072400000877678, 3173284.933800000697374 ], [ 67554.97450000140816, 3173219.236400002613664 ], [ 67460.078200000338256, 3172952.796900002285838 ], [ 67368.831799999810755, 3172846.951099999248981 ], [ 66766.605700001120567, 3172328.671600000932813 ], [ 66613.311700000427663, 3172175.377699999138713 ], [ 66452.718100002035499, 3172051.282599998638034 ], [ 66412.569700001738966, 3172029.383500002324581 ], [ 65857.791600001044571, 3172084.131300002336502 ], [ 65200.817600000649691, 3172157.128399999812245 ] ] ] } },
{ "type": "Feature", "properties": { "IMIS_CODE": "31130010006001000", "PARENT_CHA": "Upper Nawankot Disty", "REMARKS": null, "ZONE_NAME": "Bahawalpur", "CIRCLE_NAM": "Rahimyar Khan", "CHANNEL_NA": "Paccalaran Minor", "CHANNEL_TY": "M", "DESIGNED_D": 18.0 }, "geometry": { "type": "MultiLineString", "coordinates": [ [ [ 84987.888199999928474, 3205859.907999999821186 ], [ 85018.512500000186265, 3205755.196900002658367 ], [ 85015.230500001460314, 3205587.81220000423491 ], [ 85008.666400000452995, 3205184.119800003245473 ], [ 84952.871500000357628, 3204708.222300000488758 ], [ 84952.871500000357628, 3204619.606900002807379 ], [ 84943.025299999862909, 3204173.247800003737211 ], [ 84939.743300001136959, 3204018.991300001740456 ], [ 84916.768900001421571, 3203950.068199999630451 ], [ 84824.871500000357628, 3203749.863099999725819 ], [ 84775.640700002200902, 3203641.555299999192357 ], [ 84775.640700002200902, 3203516.837400000542402 ], [ 84778.922700000926852, 3203392.119400000199676 ], [ 84742.820199999958277, 3203270.683500001206994 ], [ 84719.845800000242889, 3203142.683400003239512 ], [ 84759.230400000698864, 3202991.709000002592802 ], [ 84811.743300001136959, 3202788.221800001338124 ], [ 84939.743300001136959, 3202509.247400000691414 ], [ 84988.974100000225008, 3202407.503799999132752 ], [ 85008.666400000452995, 3202318.888300001621246 ], [ 85005.384300000965595, 3202243.401099998503923 ], [ 85031.640800000168383, 3202181.0422000028193 ], [ 85169.486899999901652, 3201862.683100003749132 ], [ 85261.384400000795722, 3201649.349700001999736 ], [ 85261.384400000795722, 3201534.477900000289083 ], [ 85251.538200000301003, 3200940.426500003784895 ], [ 85267.948499999940395, 3200769.759800000116229 ], [ 85284.358799998648465, 3200664.734100002795458 ], [ 85349.999800000339746, 3200530.169900001958013 ], [ 85402.512600000947714, 3200375.913499999791384 ] ] ] } },
{ "type": "Feature", "properties": { "IMIS_CODE": "31130010006002000", "PARENT_CHA": "Upper Nawankot Disty", "REMARKS": null, "ZONE_NAME": "Bahawalpur", "CIRCLE_NAM": "Rahimyar Khan", "CHANNEL_NA": "Ashraf Minor", "CHANNEL_TY": "M", "DESIGNED_D": 12.0 }, "geometry": { "type": "MultiLineString", "coordinates": [ [ [ 83467.559299999848008, 3204107.986600002273917 ], [ 83788.837000002153218, 3203636.632300002500415 ], [ 83836.973800000734627, 3203540.358700001612306 ], [ 83885.110600001178682, 3203387.196300001814961 ], [ 83941.999500000849366, 3203238.40990000218153 ], [ 83977.008000001311302, 3203080.871400000527501 ], [ 84020.768699999898672, 3202932.085100000724196 ], [ 83815.093400000594556, 3202533.862800002098083 ], [ 83631.298500001430511, 3202214.409700000658631 ], [ 83570.033599999733269, 3202074.375500001013279 ], [ 83539.401100000366569, 3201978.10190000012517 ], [ 83578.785700000822544, 3201881.828400002792478 ], [ 83635.674599998630583, 3201601.759999999776483 ], [ 83657.55489999987185, 3201474.853900004178286 ], [ 83745.07630000077188, 3201085.383800001814961 ], [ 83832.597699999809265, 3200604.016100002452731 ], [ 83946.375500000081956, 3200140.152800001204014 ], [ 83946.375500000081956, 3200078.887800002470613 ], [ 84012.016600000672042, 3199728.802200002595782 ], [ 84064.529400000348687, 3199540.631200002506375 ], [ 84103.914000000804663, 3199343.708100002259016 ], [ 84112.666200001724064, 3199190.545700000599027 ], [ 84112.666200001724064, 3199146.785000000149012 ] ] ] } },
{ "type": "Feature", "properties": { "IMIS_CODE": "31130010006003000", "PARENT_CHA": "Upper Nawankot Disty", "REMARKS": null, "ZONE_NAME": "Bahawalpur", "CIRCLE_NAM": "Rahimyar Khan", "CHANNEL_NA": "Kawani Minor", "CHANNEL_TY": "M", "DESIGNED_D": 28.0 }, "geometry": { "type": "MultiLineString", "coordinates": [ [ [ 78730.188400002196431, 3195562.83 ], [ 79301.710100000724196, 3195008.47520000115037 ], [ 79817.702499999664724, 3194504.344699999317527 ], [ 80234.35149999987334, 3194069.161399999633431 ], [ 80919.376000000163913, 3193406.378000000491738 ], [ 80986.099100000225008, 3193268.483500003814697 ], [ 81026.13300000037998, 3193179.519300000742078 ], [ 80923.824200000613928, 3192534.528800003230572 ], [ 80843.756400001235306, 3192071.914899999275804 ], [ 80745.895700000226498, 3191262.340600000694394 ], [ 80599.104799998924136, 3190265.941400000825524 ], [ 80630.242300000041723, 3189411.885000003501773 ], [ 80652.483300000429153, 3188780.239099999889731 ], [ 80732.551099999807775, 3188486.657199999317527 ], [ 80999.44370000064373, 3187859.459500001743436 ] ] ] } },
{ "type": "Feature", "properties": { "IMIS_CODE": "31130010006004000", "PARENT_CHA": "Upper Nawankot Disty", "REMARKS": null, "ZONE_NAME": "Bahawalpur", "CIRCLE_NAM": "Rahimyar Khan", "CHANNEL_NA": "Galkala Minor", "CHANNEL_TY": "M", "DESIGNED_D": 42.0 }, "geometry": { "type": "MultiLineString", "coordinates": [ [ [ 76938.101400000043213, 3190659.347600001841784 ], [ 77239.056900001130998, 3190217.814600002020597 ], [ 77259.053199999965727, 3189774.56360000371933 ], [ 77279.049499999731779, 3189444.624900000169873 ], [ 77292.380300001241267, 3189267.991100002080202 ], [ 77302.378499999642372, 3189188.00590000115335 ], [ 77352.369199999608099, 3189054.697400001809001 ], [ 77385.696300000883639, 3188974.712200004607439 ], [ 77415.690799999982119, 3188911.390700001269579 ], [ 77482.345099998638034, 3188771.416700003668666 ], [ 77552.332100001163781, 3188584.784700000658631 ], [ 77618.986300000920892, 3188444.810700001195073 ], [ 77745.629499999806285, 3188284.840400001034141 ], [ 77968.92130000051111, 3188104.873800003901124 ], [ 78065.570000000298023, 3187981.563400002196431 ], [ 78188.88050000090152, 3187858.253000004217029 ], [ 78398.84150000102818, 3187604.966700004413724 ], [ 78695.452999998815358, 3187225.037300001829863 ], [ 79085.380599999800324, 3186678.47210000269115 ], [ 79272.012600000016391, 3186408.522300001233816 ], [ 79698.599999999627471, 3185811.966399999335408 ], [ 79918.5591000020504, 3185555.347500002011657 ], [ 80425.131700000725687, 3184915.466299999505281 ], [ 80721.743300000205636, 3184525.538800001144409 ] ] ] } },
{ "type": "Feature", "properties": { "IMIS_CODE": "31130010006004010", "PARENT_CHA": "Galkala Minor", "REMARKS": null, "ZONE_NAME": "Bahawalpur", "CIRCLE_NAM": "Rahimyar Khan", "CHANNEL_NA": "Lalu Sub Minor", "CHANNEL_TY": "SM", "DESIGNED_D": 20.0 }, "geometry": { "type": "MultiLineString", "coordinates": [ [ [ 77385.696300000883639, 3188974.712200004607439 ], [ 77279.968100000172853, 3188846.22550000436604 ], [ 77144.927300000563264, 3188699.26940000243485 ], [ 76990.027600000612438, 3188560.256799999624491 ], [ 76878.817599998787045, 3188139.247300000861287 ], [ 76823.212500002235174, 3187889.024700002744794 ], [ 76795.410000000149012, 3187448.156300000846386 ], [ 76779.522900000214577, 3186860.331700002774596 ], [ 76759.663899999111891, 3185684.682600000873208 ], [ 76747.748599999584258, 3185347.080600002780557 ], [ 76521.356700000353158, 3184826.776500003412366 ], [ 76497.526000000536442, 3184723.510000001639128 ], [ 76485.610600001178682, 3184302.500499997287989 ], [ 76476.677500000223517, 3183810.316800002008677 ] ] ] } },
{ "type": "Feature", "properties": { "IMIS_CODE": "31130010006005000", "PARENT_CHA": "Upper Nawankot Disty", "REMARKS": null, "ZONE_NAME": "Bahawalpur", "CIRCLE_NAM": "Rahimyar Khan", "CHANNEL_NA": "Faiz Minor", "CHANNEL_TY": "M", "DESIGNED_D": 18.0 }, "geometry": { "type": "MultiLineString", "coordinates": [ [ [ 73401.169999999925494, 3183468.3958 ], [ 73762.865000000223517, 3183147.255699999630451 ], [ 73986.946500001475215, 3182826.274000002071261 ], [ 74495.672300001606345, 3182123.748000003397465 ], [ 74877.21650000102818, 3181578.684800000861287 ], [ 75101.298100001178682, 3181294.040600001811981 ], [ 75276.929600001312792, 3181088.12780000269413 ], [ 75537.3487000009045, 3180682.358500001952052 ], [ 75797.767799999564886, 3180361.376800002530217 ], [ 76306.493599999696016, 3179664.907099997624755 ], [ 76480.57050000037998, 3179433.599400004372001 ] ] ] } },
{ "type": "Feature", "properties": { "IMIS_CODE": "31130010007000000", "PARENT_CHA": "Minchin Branch", "REMARKS": null, "ZONE_NAME": "Bahawalpur", "CIRCLE_NAM": "Rahimyar Khan", "CHANNEL_NA": "Kandani Disty", "CHANNEL_TY": "D", "DESIGNED_D": 22.0 }, "geometry": { "type": "MultiLineString", "coordinates": [ [ [ 86586.83530000038445, 3200182.804400002583861 ], [ 86598.963500000536442, 3200153.150500003248453 ], [ 86596.051700000651181, 3200116.46169999986887 ], [ 86582.657400000840425, 3200082.102400001138449 ], [ 86494.650200000032783, 3199354.22100000269711 ], [ 86488.913300001993775, 3199304.592599999159575 ], [ 86161.832499999552965, 3197059.199500001966953 ], [ 86159.428999999538064, 3196937.814799999818206 ], [ 86197.063299999572337, 3196828.873199999332428 ], [ 86313.927900000475347, 3196729.8355 ], [ 86961.634800001978874, 3196214.839100001379848 ], [ 87171.594899999909103, 3196040.532700000330806 ], [ 87240.92130000051111, 3196012.802100002765656 ], [ 87795.532700000330806, 3196004.879100002348423 ], [ 88409.566800001077354, 3195987.052300002425909 ], [ 89134.523199999704957, 3195971.206300001591444 ], [ 90013.548400000669062, 3195942.807299999520183 ] ] ] } },
{ "type": "Feature", "properties": { "IMIS_CODE": "31130010008000000", "PARENT_CHA": "Minchin Branch", "REMARKS": null, "ZONE_NAME": "Bahawalpur", "CIRCLE_NAM": "Rahimyar Khan", "CHANNEL_NA": "Thereposti Disty", "CHANNEL_TY": "D", "DESIGNED_D": 55.0 }, "geometry": { "type": "MultiLineString", "coordinates": [ [ [ 86351.969000000506639, 3198584.420000001788139 ], [ 86286.004399999044836, 3198560.996300002560019 ], [ 86232.71580000128597, 3198542.073699999600649 ], [ 86185.872800000011921, 3198523.336500002071261 ], [ 85784.766700000502169, 3198362.894099999219179 ], [ 85745.268100000917912, 3198345.909700000658631 ], [ 85630.434399999678135, 3198296.531200001016259 ], [ 85287.045500000938773, 3198148.874000001698732 ], [ 84995.878600000403821, 3198036.886700000613928 ], [ 84491.012900001369417, 3197839.034 ], [ 84443.408000000752509, 3197820.378000000491738 ], [ 84278.987399999983609, 3197757.959000002592802 ], [ 84174.638500000350177, 3197718.345100002363324 ], [ 84122.377800001762807, 3197641.198300000280142 ], [ 83762.400799999944866, 3197065.235200002789497 ], [ 83724.200800000689924, 3197004.115200003609061 ], [ 83545.132600001059473, 3196730.593399999663234 ], [ 83497.737700001336634, 3196658.198900001123548 ], [ 83313.580799999646842, 3196349.6118 ], [ 83249.077900001779199, 3196245.927400004118681 ], [ 82991.300800000317395, 3195831.566600002348423 ], [ 82711.338200000114739, 3195381.544000001624227 ], [ 82441.18370000179857, 3194934.888500003144145 ], [ 82337.676300001330674, 3194763.756300000473857 ], [ 82151.401800000108778, 3194455.782500002533197 ], [ 82012.76310000102967, 3194232.203199997544289 ], [ 81798.019700000062585, 3193885.891700001433492 ], [ 81688.52110000140965, 3193701.734900001436472 ], [ 81611.37430000025779, 3193574.816000003367662 ], [ 81608.885700000450015, 3193515.089399999007583 ], [ 81621.998800001107156, 3193456.584899999201298 ], [ 81622.1081000007689, 3193456.096999999135733 ], [ 81641.237499999813735, 3193370.75029999949038 ], [ 81860.234899999573827, 3192853.120200000703335 ], [ 82099.141099999658763, 3192275.763600001111627 ], [ 82122.964300000108778, 3192223.264200003817677 ], [ 82233.525800000876188, 3191979.619400000199676 ], [ 82262.109400002285838, 3191955.433299999684095 ], [ 82298.229500001296401, 3191924.870100000873208 ], [ 82462.47759999986738, 3191830.303100001066923 ], [ 82609.305300001055002, 3191755.644900001585484 ], [ 82639.168600000441074, 3191688.452500002458692 ], [ 82677.369099999777973, 3191596.134700000286102 ], [ 82698.89510000217706, 3191544.113400001078844 ], [ 82831.247200000099838, 3190989.999600000679493 ], [ 82862.377800000831485, 3190859.665900001302361 ], [ 82885.540600000880659, 3190762.691099999472499 ], [ 82897.983599999919534, 3190613.37470000050962 ], [ 82840.745699999853969, 3190319.719200000166893 ], [ 82819.791899999603629, 3190182.02280000038445 ], [ 82805.905199999921024, 3190090.767400002107024 ], [ 82788.484900000505149, 3189632.863900002092123 ], [ 82728.758400000631809, 3189471.104499999433756 ], [ 82713.826799999922514, 3189264.550200002267957 ], [ 82728.758400000631809, 3189142.608500003814697 ], [ 82761.110299999825656, 3189065.461700001731515 ], [ 82800.928000001236796, 3188928.588400000706315 ], [ 82817.238700001500547, 3188845.293500000610948 ] ] ] } },
{ "type": "Feature", "properties": { "IMIS_CODE": "31130010008001000", "PARENT_CHA": "Thereposti Disty", "REMARKS": null, "ZONE_NAME": "Bahawalpur", "CIRCLE_NAM": "Rahimyar Khan", "CHANNEL_NA": "Gulzar Minor", "CHANNEL_TY": "M", "DESIGNED_D": 17.0 }, "geometry": { "type": "MultiLineString", "coordinates": [ [ [ 85784.766700000502169, 3198362.894099999219179 ], [ 85787.52350000012666, 3198187.98930000141263 ], [ 85724.412100002169609, 3197746.209300002083182 ], [ 85651.591199999675155, 3197581.148600002750754 ], [ 85646.860800000838935, 3197573.028000004589558 ], [ 85360.307599999941885, 3197081.111900001764297 ], [ 85274.573500000871718, 3196909.6436 ], [ 85195.247000001370907, 3196750.990600001066923 ], [ 85167.426200000569224, 3196664.746300002560019 ], [ 85146.699700000695884, 3196600.49410000257194 ], [ 85107.861899999901652, 3196498.544800000265241 ], [ 85093.297700000926852, 3196372.322000002488494 ], [ 85015.307900000363588, 3195823.504800003021955 ], [ 84962.220200001262128, 3195449.924100002273917 ], [ 84874.835099998861551, 3195061.5461 ], [ 84874.835099998861551, 3195028.967400001361966 ], [ 84874.835099998861551, 3194891.967400003224611 ], [ 84874.835099998861551, 3194794.5362 ], [ 84845.706700000911951, 3194265.371099999174476 ], [ 84845.706700000911951, 3194160.768400000408292 ], [ 84845.706700000911951, 3194027.489600002765656 ], [ 84797.159500000998378, 3193886.702500002458692 ], [ 84735.032500000670552, 3193755.908900000154972 ], [ 84704.919700002297759, 3193692.513500003144145 ], [ 84627.244099999777973, 3193609.983200002461672 ], [ 84549.568500001914799, 3193551.726500004529953 ], [ 84549.959300002083182, 3193542.347500002011657 ], [ 84554.423199999146163, 3193435.212999999523163 ], [ 84646.663000001572073, 3193134.220100002363324 ], [ 84682.360000000335276, 3193061.551200004294515 ], [ 84797.223299999721348, 3192827.722300000488758 ], [ 84806.868900001980364, 3192740.98730000294745 ], [ 84847.132500002160668, 3192683.27620000205934 ], [ 84857.912499999627471, 3192618.596100002527237 ], [ 84874.504000000655651, 3192608.791999999433756 ], [ 84874.934500000439584, 3192608.537599997594953 ] ] ] } },
{ "type": "Feature", "properties": { "IMIS_CODE": "31130010009000000", "PARENT_CHA": "Minchin Branch", "REMARKS": null, "ZONE_NAME": "Bahawalpur", "CIRCLE_NAM": "Rahimyar Khan", "CHANNEL_NA": "Arif Disty", "CHANNEL_TY": "D", "DESIGNED_D": 29.0 }, "geometry": { "type": "MultiLineString", "coordinates": [ [ [ 86660.884399999864399, 3194928.29420000128448 ], [ 86624.00310000218451, 3194845.177699999883771 ], [ 86727.005800001323223, 3194257.456700000911951 ], [ 86788.741900000721216, 3193844.463500002399087 ], [ 86876.024000000208616, 3193508.108200002461672 ], [ 86946.275400000624359, 3193218.587200002744794 ], [ 86946.275400000624359, 3193161.108800001442432 ], [ 86916.471700000576675, 3193124.918700003996491 ], [ 86837.705000001937151, 3193063.182600004598498 ], [ 86761.067100000567734, 3192869.459000000730157 ], [ 86654.625599999912083, 3192648.060599999502301 ], [ 86586.503000001423061, 3192482.0118000023067 ], [ 86514.122700001113117, 3192288.288200000301003 ], [ 86458.773100000806153, 3192218.036700000986457 ], [ 86269.307199998758733, 3192015.797800000756979 ], [ 86209.69990000128746, 3191917.871600000187755 ], [ 86113.902500000782311, 3191696.473200002685189 ], [ 86077.71239999961108, 3191594.289300002157688 ], [ 86047.908800000324845, 3191460.173000002279878 ], [ 86022.362800002098083, 3191394.179200001060963 ], [ 85915.92130000051111, 3191247.289900001138449 ], [ 85737.099499999545515, 3190981.186000002548099 ], [ 85668.976900001056492, 3190823.65260000154376 ], [ 85634.915599999949336, 3190685.278600001707673 ], [ 85608.712200000882149, 3190564.318800000473857 ], [ 85544.056400001049042, 3190406.0236000046134 ], [ 85312.187199998646975, 3189942.285299999639392 ], [ 85223.006800000555813, 3189741.629300002008677 ], [ 85122.67879999987781, 3189520.907800002023578 ], [ 85098.154200000688434, 3189454.022400001063943 ], [ 85098.154200000688434, 3189418.350299999117851 ], [ 85109.301699999719858, 3189335.858400002121925 ], [ 85127.137799999676645, 3189253.366499999538064 ], [ 85144.973900000564754, 3189103.989199999719858 ] ] ] } },
{ "type": "Feature", "properties": { "IMIS_CODE": "31130010010000000", "PARENT_CHA": "Minchin Branch", "REMARKS": null, "ZONE_NAME": "Bahawalpur", "CIRCLE_NAM": "Rahimyar Khan", "CHANNEL_NA": "Chuhar Disty", "CHANNEL_TY": "D", "DESIGNED_D": 40.0 }, "geometry": { "type": "MultiLineString", "coordinates": [ [ [ 86660.884399999864399, 3194928.29420000128448 ], [ 86723.092300000600517, 3194903.41100000217557 ], [ 86725.877799999900162, 3194902.296900004148483 ], [ 86976.748800001107156, 3194801.948500003665686 ], [ 87424.975499998778105, 3194627.471000000834465 ], [ 87843.119800001382828, 3194468.034700004383922 ], [ 87889.575500002130866, 3194446.258600000292063 ], [ 88035.646700001321733, 3194377.787700003013015 ], [ 88044.021599999628961, 3194368.27080000191927 ], [ 88073.089200001209974, 3194335.239400003105402 ], [ 88101.827800001017749, 3194302.58190000243485 ], [ 88186.058299999684095, 3194146.153800001367927 ], [ 88402.651100001297891, 3193758.09180000051856 ], [ 88404.627400000579655, 3193754.13910000026226 ], [ 88513.300300001166761, 3193536.793299999088049 ], [ 88634.285000000149012, 3193294.824000000953674 ], [ 88782.517300001345575, 3192977.244899999350309 ], [ 88806.757000001147389, 3192925.312699999660254 ], [ 88810.882299999706447, 3192376.638900000602007 ], [ 88812.104900000616908, 3192214.032900001853704 ], [ 88816.172500002197921, 3192073.702400002628565 ], [ 88816.346300001256168, 3192067.704900000244379 ], [ 88821.822300000116229, 3191878.784300001338124 ], [ 88821.836799999698997, 3191878.284500000998378 ], [ 88822.800900001078844, 3191845.023000003769994 ], [ 88806.757000001147389, 3190877.0406 ], [ 88801.408999999053776, 3190770.081199999898672 ], [ 88322.847400000318885, 3189996.648200003430247 ], [ 88271.960099999792874, 3189914.406199999153614 ], [ 88592.822700001299381, 3188928.641000002622604 ], [ 88588.585800000466406, 3188883.446900000795722 ], [ 88588.777600000612438, 3188879.226299999281764 ], [ 88588.800300001166761, 3188878.726800000295043 ], [ 88588.823099999688566, 3188878.227299997583032 ] ] ] } },
{ "type": "Feature", "properties": { "IMIS_CODE": "31130010010001000", "PARENT_CHA": "Chuhar Disty", "REMARKS": null, "ZONE_NAME": "Bahawalpur", "CIRCLE_NAM": "Rahimyar Khan", "CHANNEL_NA": "Feroza Minor", "CHANNEL_TY": "M", "DESIGNED_D": 8.0 }, "geometry": { "type": "MultiLineString", "coordinates": [ [ [ 88822.800900001078844, 3191845.023000003769994 ], [ 90140.675999999977648, 3191194.700700003653765 ], [ 90369.635400001890957, 3191095.83190000243485 ], [ 90478.911500001326203, 3191017.777499999850988 ], [ 90530.947800001129508, 3190918.908700004220009 ], [ 90666.24199999962002, 3190794.02170000039041 ], [ 90676.64919999986887, 3190731.578300001099706 ], [ 90640.223799999803305, 3190190.401499999687076 ], [ 90650.631100001744926, 3190018.68189999833703 ] ] ] } },
{ "type": "Feature", "properties": { "IMIS_CODE": "31130020000000000", "PARENT_CHA": "Punjnad Main Line", "REMARKS": null, "ZONE_NAME": "Bahawalpur", "CIRCLE_NAM": "Rahimyar Khan", "CHANNEL_NA": "Rahimyar Khan Branch", "CHANNEL_TY": "BC", "DESIGNED_D": 1291.0 }, "geometry": { "type": "MultiLineString", "coordinates": [ [ [ 74701.524100000038743, 3209688.618600001558661 ], [ 74790.93269999884069, 3209532.335300002247095 ], [ 74890.956799999810755, 3209416.751900004222989 ], [ 74952.935100000351667, 3209345.13260000012815 ], [ 75114.937400000169873, 3209132.729600001126528 ], [ 75150.93790000025183, 3209006.727800004184246 ], [ 75212.138799998909235, 3208790.724700003862381 ], [ 75258.939400001429021, 3208589.121799997985363 ], [ 75265.328999999910593, 3208483.813000001013279 ], [ 75230.966900002211332, 3208421.96140000410378 ], [ 75122.137500000186265, 3208355.11850000359118 ], [ 74920.534600000828505, 3208160.715700004249811 ], [ 74718.931700000539422, 3207897.912000000476837 ], [ 74582.129800000227988, 3207602.707700001075864 ], [ 74409.32730000000447, 3207264.302899999544024 ], [ 74312.125900000333786, 3207059.100000001490116 ], [ 74225.724700001068413, 3206835.896800000220537 ], [ 74229.324699999764562, 3206663.094300001859665 ], [ 74229.324699999764562, 3206540.692600002512336 ], [ 74186.124100000597537, 3205975.484499998390675 ], [ 74150.12360000051558, 3205507.477800000458956 ], [ 74150.12360000051558, 3205190.6733 ], [ 74160.923700000159442, 3204931.469600001350045 ], [ 74027.721799999475479, 3204650.665500001981854 ], [ 73977.321100001223385, 3204463.462900001555681 ], [ 73952.120699999853969, 3204297.860500000417233 ], [ 73973.721099999733269, 3204117.857900001108646 ], [ 74034.921900000423193, 3203826.253800000995398 ], [ 74135.723399999551475, 3203365.447200002148747 ], [ 74225.724700001068413, 3203070.243000000715256 ], [ 74286.925500001758337, 3202861.440000001341105 ], [ 74348.126400000415742, 3202598.636199999600649 ], [ 74387.727000000886619, 3202368.232900001108646 ], [ 74369.726700000464916, 3202278.231600003316998 ], [ 74339.658699999563396, 3202230.476700000464916 ], [ 74338.123000000603497, 3202228.037600003182888 ], [ 74308.525800000876188, 3202181.030300002545118 ], [ 74240.124900000169873, 3202123.429400004446507 ], [ 74175.323900001123548, 3202098.229099998250604 ], [ 74117.723100000992417, 3202058.628499999642372 ], [ 74060.122299998998642, 3201979.427400002256036 ], [ 73955.720800001174212, 3201831.825300004333258 ], [ 73869.319600000046194, 3201781.424500001594424 ], [ 73743.317800000309944, 3201756.224200000986457 ], [ 73451.713600001297891, 3201720.223700003698468 ], [ 73361.712300000712276, 3201702.223400000482798 ], [ 73293.311300000175834, 3201637.422499999403954 ], [ 73221.310300000011921, 3201540.221100000664592 ], [ 73037.707700001075864, 3201421.419399999082088 ], [ 72872.10530000180006, 3201327.81810000166297 ], [ 72717.303100000135601, 3201227.01659999974072 ], [ 72328.497499999590218, 3200939.012499999254942 ], [ 72206.095800002105534, 3200841.81110000424087 ], [ 72137.694799999706447, 3200737.40960000269115 ], [ 72026.093200000934303, 3200489.006100002676249 ], [ 72026.093200000934303, 3200323.403699999675155 ], [ 72015.293099999427795, 3199855.396999999880791 ], [ 71993.692800000309944, 3199567.392899999395013 ], [ 71939.691999999806285, 3199426.990900000557303 ], [ 71928.891800001263618, 3199308.1891999989748 ], [ 71954.09220000077039, 3199167.787200001999736 ], [ 72029.693300001323223, 3198933.78380000218749 ], [ 72119.694600000046194, 3198696.180500002577901 ], [ 71946.892099999822676, 3198447.776900002732873 ], [ 70938.877700000070035, 3197043.756799999624491 ], [ 70866.876699999906123, 3196928.555200001224875 ], [ 70179.266800002194941, 3196370.547200001776218 ], [ 69801.261400001123548, 3196057.342700000852346 ], [ 69747.260700001381338, 3195974.541600001975894 ], [ 69714.86019999999553, 3195880.940200001001358 ], [ 69527.657500000670552, 3195229.330900000408292 ], [ 69354.855000001378357, 3194930.526600001379848 ], [ 69257.653700000606477, 3194746.924000004306436 ], [ 69045.250599999912083, 3194376.118699999526143 ], [ 68919.248800001107156, 3194156.515599999576807 ], [ 68840.04769999999553, 3193958.512700002640486 ], [ 68796.847100000828505, 3193893.711799997836351 ], [ 68724.84599999897182, 3193792.910400001332164 ], [ 68623.573499999940395, 3193688.159400003030896 ], [ 68595.244199998676777, 3193674.10869999974966 ], [ 68213.638700000941753, 3193303.303400004282594 ], [ 67785.232599999755621, 3192878.497300002723932 ], [ 67450.427799999713898, 3192536.49239999987185 ], [ 66986.021200002171099, 3192057.685600001364946 ], [ 66870.819500002078712, 3191946.084000000730157 ], [ 66716.017300000414252, 3191769.681500000879169 ], [ 66471.213800000026822, 3191524.878000002354383 ], [ 66316.411600000225008, 3191355.675500003620982 ], [ 66089.60840000025928, 3191125.272299999371171 ], [ 65974.406700000166893, 3191042.471100000664592 ], [ 65866.405200001783669, 3190984.87020000256598 ], [ 65783.604000000283122, 3190952.469800002872944 ], [ 65405.598600000143051, 3190779.667300000786781 ], [ 64933.991899999789894, 3190610.4649 ], [ 64707.188600000925362, 3190516.863600002601743 ], [ 64631.587500000372529, 3190477.263000002130866 ], [ 64559.586500000208616, 3190412.462100001052022 ], [ 64483.985399999655783, 3190344.06110000051558 ], [ 64408.384400000795722, 3190254.059800000861287 ], [ 64339.98340000025928, 3190138.858200002461672 ], [ 64109.580100000835955, 3189764.4528 ], [ 63637.973299999721348, 3188983.241599999368191 ], [ 63525.835800000466406, 3188794.378499997779727 ], [ 63364.369400001130998, 3188522.435100000351667 ], [ 63307.228600000031292, 3188436.723799999803305 ], [ 63119.565900000743568, 3188155.229800002649426 ], [ 63000.764200000092387, 3188014.8278 ], [ 62777.561000000685453, 3187802.424800001084805 ], [ 62424.756000000983477, 3187446.01970000192523 ], [ 61956.749300002120435, 3186970.812900001183152 ], [ 61848.747800000943244, 3186866.411400001496077 ], [ 61751.546400001272559, 3186744.009600002318621 ], [ 61650.744899999350309, 3186600.007600001990795 ], [ 61488.742600000463426, 3186394.80460000038147 ], [ 61384.341099999845028, 3186250.802599998190999 ], [ 61254.739299999549985, 3186067.200000002980232 ], [ 61056.736499999649823, 3185807.996300002560019 ], [ 60869.533800001256168, 3185581.193 ], [ 60682.331100000068545, 3185307.589099999517202 ], [ 60606.730000001378357, 3185206.78770000115037 ], [ 60538.328999999910593, 3185141.986700002104044 ], [ 60394.32700000051409, 3185055.5855 ], [ 60088.322600000537932, 3184911.583499999716878 ], [ 59638.316199999302626, 3184706.380500001832843 ], [ 58788.703999999910593, 3184292.374600002542138 ], [ 58277.496699999086559, 3184047.571100000292063 ], [ 57827.49030000064522, 3183842.368200002238154 ], [ 57708.688599999062717, 3183788.367400001734495 ], [ 57691.317699999548495, 3183775.507500004023314 ], [ 57674.392700001597404, 3183762.066199999302626 ], [ 57657.932900001294911, 3183748.059000002220273 ], [ 57641.957399999722838, 3183733.502100000157952 ], [ 57626.484400001354516, 3183718.412000000476837 ], [ 57611.531700000166893, 3183702.806100001558661 ], [ 57597.116600000299513, 3183686.702500002458692 ], [ 57583.25550000090152, 3183670.1195 ], [ 57569.964399999938905, 3183653.076300002634525 ], [ 57557.258600000292063, 3183635.592400003224611 ], [ 57545.152599999681115, 3183617.687900001183152 ], [ 57533.660500000230968, 3183599.383400000631809 ], [ 57522.79530000127852, 3183580.699899999424815 ], [ 57512.569600000977516, 3183561.658900002017617 ], [ 57502.995200000703335, 3183542.282300001010299 ], [ 57494.082900000736117, 3183522.592300001531839 ], [ 57485.843100000172853, 3183502.611500000581145 ], [ 57478.285299999639392, 3183482.363000001758337 ], [ 57477.788700001314282, 3183480.397099999710917 ], [ 57391.884100000374019, 3183140.358100002631545 ], [ 57269.48410000000149, 3182785.278500001877546 ], [ 57061.77620000205934, 3182140.125 ], [ 56964.216400000266731, 3181856.886900000274181 ], [ 56847.774100000038743, 3181674.355700001120567 ], [ 56668.38990000076592, 3181359.64670000039041 ], [ 56319.063000001013279, 3180786.876400001347065 ], [ 55859.587799999862909, 3180025.280600002035499 ], [ 55620.409000000916421, 3179613.011900000274181 ], [ 55560.614299999549985, 3179496.569499999284744 ], [ 55519.702100002206862, 3179411.598099999129772 ], [ 55494.525399999693036, 3179059.124000001698732 ], [ 55441.024900000542402, 3178036.31980000063777 ], [ 55434.730700001120567, 3177535.932499999180436 ], [ 55396.965600000694394, 3176380.950500002130866 ], [ 55385.027999999932945, 3176004.916600000113249 ], [ 55384.94410000089556, 3176002.27419999986887 ], [ 55378.083100002259016, 3175786.150500001385808 ], [ 55324.582600000314415, 3174388.84260000102222 ], [ 55277.376200000755489, 3173551.716700002551079 ], [ 55299.405800001695752, 3173397.50929999910295 ], [ 55396.965600000694394, 3173092.241600003093481 ], [ 55733.704200001433492, 3171890.053300004452467 ], [ 55878.470399999991059, 3171380.224700000137091 ], [ 55938.265100000426173, 3171172.516799997538328 ], [ 55942.073300001211464, 3171157.622700002044439 ], [ 55945.223000000230968, 3171142.575600001960993 ], [ 55947.708100000396371, 3171127.4046 ], [ 55949.523700000718236, 3171112.139000000432134 ], [ 55950.666500002145767, 3171096.808299999684095 ], [ 55951.134100002236664, 3171081.442199999466538 ], [ 55950.926000000908971, 3171066.079800002276897 ], [ 55950.043100000359118, 3171050.74129999987781 ], [ 55948.487200000323355, 3171035.456500001251698 ], [ 55946.261100000701845, 3171020.25480000115931 ], [ 55943.369199999608099, 3171005.1656 ], [ 55939.817099999636412, 3170990.218000000342727 ], [ 55935.611700001172721, 3170975.440900001674891 ], [ 55930.761000000871718, 3170960.8629 ], [ 55925.274500000290573, 3170946.5121 ], [ 55919.074100000783801, 3170932.223600000143051 ], [ 55912.243300001136959, 3170918.22550000064075 ], [ 55904.795700000599027, 3170904.5456000007689 ], [ 55896.746199999935925, 3170891.211000001057982 ], [ 55888.110700001008809, 3170878.248200001195073 ], [ 55878.906400000676513, 3170865.682900002226233 ], [ 55869.151399999856949, 3170853.540100004523993 ], [ 55858.865200000815094, 3170841.843900002539158 ], [ 55848.068300000391901, 3170830.617500001564622 ], [ 55836.781999999657273, 3170819.883199999108911 ], [ 55825.028699999675155, 3170809.662300001829863 ], [ 55812.831799999810755, 3170799.975099999457598 ], [ 55800.215500000864267, 3170790.840800002217293 ], [ 55787.204800001345575, 3170782.27760000154376 ], [ 55293.111700001172721, 3170303.9199 ], [ 54685.723300000652671, 3169724.855400003492832 ], [ 54455.985799999907613, 3169498.264900002628565 ], [ 53993.363499999977648, 3169060.819400001317263 ], [ 53448.917000001296401, 3168541.549600003287196 ], [ 52781.733900000341237, 3167890.102 ], [ 52731.380499999970198, 3167808.277700003236532 ], [ 52640.114900000393391, 3167606.863900000229478 ], [ 52369.46520000230521, 3167015.211000001057982 ], [ 51913.137100000865757, 3166058.495699999853969 ], [ 51670.811200002208352, 3165683.992000002413988 ], [ 51356.10219999961555, 3165180.457600001245737 ], [ 50893.479999999515712, 3164450.332699999213219 ], [ 50849.420700000599027, 3164337.037499999627471 ], [ 50839.979500000365078, 3164176.535900002345443 ], [ 50880.89159999974072, 3163411.793100001290441 ], [ 50880.298100000247359, 3163359.4616 ], [ 50886.510200000368059, 3163186.61089999973774 ] ] ] } },
{ "type": "Feature", "properties": { "IMIS_CODE": "31130020001000000", "PARENT_CHA": "Rahimyar Khan Branch", "REMARKS": null, "ZONE_NAME": "Bahawalpur", "CIRCLE_NAM": "Rahimyar Khan", "CHANNEL_NA": "Habib Disty", "CHANNEL_TY": "D", "DESIGNED_D": 27.0 }, "geometry": { "type": "MultiLineString", "coordinates": [ [ [ 74890.956799999810755, 3209416.751900004222989 ], [ 74881.650900000706315, 3209374.881699999794364 ], [ 74946.708899999968708, 3209300.256400000303984 ], [ 75088.305700000375509, 3209116.563200004398823 ], [ 75166.758000001311302, 3208869.725500002503395 ], [ 75227.989099999889731, 3208594.185699999332428 ], [ 75229.902500000782311, 3208467.896600002422929 ], [ 75086.392200000584126, 3208349.261400001123548 ], [ 74957.044999999925494, 3208245.9463 ], [ 74887.39130000025034, 3208169.395200002938509 ], [ 74657.774800001643598, 3207872.807200001552701 ], [ 74498.956700001843274, 3207624.056000001728535 ], [ 74366.927199999801815, 3207501.593900000676513 ], [ 74204.282200001180172, 3207377.218299999833107 ], [ 74125.829900000244379, 3207289.198700003325939 ], [ 74074.166199998930097, 3207214.573300004005432 ], [ 74064.598900000564754, 3207157.16920000128448 ], [ 74021.86470000166446, 3206946.58110000193119 ], [ 73974.240500001236796, 3206824.119000000879169 ], [ 73834.769800000824034, 3206487.348100000992417 ], [ 73732.718000001274049, 3206245.8256 ], [ 73620.461100000888109, 3205987.294399999082088 ], [ 73532.016200001351535, 3205789.994300000369549 ], [ 73419.759200000204146, 3205681.139100002124906 ], [ 73280.288499999791384, 3205483.838999999687076 ], [ 73110.202200000174344, 3205068.828500002622604 ], [ 72940.115900000557303, 3204636.809300001710653 ], [ 72831.260700001381338, 3204337.457499999552965 ], [ 72793.841700000688434, 3204204.790200002491474 ], [ 72776.833100001327693, 3203721.745100002735853 ], [ 72776.412400001659989, 3203719.113300003111362 ] ] ] } },
{ "type": "Feature", "properties": { "IMIS_CODE": "31130020002000000", "PARENT_CHA": "Rahimyar Khan Branch", "REMARKS": null, "ZONE_NAME": "Bahawalpur", "CIRCLE_NAM": "Rahimyar Khan", "CHANNEL_NA": "Saaidan Disty", "CHANNEL_TY": "D", "DESIGNED_D": 18.0 }, "geometry": { "type": "MultiLineString", "coordinates": [ [ [ 74890.956799999810755, 3209416.751900004222989 ], [ 74924.112500000745058, 3209416.364500001072884 ], [ 74981.893900000490248, 3209349.459699999541044 ], [ 75116.677200000733137, 3209165.019400000572205 ], [ 75136.754999999888241, 3209123.909200001507998 ], [ 75156.21820000000298, 3209077.413800001144409 ], [ 75157.027500001713634, 3209075.615400003269315 ], [ 75208.120099999941885, 3208914.138900000602007 ], [ 75270.834999999962747, 3208677.336300002411008 ], [ 75285.973100000061095, 3208580.020199999213219 ], [ 75287.054299999959767, 3208516.224099999293685 ], [ 75283.200700000859797, 3208480.044199999421835 ], [ 75264.548499999567866, 3208436.251900000497699 ], [ 75233.73170000128448, 3208405.435200002044439 ], [ 75159.933600001037121, 3208347.045499999076128 ], [ 75062.617499999701977, 3208272.436400001868606 ], [ 74975.84389999974519, 3208181.607999999076128 ], [ 74835.546500001102686, 3208013.737700000405312 ], [ 74743.907100000418723, 3207885.604800002649426 ], [ 74692.816200000233948, 3207783.422900000587106 ], [ 74624.694899999536574, 3207644.747400002554059 ], [ 74546.842000000178814, 3207478.499000001698732 ], [ 74460.879400000907481, 3207300.896999999880791 ], [ 74297.063900000415742, 3206969.211200002580881 ], [ 74262.853600000031292, 3206856.807600004598498 ], [ 74259.009000000543892, 3206676.112000001594424 ], [ 74241.708400001749396, 3206303.187000004574656 ], [ 74228.252299999818206, 3206020.609700001776218 ], [ 74201.293499999679625, 3205507.417300002649426 ] ] ] } },
{ "type": "Feature", "properties": { "IMIS_CODE": "31130020003000000", "PARENT_CHA": "Rahimyar Khan Branch", "REMARKS": null, "ZONE_NAME": "Bahawalpur", "CIRCLE_NAM": "Rahimyar Khan", "CHANNEL_NA": "Kararu Disty", "CHANNEL_TY": "D", "DESIGNED_D": 65.0 }, "geometry": { "type": "MultiLineString", "coordinates": [ [ [ 74338.123000000603497, 3202228.037600003182888 ], [ 74389.897400001063943, 3202156.636100001633167 ], [ 74473.921099999919534, 3202068.190099999308586 ], [ 74695.036199999973178, 3201860.341900002211332 ], [ 75000.174999999813735, 3201564.047700000926852 ], [ 75238.979200000874698, 3201338.510400000959635 ], [ 75287.624499999918044, 3201289.865100001916289 ], [ 75305.313800001516938, 3201214.685900002717972 ], [ 75278.779900001361966, 3201104.128400001674891 ], [ 75163.800100000575185, 3200900.702600002288818 ], [ 74973.641200000420213, 3200560.185400003567338 ], [ 74876.350499999709427, 3200361.181800000369549 ], [ 74734.836899999529123, 3199998.553099999204278 ], [ 74588.901000001467764, 3199671.302800001576543 ], [ 74522.566400000825524, 3199556.323000000789762 ], [ 74412.008900000713766, 3199450.18779999949038 ], [ 74332.407500000670552, 3199308.674100000411272 ], [ 74301.451399999670684, 3199202.538899999111891 ], [ 74190.893900001421571, 3198755.886500002816319 ], [ 74040.535599999129772, 3198229.632600001990795 ], [ 73894.599700001068413, 3197579.554400002583861 ], [ 73841.532100000418723, 3197292.104800000786781 ], [ 73726.552200000733137, 3196929.476099999621511 ], [ 73673.484600000083447, 3196752.584000002592802 ], [ 73673.484600000083447, 3196655.293400000780821 ], [ 73704.440700001083314, 3196575.69200000166893 ], [ 73907.866600001230836, 3196177.684900002554059 ], [ 73952.089600000530481, 3195969.836700001731515 ], [ 73983.045699999667704, 3195828.323100000619888 ], [ 73983.045699999667704, 3195722.187899999320507 ], [ 73978.623399999924004, 3195624.897200001403689 ], [ 73952.089600000530481, 3195536.451199999079108 ], [ 73929.978100000880659, 3195333.025300001725554 ], [ 73943.244999999180436, 3195266.6908 ], [ 74137.826200000010431, 3194890.795199999585748 ], [ 74292.606800000183284, 3194625.45719999819994 ], [ 74478.343399999663234, 3194422.031300000846386 ], [ 74575.634100000374019, 3194289.362299999222159 ], [ 74770.215300000272691, 3194037.29110000282526 ], [ 74902.884300000965595, 3193922.311300002038479 ], [ 75128.421700000762939, 3193701.196200001984835 ], [ 75163.800100000575185, 3193329.722900001332164 ], [ 75172.644700000062585, 3193024.584100000560284 ], [ 75132.843999999575317, 3192732.712200000882149 ], [ 75031.131100000813603, 3192232.992200000211596 ], [ 74880.772800001315773, 3191795.184399999678135 ], [ 74823.282900000922382, 3191671.359999999403954 ], [ 74907.306600000709295, 3191476.7787000015378 ], [ 75070.931800000369549, 3191282.197500001639128 ], [ 75166.92580000218004, 3191131.254700003191829 ] ] ] } },
{ "type": "Feature", "properties": { "IMIS_CODE": "31130020003001000", "PARENT_CHA": "Kararu Disty", "REMARKS": null, "ZONE_NAME": "Bahawalpur", "CIRCLE_NAM": "Rahimyar Khan", "CHANNEL_NA": "Mudhu Minor", "CHANNEL_TY": "M", "DESIGNED_D": 15.0 }, "geometry": { "type": "MultiLineString", "coordinates": [ [ [ 75287.624499999918044, 3201289.865100001916289 ], [ 75611.516900000162423, 3201076.456800000742078 ], [ 75978.309300000779331, 3200841.098300004377961 ], [ 76213.66780000180006, 3200697.437999999150634 ], [ 76473.479099999181926, 3200535.438000002875924 ], [ 76815.81870000064373, 3200324.532299999147654 ], [ 76895.290400001220405, 3200248.117200000211596 ], [ 76886.120600000023842, 3199869.098400002345443 ], [ 76883.064000000245869, 3199487.022900003939867 ], [ 76880.007400000467896, 3199233.324799999594688 ], [ 76873.894200001843274, 3199147.739900002256036 ], [ 76838.834500000812113, 3198355.570000002160668 ] ] ] } },
{ "type": "Feature", "properties": { "IMIS_CODE": "31130020004000000", "PARENT_CHA": "Rahimyar Khan Branch", "REMARKS": null, "ZONE_NAME": "Bahawalpur", "CIRCLE_NAM": "Rahimyar Khan", "CHANNEL_NA": "Sher Disty", "CHANNEL_TY": "D", "DESIGNED_D": 20.0 }, "geometry": { "type": "MultiLineString", "coordinates": [ [ [ 72137.694799999706447, 3200737.40960000269115 ], [ 72032.011800001375377, 3200711.482600001618266 ], [ 71861.18099999986589, 3200613.464900001883507 ], [ 71726.756700000725687, 3200521.048200001940131 ], [ 71656.744100000709295, 3200453.836100000888109 ], [ 71525.120400001294911, 3200255.000300001353025 ], [ 71371.092600000090897, 3200075.768000001087785 ], [ 71264.673500000499189, 3199927.341199999675155 ], [ 71141.451200001873076, 3199706.101299999281764 ], [ 71051.835100000724196, 3199515.666999999433756 ], [ 70979.021999999880791, 3199370.040800001472235 ], [ 70897.807300001382828, 3199207.6114999987185 ], [ 70743.779600000940263, 3198860.348900003358722 ], [ 70654.163400001823902, 3198781.934800002723932 ], [ 70346.107900000177324, 3198507.485300002619624 ], [ 70085.660900000482798, 3198213.432300001382828 ], [ 70032.451299999840558, 3198076.207499999552965 ], [ 69987.643300000578165, 3197910.977800000458956 ], [ 69914.830100001767278, 3197765.351500000804663 ], [ 69892.426100000739098, 3197650.530800003558397 ], [ 69886.825100000947714, 3197518.9070999994874 ], [ 69886.825100000947714, 3197404.086400002241135 ], [ 69819.612999999895692, 3197093.230400001630187 ], [ 69791.607900001108646, 3196930.801100002601743 ], [ 69805.610500001348555, 3196656.351600000634789 ], [ 69679.587700000032783, 3196373.500600002706051 ], [ 69511.557400000281632, 3196146.659700000658631 ], [ 69413.539800002239645, 3195975.8289 ] ] ] } },
{ "type": "Feature", "properties": { "IMIS_CODE": "31130020005000000", "PARENT_CHA": "Rahimyar Khan Branch", "REMARKS": null, "ZONE_NAME": "Bahawalpur", "CIRCLE_NAM": "Rahimyar Khan", "CHANNEL_NA": "3L-Haji Disty", "CHANNEL_TY": "D", "DESIGNED_D": 199.0 }, "geometry": { "type": "MultiLineString", "coordinates": [ [ [ 72119.694600000046194, 3198696.180500002577901 ], [ 72152.122299999929965, 3198614.373100003227592 ], [ 72185.655500000342727, 3198529.776900002732873 ], [ 72200.042100000195205, 3198493.48280000127852 ], [ 72376.473899999633431, 3198157.422200001776218 ], [ 72442.900700001046062, 3198033.730800002813339 ], [ 72457.688500001095235, 3198006.194900004193187 ], [ 72464.356400000862777, 3197995.909000003710389 ], [ 72470.350500001572073, 3197985.216399999335408 ], [ 72475.646300002001226, 3197974.16130000166595 ], [ 72480.221800001338124, 3197962.789200000464916 ], [ 72484.058299999684095, 3197951.1469 ], [ 72487.13990000076592, 3197939.282500000670552 ], [ 72489.453900001011789, 3197927.244800001382828 ], [ 72490.990799999795854, 3197915.083400001749396 ], [ 72491.744200000539422, 3197902.848500000312924 ], [ 72491.711099999956787, 3197890.590500000864267 ], [ 72490.89159999974072, 3197878.359800001606345 ], [ 72489.289000000804663, 3197866.207000002264977 ], [ 72486.910000001080334, 3197854.181900002062321 ], [ 72483.764299999922514, 3197842.334300000220537 ], [ 72479.865000000223517, 3197830.712999999523163 ], [ 72475.228100001811981, 3197819.365800002589822 ], [ 72469.87260000128299, 3197808.339400002732873 ], [ 72463.820800000801682, 3197797.679400000721216 ], [ 72457.097500000149012, 3197787.429700003936887 ], [ 72449.730299999937415, 3197777.632400002330542 ], [ 72441.749800002202392, 3197768.32799999974668 ], [ 72433.188700001686811, 3197759.554800001904368 ], [ 72424.082399999722838, 3197751.348999997600913 ], [ 72382.074900002218783, 3197642.129300000146031 ], [ 72362.471300001256168, 3197546.912100002169609 ], [ 72357.978800000622869, 3197488.509900001809001 ], [ 72357.940499999560416, 3197488.011399999260902 ], [ 72348.468799999915063, 3197364.879300000146031 ], [ 72334.466300000436604, 3197238.856600003316998 ], [ 72245.032999999821186, 3197000.368100000545382 ], [ 72242.049599999561906, 3196992.412200001999736 ], [ 72088.021900000050664, 3196625.5461 ], [ 72084.166900000534952, 3196614.589900001883507 ], [ 72034.812300000339746, 3196474.318800002336502 ], [ 71947.996600000187755, 3196365.099099999293685 ], [ 71900.388000001199543, 3196289.485500000417233 ], [ 71821.973900000564754, 3196026.238000001758337 ], [ 71787.587600001133978, 3195944.422499997541308 ], [ 71756.978300000540912, 3195871.593400001525879 ], [ 71659.544599999673665, 3195639.768400002270937 ], [ 71637.140599999576807, 3195583.758300000801682 ], [ 71645.922100001014769, 3195548.632099999114871 ], [ 71659.544599999673665, 3195494.142100000753999 ], [ 71695.951200000941753, 3195407.326500002294779 ], [ 71712.754200001247227, 3195362.518400002270937 ], [ 71779.57630000077188, 3195167.829000001773238 ], [ 71830.189400001429021, 3195020.365100001916289 ], [ 71915.636800000444055, 3194842.897399999201298 ], [ 72001.08430000115186, 3194691.721200002357364 ], [ 72062.399500000290573, 3194547.763699999079108 ], [ 72076.672399999573827, 3194514.253499999642372 ], [ 72148.974000001326203, 3194402.514499999582767 ], [ 72182.572900000959635, 3194331.58359999768436 ], [ 72208.129899999126792, 3194277.629899999126792 ], [ 72217.989200000651181, 3194185.6096 ], [ 72244.280800001695752, 3194001.569000003859401 ], [ 72244.280800001695752, 3193939.126599999144673 ], [ 72217.989200000651181, 3193873.397800002247095 ], [ 72211.416400000452995, 3193748.51320000179112 ], [ 72211.416400000452995, 3193718.961799999698997 ], [ 72211.416400000452995, 3193718.461799999698997 ], [ 72211.416400000452995, 3193663.065700003877282 ], [ 72214.702800001017749, 3193469.16579999960959 ], [ 72240.994300000369549, 3193334.421799998730421 ], [ 72240.994300000369549, 3193245.688000001013279 ], [ 72263.999400000087917, 3193183.245600003749132 ], [ 72283.718000000342727, 3193015.637200001627207 ], [ 72322.451100001111627, 3192816.012600000947714 ], [ 72322.546400001272559, 3192815.521800002083182 ], [ 72326.441700000315905, 3192795.445800000801682 ], [ 72326.441700000315905, 3192709.998400000855327 ], [ 72329.728200000710785, 3192627.837399998679757 ], [ 72340.149600000120699, 3192440.2511 ], [ 72342.87390000000596, 3192391.213800003752112 ], [ 72398.743400000035763, 3192200.600300002843142 ], [ 72403.789500000886619, 3192166.719600001350045 ], [ 72444.753500000573695, 3191891.675000000745058 ], [ 72460.807300001382828, 3191805.2314000017941 ], [ 72487.477300001308322, 3191661.624299999326468 ], [ 72523.628099999390543, 3191474.2972999997437 ], [ 72533.487400000914931, 3191306.68890000320971 ], [ 72527.961600000970066, 3191168.543500004336238 ], [ 72526.914499999955297, 3191142.366900002583861 ], [ 72516.226000000722706, 3191082.511299999430776 ], [ 72494.050099999643862, 3190958.32630000077188 ], [ 72439.10090000089258, 3190770.342100001871586 ], [ 72431.60780000127852, 3190744.707800000905991 ], [ 72419.603199999779463, 3190688.686599999666214 ], [ 72402.029800000600517, 3190606.677300002425909 ], [ 72333.014600001275539, 3190439.068900000303984 ], [ 72277.145100001245737, 3190353.621500002220273 ], [ 72224.56209999974817, 3190235.30970000103116 ], [ 72217.111800001934171, 3190215.777100002393126 ], [ 72210.381799999624491, 3190195.984900001436472 ], [ 72204.380900000222027, 3190175.9594 ], [ 72199.117300000041723, 3190155.727700002491474 ], [ 72197.239800000563264, 3190147.248400002717972 ], [ 72194.598000001162291, 3190135.3169 ], [ 72190.829000001773238, 3190114.75420000217855 ], [ 72187.815499999560416, 3190094.067299999296665 ], [ 72185.56140000000596, 3190073.284000001847744 ], [ 72184.069900000467896, 3190052.432099999859929 ], [ 72183.342800001613796, 3190031.539499998092651 ], [ 72183.381200001575053, 3190010.634300000965595 ], [ 72184.184899999760091, 3189989.744599999859929 ], [ 72185.753100001253188, 3189968.898200003430247 ], [ 72188.083400000818074, 3189948.123299999162555 ], [ 72191.172899999655783, 3189927.447699999436736 ], [ 72195.017300001345575, 3189906.899000002071261 ], [ 72199.611600000411272, 3189886.504799999296665 ], [ 72204.949500001966953, 3189866.292600002139807 ], [ 72211.023800000548363, 3189846.289300002157688 ], [ 72217.826499999500811, 3189826.5219 ], [ 72225.348500001244247, 3189807.016800001263618 ], [ 72232.158499999903142, 3189791.117900000885129 ], [ 72233.579499999992549, 3189787.800200002267957 ], [ 72242.50870000012219, 3189768.897900002077222 ], [ 72252.12390000000596, 3189750.335200004279613 ], [ 72262.412400001659989, 3189732.137000000104308 ], [ 72273.360300000756979, 3189714.32770000398159 ], [ 72284.95299999974668, 3189696.931200001388788 ], [ 72297.174800000153482, 3189679.970800001174212 ], [ 72310.009499999694526, 3189663.469300001859665 ], [ 72441.467100000008941, 3189466.282900001853704 ], [ 72441.714400000870228, 3189449.218900004401803 ], [ 72444.753500000573695, 3189239.51860000193119 ], [ 72441.46999999973923, 3189144.297499999403954 ], [ 72434.894200000911951, 3188953.598400000482798 ], [ 72421.311499999836087, 3188879.647900002077222 ], [ 72405.31630000192672, 3188792.562899997457862 ], [ 72392.170500000938773, 3188713.688400002196431 ], [ 72384.040699999779463, 3188418.304500002413988 ], [ 72382.311200000345707, 3188355.466499999165535 ], [ 72365.878999999724329, 3188151.707299999892712 ], [ 72360.033100000582635, 3188058.172300001606345 ], [ 72356.019700000993907, 3187993.958200000226498 ], [ 72342.87390000000596, 3187918.370100000873208 ], [ 72330.412700000219047, 3187803.103800004348159 ], [ 72329.982800000347197, 3187799.127000002190471 ], [ 72316.582400000654161, 3187675.173600001260638 ], [ 72277.145100001245737, 3187461.555099999532104 ], [ 72280.431599999777973, 3187238.077199999243021 ], [ 72282.874500000849366, 3187091.503600001335144 ], [ 72287.00450000166893, 3186843.704500002786517 ], [ 72326.441700000315905, 3186485.482599999755621 ], [ 72346.160400001332164, 3186350.738600002601743 ], [ 72411.88920000102371, 3186156.838700000196695 ], [ 72417.538900000043213, 3186132.625600002706051 ], [ 72457.899300000630319, 3185959.652399998158216 ], [ 72492.156800000928342, 3185754.107100004330277 ], [ 72510.482300002127886, 3185644.154200002551079 ], [ 72362.592599999159575, 3185302.36460000090301 ], [ 72350.414099999703467, 3185278.135800002142787 ], [ 72326.611600001342595, 3185230.781400000676513 ], [ 72201.311700000427663, 3184981.500500001013279 ], [ 72050.380800001323223, 3184681.227599998936057 ], [ 71948.501199999824166, 3184484.041199998930097 ], [ 71876.199599999934435, 3184369.015800001099706 ], [ 71846.621600001119077, 3184286.854900002479553 ], [ 71833.475899999961257, 3184227.699000000953674 ], [ 71685.586100000888109, 3183935.205900000408292 ], [ 71632.216999999247491, 3183806.383700001984835 ], [ 71630.303299999795854, 3183801.764499999582767 ], [ 71590.279400000348687, 3183705.155099999159575 ], [ 71570.560700001195073, 3183606.562000000849366 ], [ 71550.842100000940263, 3183475.104400001466274 ], [ 71544.269200001843274, 3183383.084100002422929 ], [ 71511.404800000600517, 3183297.636700004339218 ], [ 71448.962500000372529, 3183241.767200004309416 ], [ 71435.145200000144541, 3183215.859700001776218 ], [ 71396.379499999806285, 3183143.174000000581145 ], [ 71376.660799999721348, 3183054.440199999138713 ], [ 71330.650700000114739, 3182896.691099999472499 ], [ 71225.95240000076592, 3182671.431100001558661 ], [ 71222.198200001381338, 3182663.353900000452995 ], [ 71205.766000000759959, 3182614.057299999520183 ], [ 71147.155299999751151, 3182544.276000000536442 ], [ 71083.342000000178814, 3182468.300700001418591 ], [ 71037.541900000534952, 3182425.194599997252226 ], [ 71034.454100000672042, 3182343.366700001060963 ], [ 71026.765400001779199, 3182139.617100002244115 ], [ 71059.094900000840425, 3182018.381400002166629 ], [ 71050.341600000858307, 3181974.6151 ], [ 71032.15360000077635, 3181883.675000000745058 ], [ 71002.518200000748038, 3181736.845100002363324 ], [ 71002.49199999962002, 3181735.3772 ], [ 70998.926000001840293, 3181535.683600001037121 ], [ 71009.702600001357496, 3181413.549800001084805 ], [ 71024.071200001053512, 3181251.902200002223253 ], [ 70988.149500000290573, 3181097.43890000320971 ], [ 70945.043499999679625, 3180993.266000002622604 ], [ 70866.015800001099706, 3180957.344300001859665 ], [ 70852.919999999925494, 3180946.119300000369549 ], [ 70846.845900001004338, 3180940.912900000810623 ], [ 70815.725399999879301, 3180914.238200003281236 ], [ 70769.027200000360608, 3180881.908700004220009 ], [ 70769.027200000360608, 3180838.802700003609061 ], [ 70815.725399999879301, 3180774.14360000193119 ], [ 70844.462700000032783, 3180623.27250000461936 ], [ 70790.580200000666082, 3180432.887499999254942 ], [ 70681.260300001129508, 3180256.046400001272559 ], [ 70668.446400000713766, 3180235.31810000166297 ], [ 70549.904799999669194, 3179965.9054000005126 ], [ 70498.031500000506639, 3179800.55940000154078 ], [ 70492.430100001394749, 3179782.704800002276897 ], [ 70478.061400000937283, 3179707.269200000911951 ], [ 70456.68650000076741, 3179680.194300003349781 ], [ 70350.727300000376999, 3179545.979300001636147 ], [ 70219.362700000405312, 3179379.584200002253056 ], [ 70208.648699999786913, 3179366.013100001960993 ], [ 70167.072200000286102, 3179323.157400000840425 ], [ 70158.71650000102818, 3179314.544500004500151 ], [ 70032.683799999766052, 3179184.633900001645088 ], [ 69975.157700002193451, 3179125.3377 ], [ 69825.780299998819828, 3178963.301300002261996 ], [ 69763.219600000418723, 3178895.438800001516938 ], [ 69457.885200001299381, 3178546.998400000855327 ], [ 69286.504700000397861, 3178390.019600002095103 ], [ 69030.417000002227724, 3178155.4518 ], [ 68990.350800001993775, 3178112.523700002580881 ], [ 68808.854200000874698, 3177918.063000001013279 ], [ 68477.222900002263486, 3177562.743799997493625 ], [ 68391.010800000280142, 3177447.794400000944734 ], [ 68321.99890000000596, 3177420.327000001445413 ], [ 67901.110799999907613, 3177252.809300001710653 ], [ 67787.75899999961257, 3177207.694199999794364 ], [ 67668.984700000844896, 3177160.420800000429153 ], [ 67652.266000000759959, 3177153.321100002154708 ], [ 67406.756299999542534, 3177049.0636 ], [ 67316.930200000293553, 3177023.950899999588728 ], [ 67072.684500001370907, 3176955.667100002989173 ], [ 66452.13120000064373, 3176789.603600000962615 ], [ 66395.136700000613928, 3176774.351600002497435 ], [ 66307.552300000563264, 3176750.913500003516674 ], [ 66033.373700000345707, 3176675.602600000798702 ], [ 65635.124100000597537, 3176566.212100001052022 ], [ 65626.445499999448657, 3176563.828300001099706 ], [ 65505.909900000318885, 3176530.719799999147654 ], [ 65470.576800000853837, 3176521.014600001275539 ], [ 65380.772499999962747, 3176485.0929000005126 ], [ 65330.482200000435114, 3176441.9869 ], [ 65287.376100000925362, 3176402.473000003024936 ], [ 64968.384499999694526, 3175893.205600000917912 ], [ 64903.622499999590218, 3175789.813699999824166 ], [ 64877.868800001218915, 3175748.698100000619888 ], [ 64695.378999999724329, 3175503.711800001561642 ], [ 64633.849000002257526, 3175421.109899999573827 ], [ 64627.875199999660254, 3175413.090299999341369 ], [ 64615.640399999916553, 3175396.665500001981854 ], [ 64522.244000000879169, 3175231.425700001418591 ], [ 64432.439699999988079, 3175145.213600002229214 ], [ 64390.740500002168119, 3175125.270500002428889 ], [ 64349.819799999706447, 3175105.699699999764562 ], [ 64295.937300000339746, 3175066.1858000010252 ], [ 64263.60770000051707, 3175023.079800000414252 ], [ 64231.278200001455843, 3174976.3816 ], [ 64101.960100001655519, 3174890.16950000077486 ], [ 63854.100400000810623, 3174746.482700001448393 ], [ 63699.63710000179708, 3174602.79590000025928 ], [ 63675.175900001078844, 3174581.75929999910295 ], [ 63520.02860000077635, 3174448.332599999383092 ], [ 63369.986500000581145, 3174300.87750000320375 ], [ 63311.682700000703335, 3174243.579 ], [ 63274.73380000051111, 3174206.630000002682209 ], [ 63132.074300001375377, 3174063.970500001683831 ], [ 63063.308899999596179, 3173995.205099998041987 ], [ 62959.650100000202656, 3173891.546299997717142 ], [ 62810.442999999970198, 3173756.265200002118945 ], [ 62690.237400000914931, 3173647.278800001367927 ], [ 62576.434600000269711, 3173526.781700002029538 ], [ 62568.103600000962615, 3173517.960700001567602 ], [ 62507.036700000986457, 3173474.854599997401237 ], [ 62424.416800000704825, 3173453.301599999889731 ], [ 62341.120100001804531, 3173444.758400000631809 ], [ 62164.049000000581145, 3173426.597300002351403 ], [ 62144.227600000798702, 3173424.564300002530217 ], [ 62097.189199999906123, 3173426.408900000154972 ], [ 61961.026900000870228, 3173431.748600002378225 ], [ 61659.284599999897182, 3173270.100999997928739 ], [ 61519.854600001126528, 3173211.0483 ], [ 61314.512200000695884, 3173124.079700002446771 ], [ 61186.51860000193119, 3173069.8706 ], [ 61050.237599999643862, 3173012.151599999517202 ], [ 61048.615800000727177, 3173011.464700000360608 ], [ 60836.67780000064522, 3172921.660499997437 ], [ 60803.923300000838935, 3172908.843499999493361 ], [ 60797.163900000974536, 3172564.23960000090301 ], [ 60784.850300000049174, 3171932.143200000748038 ], [ 60782.79520000051707, 3171826.647400002926588 ], [ 60781.809200000017881, 3171806.186899999156594 ], [ 60744.478699999861419, 3171031.580500001087785 ], [ 60742.845900001935661, 3170958.104100000113249 ], [ 60741.757300001569092, 3170909.116200003772974 ], [ 60730.110100000165403, 3170384.989900002256036 ], [ 60672.635300001129508, 3170183.828400000929832 ], [ 60633.483300001360476, 3170044.699100002646446 ], [ 60418.941899999976158, 3169282.310699999332428 ], [ 60418.806499999947846, 3169281.8293999992311 ] ] ] } },
{ "type": "Feature", "properties": { "IMIS_CODE": "31130020005001000", "PARENT_CHA": "3L-Haji Disty", "REMARKS": null, "ZONE_NAME": "Bahawalpur", "CIRCLE_NAM": "Rahimyar Khan", "CHANNEL_NA": "Chak  Minor", "CHANNEL_TY": "M", "DESIGNED_D": 23.0 }, "geometry": { "type": "MultiLineString", "coordinates": [ [ [ 60803.923300000838935, 3172908.843499999493361 ], [ 60340.958300000987947, 3172727.683300001546741 ], [ 60118.243800002150238, 3172627.102600002661347 ], [ 59651.261700000613928, 3172433.125400001183152 ], [ 59399.809900001622736, 3172325.360300002619624 ], [ 59349.519500000402331, 3172077.500600000843406 ], [ 59281.268300000578165, 3171614.110700001940131 ], [ 59202.240500000305474, 3171086.061699999496341 ], [ 59159.134500000625849, 3170780.727300001308322 ], [ 59080.106800001114607, 3170310.153100000694394 ], [ 59076.514600000344217, 3170241.901800001040101 ], [ 59043.647900001145899, 3170137.85050000064075 ], [ 58967.274600000120699, 3169921.459500003606081 ], [ 58852.714700001291931, 3169530.046500001102686 ], [ 58766.794700001366436, 3169205.460100000724196 ], [ 58693.603700000792742, 3168985.886900000274181 ], [ 58629.959300000220537, 3168753.584800003096461 ], [ 58547.221600000746548, 3168460.820600001141429 ], [ 58439.026100000366569, 3168120.323100002482533 ], [ 58359.470600001513958, 3167843.469900000840425 ] ] ] } },
{ "type": "Feature", "properties": { "IMIS_CODE": "31130020006000000", "PARENT_CHA": "Rahimyar Khan Branch", "REMARKS": null, "ZONE_NAME": "Bahawalpur", "CIRCLE_NAM": "Rahimyar Khan", "CHANNEL_NA": "4L-Ikhtiar Disty", "CHANNEL_TY": "D", "DESIGNED_D": 117.0 }, "geometry": { "type": "MultiLineString", "coordinates": [ [ [ 68623.573499999940395, 3193688.159400003030896 ], [ 68700.174300001002848, 3193569.002600001171231 ], [ 68793.797500002197921, 3193424.31220000050962 ], [ 68825.00520000141114, 3193313.666700001806021 ], [ 68870.398300000466406, 3193273.947699997574091 ], [ 68944.162000000476837, 3193177.487500004470348 ], [ 69026.436900000087917, 3193069.678899999707937 ], [ 69120.06010000128299, 3193001.589299999177456 ], [ 69142.75660000089556, 3192930.662699999287724 ], [ 69162.616100002080202, 3192871.084300000220537 ], [ 69242.053999999538064, 3192817.180000001564622 ], [ 69290.284100000746548, 3192757.601600002497435 ], [ 69324.328900001943111, 3192737.742200002074242 ], [ 69361.210800000466406, 3192715.04560000449419 ], [ 69403.766800001263618, 3192595.888900000602007 ], [ 69449.159799999557436, 3192516.450999999418855 ], [ 69443.485700001008809, 3192456.872600000351667 ], [ 69395.255600000731647, 3192405.805400000885129 ], [ 69395.255600000731647, 3192312.182200001552701 ], [ 69378.233200000599027, 3192263.952099999412894 ], [ 69369.722000000998378, 3192173.165999999269843 ], [ 69352.699600000865757, 3192042.660900000482798 ], [ 69310.143600000068545, 3192008.616100000217557 ], [ 69273.261700000613928, 3191988.756600001826882 ], [ 69230.705700000748038, 3191929.178300002589822 ], [ 69142.75660000089556, 3191798.6732 ], [ 69125.734199999831617, 3191719.235300002619624 ], [ 69105.874800000339746, 3191427.017500003799796 ], [ 69105.874800000339746, 3190995.783399999141693 ], [ 69159.77900000102818, 3190944.716200003400445 ], [ 69227.868599999696016, 3190904.997300002723932 ], [ 69276.098799999803305, 3190822.722400000318885 ], [ 69281.772900001145899, 3190760.306900000199676 ], [ 69247.728100000880659, 3190695.054400002583861 ], [ 69154.104899999685585, 3190578.7346 ], [ 69094.526500000618398, 3190485.111500000581145 ], [ 68998.066300000064075, 3190354.6064000017941 ], [ 68998.066300000064075, 3190295.028000004589558 ], [ 68938.487900000996888, 3190232.612500002607703 ], [ 68887.420700000599027, 3190164.523 ], [ 68836.353500000201166, 3190048.203199999406934 ], [ 68762.589700001291931, 3189926.209400001913309 ], [ 68708.685500000603497, 3189821.23790000192821 ], [ 68703.01140000205487, 3189798.54140000231564 ], [ 68674.640700000338256, 3189730.451800001785159 ], [ 68629.24760000128299, 3189616.969100004062057 ], [ 68620.736400000751019, 3189529.020100003108382 ], [ 68623.573499999940395, 3189446.745200000703335 ], [ 68606.551099999807775, 3189276.521199997514486 ], [ 68615.062300002202392, 3189148.853199999779463 ], [ 68632.084699999541044, 3189035.370500000193715 ], [ 68677.477800001390278, 3188936.07320000231266 ], [ 68697.337199999950826, 3188876.494799999520183 ], [ 68694.500199999660254, 3188743.152700001373887 ], [ 68685.98900000192225, 3188567.254600001499057 ], [ 68657.618300000205636, 3188459.446000002324581 ], [ 68575.343400000594556, 3188340.289300000295043 ], [ 68501.579599999822676, 3188195.598899999633431 ], [ 68433.49000000115484, 3188116.16100000217557 ], [ 68393.771099999547005, 3188031.049000000581145 ], [ 68393.771099999547005, 3187988.493000002577901 ], [ 68419.304700002074242, 3187778.55010000243783 ], [ 68470.371900000609457, 3187523.214099999517202 ], [ 68512.927900000475347, 3187350.153100000694394 ], [ 68561.157999999821186, 3187262.204000001773238 ], [ 68595.202800001017749, 3187205.462700001895428 ], [ 68617.899400000460446, 3187111.839500002563 ], [ 68615.062300002202392, 3186987.008600002154708 ], [ 68586.691600000485778, 3186811.110500000417233 ], [ 68524.276199999265373, 3186697.62780000269413 ], [ 68447.675400000996888, 3186601.167600000277162 ], [ 68419.304700002074242, 3186547.263299999758601 ], [ 68424.978800000622869, 3186462.308900002390146 ], [ 68440.109900000505149, 3186341.260800000280142 ], [ 68430.022499999962747, 3186174.819499999284744 ], [ 68435.066200001165271, 3186048.727700000628829 ], [ 68450.197200000286102, 3185917.592199999839067 ], [ 68530.896000000648201, 3185730.976199999451637 ], [ 68662.031500000506639, 3185620.015400001779199 ], [ 68591.420100000686944, 3185549.403999999165535 ], [ 68586.376400001347065, 3185428.355799999088049 ], [ 68586.376400001347065, 3185034.9493000023067 ], [ 68530.896000000648201, 3184858.420700000599027 ], [ 68404.804200001992285, 3184545.713000001385808 ], [ 68303.930700001306832, 3184283.441900001838803 ], [ 68253.493900000117719, 3184142.219100002199411 ], [ 68263.581300000660121, 3184031.258200000971556 ], [ 68142.533100000582635, 3183713.506799999624491 ], [ 68061.834300000220537, 3183491.585200002416968 ], [ 67890.349399999715388, 3183229.314099999144673 ], [ 67668.427800001576543, 3182861.126000002026558 ], [ 67335.545300000347197, 3182341.627599999308586 ], [ 67310.326999999582767, 3182250.841499999165535 ], [ 67164.060399999842048, 3181862.478600000962615 ], [ 66871.527399999089539, 3181075.665500001981854 ], [ 66811.003300000913441, 3180934.442700002342463 ], [ 66720.217200001701713, 3180858.787599997594953 ], [ 66523.513899999670684, 3180813.394500002264977 ], [ 65751.831799999810755, 3180707.477400001138449 ], [ 65615.65270000230521, 3180672.171599999070168 ], [ 65565.215900001116097, 3180657.040600001811981 ], [ 65519.822900000028312, 3180631.822200002148747 ], [ 65368.512600000947714, 3180485.555700002238154 ], [ 65116.329000001773238, 3180278.765100002288818 ], [ 64642.223600002005696, 3179855.0965 ], [ 64435.433000000193715, 3179698.742600001394749 ], [ 64057.157500000670552, 3179360.816500002518296 ], [ 63845.32320000231266, 3179174.2006 ], [ 63704.100399999879301, 3179058.196100000292063 ], [ 63562.877500001341105, 3178947.235300002619624 ], [ 63149.29630000051111, 3178740.444600000977516 ], [ 62806.326500002294779, 3178543.741399999707937 ], [ 62695.365600001066923, 3178518.523 ], [ 62150.648899999447167, 3178473.129899999126792 ], [ 61777.417000000365078, 3178377.300200000405312 ], [ 60607.284800000488758, 3178034.330300001427531 ], [ 60133.17949999962002, 3177898.15120000205934 ], [ 60032.306000000797212, 3177827.539700001478195 ], [ 59961.694600000977516, 3177777.103000001981854 ], [ 59891.083100000396371, 3177676.229499999433756 ], [ 59623.768400000408292, 3177353.43440000154078 ], [ 59548.113300001248717, 3177257.604599999263883 ], [ 59447.239800000563264, 3177151.687500001862645 ], [ 59331.235400000587106, 3177000.377299999818206 ], [ 59154.706800000742078, 3176884.372800001874566 ], [ 59063.920700000599027, 3176793.586600001901388 ], [ 59063.920700000599027, 3176702.800500001758337 ], [ 59038.702300001867115, 3175880.681700002402067 ], [ 59018.52760000154376, 3175668.84740000218153 ], [ 59023.571300000883639, 3175270.397200001403689 ], [ 59018.52760000154376, 3175068.650300001725554 ] ] ] } },
{ "type": "Feature", "properties": { "IMIS_CODE": "31130020006001000", "PARENT_CHA": "4L-Ikhtiar Disty", "REMARKS": null, "ZONE_NAME": "Bahawalpur", "CIRCLE_NAM": "Rahimyar Khan", "CHANNEL_NA": "Jajja Minor", "CHANNEL_TY": "M", "DESIGNED_D": 12.0 }, "geometry": { "type": "MultiLineString", "coordinates": [ [ [ 68700.174300001002848, 3193569.002600001171231 ], [ 68532.467400000430644, 3193418.432099999859929 ], [ 68408.385400000959635, 3193272.29110000282526 ], [ 68328.421400000341237, 3193126.150000002235174 ], [ 68300.847600001841784, 3192941.405600000172853 ], [ 68220.883600000292063, 3192651.880900003015995 ], [ 68196.067200001329184, 3192494.71030000038445 ], [ 68107.83110000193119, 3192155.552800001576543 ], [ 68022.352400001138449, 3191832.939500002190471 ], [ 67953.417899999767542, 3191521.355700001120567 ], [ 67920.329400000162423, 3191391.758900001645088 ], [ 67810.034200001507998, 3191209.7719 ], [ 67583.929200001060963, 3190884.401299998164177 ], [ 67512.237399999983609, 3190790.650400001555681 ], [ 67206.168300000019372, 3190536.971599999815226 ], [ 66704.325500000268221, 3190117.850100001320243 ], [ 66467.190900000743568, 3189963.436899999156594 ], [ 66373.306900001130998, 3189902.252699999138713 ] ] ] } },
{ "type": "Feature", "properties": { "IMIS_CODE": "31130020007000000", "PARENT_CHA": "Rahimyar Khan Branch", "REMARKS": null, "ZONE_NAME": "Bahawalpur", "CIRCLE_NAM": "Rahimyar Khan", "CHANNEL_NA": "Gahzi Disty", "CHANNEL_TY": "D", "DESIGNED_D": 39.0 }, "geometry": { "type": "MultiLineString", "coordinates": [ [ [ 68623.573499999940395, 3193688.159400003030896 ], [ 68438.418600001372397, 3193825.000700002536178 ], [ 68319.559599999338388, 3193906.972500002011657 ], [ 68274.47510000038892, 3193943.859800001606345 ], [ 68204.799200001172721, 3193943.859800001606345 ], [ 68135.123200001195073, 3193943.859800001606345 ], [ 68020.362700000405312, 3193902.8739 ], [ 67967.081100000068545, 3193902.8739 ], [ 67938.391000000759959, 3193919.268300004303455 ], [ 67671.98280000127852, 3193956.155500000342727 ], [ 67557.222300000488758, 3193886.479599999263883 ], [ 67397.377400000579655, 3193804.507800001651049 ], [ 67327.701400000602007, 3193759.4233 ], [ 67258.025400000624359, 3193693.845899999141693 ], [ 67094.081899999640882, 3193505.310900002717972 ], [ 66926.039800000376999, 3193308.578700004145503 ], [ 66823.575100000016391, 3193091.353600000962615 ], [ 66774.392100000753999, 3192902.818500000983477 ], [ 66577.659900001250207, 3192759.368000000715256 ], [ 66135.01240000128746, 3192451.973899997770786 ], [ 65848.111299999989569, 3192267.537499999627471 ], [ 65495.632800000719726, 3192079.002399999648333 ], [ 65348.083600000478327, 3192013.425000004470348 ], [ 65249.717500001192093, 3191980.636299999430776 ], [ 65106.267000000923872, 3191968.340600000694394 ], [ 64966.915000000968575, 3191980.636299999430776 ], [ 64819.365799998864532, 3192005.227900000289083 ], [ 64462.78870000038296, 3191882.270200001075864 ], [ 64302.94380000140518, 3191833.087199999019504 ], [ 64028.338399999774992, 3191648.650699999183416 ], [ 63897.183600000105798, 3191562.580400001257658 ], [ 63737.338700000196695, 3191521.594499999657273 ], [ 63573.395199999213219, 3191476.510100001469254 ], [ 63282.395499999634922, 3191275.679300002753735 ], [ 62999.592899998649955, 3191025.665400000289083 ], [ 62778.269200001843274, 3190837.130400000140071 ], [ 62597.931400000117719, 3190738.764300001785159 ], [ 62438.086400001309812, 3190644.496799999848008 ], [ 62339.720300000160933, 3190566.623600002378225 ], [ 62270.044400000944734, 3190537.933499999344349 ], [ 62155.283900002017617, 3190537.933499999344349 ], [ 62089.706500000320375, 3190492.848999997600913 ], [ 62048.720600000582635, 3190431.370200000703335 ], [ 62052.819200000725687, 3190234.638000002130866 ], [ 62056.917799999937415, 3190087.088900003582239 ], [ 62044.622000001370907, 3190005.117100002244115 ], [ 61962.650300001725554, 3189841.173599999397993 ], [ 61815.101099999621511, 3189648.53999999910593 ], [ 61724.932199999690056, 3189570.666800001636147 ], [ 61647.059000000357628, 3189546.075300002470613 ], [ 61577.383100001141429, 3189525.582399997860193 ], [ 61517.953499999828637, 3189472.813100002706051 ], [ 61474.918400000780821, 3189426.704000001773238 ], [ 61419.58739999961108, 3189334.485700003802776 ], [ 61305.851599999703467, 3189273.006900001317263 ], [ 61164.450400001369417, 3189190.010500000789762 ], [ 61084.527900000102818, 3189110.088100001215935 ], [ 61016.90120000205934, 3189027.091700000688434 ], [ 60955.422399999573827, 3188916.429800001904368 ], [ 60946.20060000102967, 3188811.91580000333488 ], [ 60909.313299999572337, 3188676.662400001659989 ], [ 60838.612600000575185, 3188504.521800000220537 ], [ 60850.908400001935661, 3188356.972600001841784 ], [ 60847.834499999880791, 3188255.532600000500679 ], [ 60844.760500000789762, 3188175.61009999923408 ], [ 60850.908400001935661, 3188074.170100001618266 ], [ 60850.908400001935661, 3188015.7652000002563 ], [ 60823.242899999953806, 3187941.990600001066923 ], [ 60783.281700001098216, 3187723.740800002589822 ], [ 60724.876800000667572, 3187637.670500002801418 ], [ 60724.876800000667572, 3187585.413500001654029 ], [ 60749.468400000594556, 3187502.417100001126528 ], [ 60743.320500002242625, 3187391.755200002342463 ], [ 60657.250099999830127, 3187099.730900000780821 ], [ 60540.440400000661612, 3186899.924699999392033 ], [ 60432.852500000968575, 3186780.040999997407198 ], [ 60374.447600000537932, 3186746.227700002491474 ] ] ] } },
{ "type": "Feature", "properties": { "IMIS_CODE": "31130020008000000", "PARENT_CHA": "Rahimyar Khan Branch", "REMARKS": null, "ZONE_NAME": "Bahawalpur", "CIRCLE_NAM": "Rahimyar Khan", "CHANNEL_NA": "Dina Disty", "CHANNEL_TY": "D", "DESIGNED_D": 49.0 }, "geometry": { "type": "MultiLineString", "coordinates": [ [ [ 64109.580100000835955, 3189764.4528 ], [ 64458.803999999538064, 3189131.8026 ], [ 64629.908700000494719, 3188972.635400000959635 ], [ 64956.201400000602007, 3188654.301100002601743 ], [ 64992.014000001363456, 3188618.488400001078844 ], [ 64998.533800001256168, 3188610.135500002652407 ], [ 65004.437700000591576, 3188601.336500002071261 ], [ 65009.695300000719726, 3188592.136700004339218 ], [ 65014.27940000128001, 3188582.583500001579523 ], [ 65018.166600000113249, 3188572.726000001654029 ], [ 65021.336600001901388, 3188562.615200001746416 ], [ 65023.773300000466406, 3188552.303000001236796 ], [ 65025.464100001379848, 3188541.84260000102222 ], [ 65026.400200000032783, 3188531.287900004535913 ], [ 65026.576899998821318, 3188520.693200001493096 ], [ 65025.993200001306832, 3188510.113100001588464 ], [ 65024.652100000530481, 3188499.602200001478195 ], [ 65022.560500000603497, 3188489.214500002563 ], [ 65019.729299999773502, 3188479.003600003197789 ], [ 65016.173000000417233, 3188469.022000001743436 ], [ 65011.909900000318885, 3188459.321300001814961 ], [ 64757.242400000803173, 3187997.736500000581145 ], [ 64733.367300000041723, 3187926.111300002783537 ], [ 64725.408999999053776, 3187814.694200003519654 ], [ 64713.471400001086295, 3187273.52590000256896 ], [ 64681.638000001199543, 3185984.271800000220537 ], [ 64793.054999999701977, 3185506.770300004631281 ], [ 64856.721900002099574, 3185172.519200002774596 ], [ 64828.867600001394749, 3185080.998100001364946 ], [ 64665.72130000218749, 3184798.476400002837181 ], [ 64502.57490000128746, 3184488.100400000810623 ], [ 64446.866400001570582, 3184392.600099999457598 ], [ 64383.199599999934435, 3184157.828500002622604 ], [ 64303.616000001318753, 3183938.973600002005696 ], [ 64291.678399999625981, 3183863.369200000539422 ], [ 64287.699300001375377, 3183775.827299999073148 ], [ 64279.740899999625981, 3183159.054500002413988 ], [ 64259.845000000670552, 3182804.907600002363324 ], [ 64188.219800001010299, 3182685.532200001180172 ], [ 64096.698699999600649, 3182526.365000003948808 ], [ 63949.469000000506639, 3182259.759999999776483 ], [ 63881.823000000789762, 3182215.989 ], [ 63257.091800001449883, 3182032.94680000282824 ], [ 63161.591500000096858, 3182005.092499999329448 ], [ 62727.860999999567866, 3181993.154999999329448 ], [ 62544.818699999712408, 3181981.217499999329448 ], [ 62393.609900000505149, 3181933.467300001531839 ], [ 62190.671800000593066, 3181865.8213 ], [ 61959.879399999976158, 3181702.674900000914931 ], [ 61812.649799999780953, 3181579.320300001651049 ], [ 61733.066200001165271, 3181483.820000000298023 ] ] ] } },
{ "type": "Feature", "properties": { "IMIS_CODE": "31130020009000000", "PARENT_CHA": "Rahimyar Khan Branch", "REMARKS": null, "ZONE_NAME": "Bahawalpur", "CIRCLE_NAM": "Rahimyar Khan", "CHANNEL_NA": "Kotla Disty", "CHANNEL_TY": "D", "DESIGNED_D": 10.0 }, "geometry": { "type": "MultiLineString", "coordinates": [ [ [ 63307.228600000031292, 3188436.723799999803305 ], [ 63305.552400001324713, 3188407.544800002127886 ], [ 63279.916899999603629, 3188351.612800000235438 ], [ 63221.624900000169873, 3188260.950799997895956 ], [ 63103.464399999007583, 3188091.693800000473857 ], [ 62969.336200000718236, 3187951.178600002080202 ], [ 62330.63050000090152, 3187306.085900001227856 ], [ 62135.825300000607967, 3187053.797200001776218 ], [ 61921.858900001272559, 3186763.18610000051558 ], [ 61497.119699999690056, 3186153.222200000658631 ], [ 61267.185600000433624, 3185840.256400000303984 ], [ 61217.276800000108778, 3185775.925000002607703 ], [ 61193.160200000740588, 3185755.253599999472499 ] ] ] } },
{ "type": "Feature", "properties": { "IMIS_CODE": "31130020010000000", "PARENT_CHA": "Rahimyar Khan Branch", "REMARKS": null, "ZONE_NAME": "Bahawalpur", "CIRCLE_NAM": "Rahimyar Khan", "CHANNEL_NA": "Ghagri Disty", "CHANNEL_TY": "D", "DESIGNED_D": 19.0 }, "geometry": { "type": "MultiLineString", "coordinates": [ [ [ 59638.316199999302626, 3184706.380500001832843 ], [ 59677.300499998964369, 3184492.943499999120831 ], [ 59671.279600000008941, 3184284.472899997606874 ], [ 59608.061099999584258, 3183941.286699999123812 ], [ 59553.873800000175834, 3183602.616099998354912 ], [ 59689.342100000940263, 3183123.961700001731515 ], [ 59802.232300000265241, 3182694.978900000452995 ], [ 59942.21610000077635, 3182171.168400004506111 ], [ 60014.465900001116097, 3181882.169400000944734 ] ] ] } },
{ "type": "Feature", "properties": { "IMIS_CODE": "31130020011000000", "PARENT_CHA": "Rahimyar Khan Branch", "REMARKS": null, "ZONE_NAME": "Bahawalpur", "CIRCLE_NAM": "Rahimyar Khan", "CHANNEL_NA": "Mau Makhdoom Disty", "CHANNEL_TY": "D", "DESIGNED_D": 98.0 }, "geometry": { "type": "MultiLineString", "coordinates": [ [ [ 58788.703999999910593, 3184292.374600002542138 ], [ 58715.72550000064075, 3184340.64610000140965 ], [ 58625.436900001019239, 3184349.497999999672174 ], [ 57780.972900001332164, 3184368.971999999135733 ], [ 57307.892200000584126, 3184380.282600002363324 ], [ 56879.85740000102669, 3184380.282600002363324 ], [ 56653.250700001604855, 3184380.282600002363324 ], [ 56584.009800000116229, 3184377.135300001129508 ], [ 56505.326899999752641, 3184336.220200002193451 ], [ 56052.113599999807775, 3183945.953200001269579 ], [ 55290.463400001637638, 3183303.900900004431605 ], [ 55107.919100000523031, 3183127.651300001889467 ], [ 55029.236200000159442, 3182916.781200001016259 ], [ 54868.723200000822544, 3182460.4206000007689 ], [ 54912.785600000061095, 3182073.300799999386072 ], [ 54975.731900000944734, 3181491.04759999923408 ], [ 54982.026499999687076, 3181311.650700001046062 ], [ 54959.995300000533462, 3181245.557 ], [ 54868.723200000822544, 3181144.843000000342727 ], [ 54204.639700000174344, 3180603.50480000115931 ], [ 53606.649900001473725, 3180087.345200000330806 ], [ 53461.873400000855327, 3179936.274100001901388 ], [ 53427.253000000491738, 3179775.761000003665686 ], [ 53430.400299999862909, 3179549.154300002381206 ], [ 53411.516400001011789, 3179350.873500000685453 ], [ 53373.74860000051558, 3179297.369100000709295 ], [ 53282.476500000804663, 3179215.538999998942018 ], [ 52929.97719999961555, 3178938.575300000607967 ], [ 52536.562900001183152, 3178611.25450000166893 ], [ 52461.027300000190735, 3178516.835100004449487 ], [ 52448.438100000843406, 3178368.91130000166595 ], [ 52413.817599999718368, 3177314.560799999162555 ], [ 52398.081000002101064, 3176584.383700001984835 ], [ 52357.165900002233684, 3176351.482500003650784 ], [ 52303.661600000225008, 3176181.527400001883507 ], [ 52247.009900000877678, 3176030.456300003454089 ], [ 52111.67540000192821, 3175737.756100004538894 ], [ 52004.666699999943376, 3175577.243000000715256 ], [ 51907.099899999797344, 3175445.055800002068281 ], [ 51834.711700001731515, 3175366.372899997979403 ], [ 51743.439500000327826, 3175205.859800001606345 ], [ 51375.203700000420213, 3174384.410700004547834 ], [ 51353.172499999403954, 3174245.928800001740456 ], [ 51309.110100000165403, 3173956.375900000333786 ], [ 51255.605700000189245, 3173481.131300000473857 ], [ 51255.605700000189245, 3173408.743100004270673 ], [ 51261.900399999693036, 3173125.484700001776218 ], [ 51170.628200001083314, 3172990.1502 ], [ 50925.137700000777841, 3172776.132799999788404 ], [ 50254.759600001387298, 3172200.174200000241399 ], [ 49558.323100000619888, 3171596.558900000527501 ], [ 49374.131400002166629, 3171449.205600000917912 ], [ 49189.939800001680851, 3171154.4989 ], [ 48852.255099999718368, 3170616.697700003162026 ], [ 48361.844800001010299, 3169805.103200003504753 ], [ 48061.382100000977516, 3169318.146500000730157 ], [ 47950.867100001312792, 3169148.920399999246001 ], [ 47522.621500000357628, 3168475.469600001350045 ], [ 47239.677400002256036, 3168031.629000000655651 ] ] ] } },
{ "type": "Feature", "properties": { "IMIS_CODE": "31130020012000000", "PARENT_CHA": "Rahimyar Khan Branch", "REMARKS": null, "ZONE_NAME": "Bahawalpur", "CIRCLE_NAM": "Rahimyar Khan", "CHANNEL_NA": "Jalal Pur Disty", "CHANNEL_TY": "D", "DESIGNED_D": 12.0 }, "geometry": { "type": "MultiLineString", "coordinates": [ [ [ 57477.788700001314282, 3183480.397099999710917 ], [ 57461.814000001177192, 3183446.143800001591444 ], [ 57400.331800000742078, 3183226.428300000727177 ], [ 57303.685000000521541, 3182964.667300002649426 ], [ 57203.357800000347197, 3182674.690500000491738 ], [ 57155.697200000286102, 3182519.793500000610948 ], [ 57055.080299998633564, 3182204.703900001943111 ], [ 56975.645999999716878, 3181961.105200001969934 ], [ 56933.281000002287328, 3181861.812300002202392 ], [ 56630.572300001047552, 3181374.002000004053116 ], [ 56445.42160000000149, 3181044.496500004082918 ], [ 55911.936599999666214, 3180165.815200001001358 ], [ 55682.851800001226366, 3179786.09940000064671 ], [ 55576.154799999669194, 3179594.672400001436472 ], [ 55494.563000001013279, 3179450.317600002512336 ], [ 55460.043300000950694, 3179180.436900002881885 ], [ 55450.628899999894202, 3178872.898399999365211 ], [ 55424.058700000867248, 3178368.064100001007318 ] ] ] } },
{ "type": "Feature", "properties": { "IMIS_CODE": "31130020013000000", "PARENT_CHA": "Rahimyar Khan Branch", "REMARKS": null, "ZONE_NAME": "Bahawalpur", "CIRCLE_NAM": "Rahimyar Khan", "CHANNEL_NA": "Gabolan Disty", "CHANNEL_TY": "D", "DESIGNED_D": 26.0 }, "geometry": { "type": "MultiLineString", "coordinates": [ [ [ 57478.285299999639392, 3183482.363000001758337 ], [ 57593.963299999944866, 3183344.827300002798438 ], [ 57638.356599999591708, 3183272.183800002560019 ], [ 57642.392300000414252, 3183183.397300001233816 ], [ 57541.498500001616776, 3182945.287900000810623 ], [ 57396.211500001139939, 3182364.139799999073148 ], [ 57452.712000000290573, 3181298.70160000026226 ], [ 57501.141000000759959, 3180338.192900000140071 ], [ 57509.212500001303852, 3180051.654500000178814 ], [ 57706.964300000108778, 3179579.471700001507998 ], [ 57743.286100000143051, 3179490.685200000181794 ], [ 57739.250300000421703, 3179438.220400001853704 ], [ 57711.000099999830127, 3179361.541099997237325 ], [ 56988.600699999369681, 3178158.887399999424815 ], [ 56915.957200000062585, 3178066.065100003033876 ], [ 56786.813100001774728, 3178049.922100001946092 ], [ 56100.735500000417233, 3178062.029300002381206 ] ] ] } },
{ "type": "Feature", "properties": { "IMIS_CODE": "31130020014000000", "PARENT_CHA": "Rahimyar Khan Branch", "REMARKS": null, "ZONE_NAME": "Bahawalpur", "CIRCLE_NAM": "Rahimyar Khan", "CHANNEL_NA": "Punnu Disty", "CHANNEL_TY": "D", "DESIGNED_D": 13.0 }, "geometry": { "type": "MultiLineString", "coordinates": [ [ [ 55384.94410000089556, 3176002.27419999986887 ], [ 55394.896599999628961, 3175958.884800000116229 ], [ 55389.924899999052286, 3175773.576700001955032 ], [ 55379.077599999494851, 3175608.155400002375245 ], [ 55377.721699999645352, 3175484.767400002107024 ], [ 55367.326400000602007, 3175187.822500001639128 ], [ 55357.383000001311302, 3175001.610600002110004 ], [ 55355.750900000333786, 3174839.880400002002716 ], [ 55344.501899999566376, 3174517.6754 ], [ 55322.807300000451505, 3174202.701899999752641 ], [ 55315.575699999928474, 3173923.886200003325939 ], [ 55304.32490000128746, 3173770.594000002369285 ] ] ] } },
{ "type": "Feature", "properties": { "IMIS_CODE": "31130020015000000", "PARENT_CHA": "Rahimyar Khan Branch", "REMARKS": null, "ZONE_NAME": "Bahawalpur", "CIRCLE_NAM": "Rahimyar Khan", "CHANNEL_NA": "5R-Yousaf Disty", "CHANNEL_TY": "D", "DESIGNED_D": 52.0 }, "geometry": { "type": "MultiLineString", "coordinates": [ [ [ 55385.027999999932945, 3176004.916600000113249 ], [ 55366.091500000096858, 3175932.322300001978874 ], [ 55321.782500000670552, 3175146.576700001955032 ], [ 55293.67960000038147, 3174284.953300001099706 ], [ 55234.845000001601875, 3173488.423200001940131 ], [ 55241.633600001223385, 3173341.336700001731515 ], [ 55232.582200000993907, 3173268.924900004640222 ], [ 55207.690600001253188, 3173225.930400002747774 ], [ 55047.026899999938905, 3173051.689400000497699 ], [ 54243.205299999564886, 3172228.633500002324581 ], [ 53587.475999998860061, 3171532.67540000192821 ], [ 52951.861100000329316, 3170880.968900002539158 ], [ 52883.472100001759827, 3170812.580000003799796 ], [ 52356.474999998696148, 3169637.899300001561642 ], [ 51942.118400001898408, 3168712.637000001966953 ], [ 51499.601700002327561, 3168229.891500001773238 ], [ 51334.663599999621511, 3168032.770400000736117 ], [ 51294.434799999929965, 3167988.518800003454089 ], [ 51254.206100000068545, 3167900.0154 ], [ 51238.114500001072884, 3167795.4206000007689 ], [ 51238.114500001072884, 3167123.599700000137091 ], [ 51230.068800000473857, 3167091.41669999808073 ], [ 50892.146900000050664, 3166483.962000001221895 ], [ 50787.55210000090301, 3166302.932400001212955 ] ] ] } },
{ "type": "Feature", "properties": { "IMIS_CODE": "31130020016000000", "PARENT_CHA": "Rahimyar Khan Branch", "REMARKS": null, "ZONE_NAME": "Bahawalpur", "CIRCLE_NAM": "Rahimyar Khan", "CHANNEL_NA": "8L-Kot Samaba Disty", "CHANNEL_TY": "D", "DESIGNED_D": 27.0 }, "geometry": { "type": "MultiLineString", "coordinates": [ [ [ 55951.134100002236664, 3171081.442199999466538 ], [ 55952.341000001877546, 3171071.707700001075864 ], [ 55954.010700000450015, 3171062.041800003498793 ], [ 55956.139299999922514, 3171052.466399999335408 ], [ 55958.721999999135733, 3171043.003499999642372 ], [ 55958.099400001578033, 3171033.14130000025034 ], [ 55957.236000000499189, 3171023.2972999997437 ], [ 55955.09360000025481, 3171004.923100002110004 ], [ 55952.182600000873208, 3170986.654999999329448 ], [ 55948.508100001141429, 3170968.524900000542402 ], [ 55944.076600001193583, 3170950.564900003373623 ], [ 55938.895899999886751, 3170932.80660000257194 ], [ 55932.975099999457598, 3170915.281000001356006 ], [ 55926.324599999934435, 3170898.019200002774596 ], [ 55918.956099999137223, 3170881.051400000229478 ], [ 55910.882600001059473, 3170864.407600004225969 ], [ 55902.118300001136959, 3170848.116900000721216 ], [ 55900.703900000080466, 3170845.534800000488758 ], [ 55792.714500000700355, 3170747.936700003221631 ], [ 55697.414200000464916, 3170660.260500002652407 ], [ 55396.741799999028444, 3170369.951999999582767 ], [ 54980.756099999882281, 3169979.697300003841519 ], [ 54671.983200000599027, 3169681.645700000226498 ], [ 54463.990299999713898, 3169445.777499997988343 ], [ 54414.672399999573827, 3169353.574500003829598 ], [ 54279.584300000220537, 3168836.808700002729893 ], [ 54294.594100000336766, 3168733.884400002658367 ], [ 54403.951200000941753, 3168467.996600000187755 ], [ 54641.963600001297891, 3167872.250700000673532 ], [ 54659.117700000293553, 3167669.261100001633167 ], [ 54684.848699999973178, 3167454.835500003769994 ], [ 54707.720800001174212, 3167017.407200003042817 ], [ 54690.566800001077354, 3166311.232100000604987 ], [ 54687.707700000144541, 3166082.511499997228384 ], [ 54641.963600001297891, 3165953.85610000230372 ], [ 54476.141099999658763, 3165739.430400000885129 ], [ 54336.049700001254678, 3165579.325999999418855 ] ] ] } },
{ "type": "Feature", "properties": { "IMIS_CODE": "31130020017000000", "PARENT_CHA": "Rahimyar Khan Branch", "REMARKS": null, "ZONE_NAME": "Bahawalpur", "CIRCLE_NAM": "Rahimyar Khan", "CHANNEL_NA": "Mau Mubarik Disty", "CHANNEL_TY": "D", "DESIGNED_D": 33.0 }, "geometry": { "type": "MultiLineString", "coordinates": [ [ [ 50886.510200000368059, 3163186.61089999973774 ], [ 50729.196999999694526, 3163173.421200001612306 ], [ 50480.906100001186132, 3163144.404400000348687 ], [ 50336.56180000025779, 3163155.406500002369285 ], [ 50229.686400001868606, 3163177.329600002616644 ], [ 50046.079800000414252, 3163245.839500000700355 ], [ 49728.193900001235306, 3163391.08049999922514 ], [ 49473.337100000120699, 3163404.782500002533197 ], [ 48640.256800000555813, 3163391.08049999922514 ], [ 47270.058800000697374, 3163374.6381 ], [ 46595.921400000341237, 3163360.93610000051558 ], [ 46480.824799999594688, 3163311.609000001102686 ], [ 46278.035500001162291, 3163196.51240000128746 ], [ 45919.043700001202524, 3162977.280700001865625 ], [ 45672.407999999821186, 3162818.337800001725554 ], [ 45612.119300000369549, 3162769.010600000619888 ], [ 45595.677000000141561, 3162733.385500002652407 ], [ 45592.936599999666214, 3162629.250400001183152 ], [ 45527.167100000195205, 3162001.699799999594688 ], [ 45483.320700000971556, 3161867.420399999246001 ], [ 45453.1764000011608, 3161809.872100001201034 ], [ 45368.224100000225008, 3161755.06420000270009 ], [ 45255.867899999953806, 3161711.217800002545118 ], [ 45124.328900000080466, 3161702.9966000020504 ], [ 44187.113500000908971, 3161744.102599998936057 ], [ 44077.49760000128299, 3161733.141000000759959 ], [ 44000.766600001603365, 3161708.477400001138449 ], [ 43907.593100001104176, 3161683.813900001347065 ], [ 43770.573300002142787, 3161601.602000001817942 ], [ 43663.697900000959635, 3161533.0921 ], [ 43562.30320000089705, 3161481.024600001052022 ] ] ] } },
{ "type": "Feature", "properties": { "IMIS_CODE": "31130030000000000", "PARENT_CHA": "Punjnad Main Line", "REMARKS": null, "ZONE_NAME": "Bahawalpur", "CIRCLE_NAM": "Rahimyar Khan", "CHANNEL_NA": "Sadiq Branch", "CHANNEL_TY": "BC", "DESIGNED_D": 1383.0 }, "geometry": { "type": "MultiLineString", "coordinates": [ [ [ 54667.829500000923872, 3195079.753599999472499 ], [ 54295.184900001622736, 3194159.296800004318357 ], [ 54041.916100001893938, 3193546.846800003200769 ], [ 53816.276700001209974, 3193049.519000003114343 ], [ 53751.808200001716614, 3192837.694100001826882 ], [ 53604.451899999752641, 3191981.185100002214313 ], [ 53526.16880000103265, 3191585.164800001308322 ], [ 53406.441700001247227, 3191060.207700001075864 ], [ 53378.812400000169873, 3190839.173100000247359 ], [ 53383.417299999855459, 3190608.9287 ], [ 53355.787899999879301, 3190498.411400001496077 ], [ 53005.816500000655651, 3189913.590700004249811 ], [ 52899.904099999926984, 3189734.000100001692772 ], [ 52817.016099999658763, 3189559.014400001615286 ], [ 52715.708600000478327, 3189342.584700003266335 ], [ 52688.079300002194941, 3189186.018500002101064 ], [ 52688.079300002194941, 3189052.476800002157688 ], [ 52701.893899999558926, 3188928.144800003618002 ], [ 52688.079300002194941, 3188808.4178 ], [ 52655.845099998638034, 3188697.900500001385808 ], [ 52623.610900000669062, 3188591.988099999725819 ], [ 52665.054799999110401, 3188384.768100000917912 ], [ 52807.806399999186397, 3187859.811000002548099 ], [ 52849.250300000421703, 3187680.2204 ], [ 52835.435700000263751, 3187551.28350000269711 ], [ 52784.781899999827147, 3187399.322300000116229 ], [ 52770.967299999669194, 3187321.039200000464916 ], [ 52734.128200001083314, 3187127.633899997919798 ], [ 52697.289100001566112, 3186731.613600002601743 ], [ 52669.659700001589954, 3186524.393700001761317 ], [ 52563.747299999929965, 3186114.558700004592538 ], [ 52397.97139999922365, 3185451.454900000244379 ], [ 52393.366500000469387, 3185377.776699999347329 ], [ 52397.97139999922365, 3185101.4835 ], [ 52407.181200001388788, 3184935.707599999383092 ], [ 52296.663900000043213, 3184254.184200001880527 ], [ 52117.073300001211464, 3183581.870700001716614 ], [ 51845.384900000877678, 3182421.439100001007318 ], [ 51638.165000000037253, 3181666.237600000575185 ], [ 51578.301399999298155, 3181514.276300001889467 ], [ 51518.43790000025183, 3181357.710100002586842 ], [ 51398.710800000466406, 3181187.329299999400973 ], [ 51306.613100000657141, 3181113.651100000366569 ], [ 51242.144700000993907, 3181076.812000000849366 ], [ 51090.183400000445545, 3181049.18270000256598 ], [ 50929.012300000526011, 3181026.158300001174212 ], [ 50850.729299999773502, 3180989.319199999794364 ], [ 50772.446200001984835, 3180943.270300000905991 ], [ 50689.558199999853969, 3180832.753000002354383 ], [ 50450.104100001044571, 3180565.66950000077486 ], [ 50233.674400001764297, 3180317.005599999800324 ], [ 50058.688600000925362, 3180178.859000002965331 ], [ 49814.629599999636412, 3179990.058600001037121 ], [ 49460.053300000727177, 3179755.209400001913309 ], [ 49280.462700001895428, 3179658.506700001657009 ], [ 49142.316100002266467, 3179580.223700003698468 ], [ 49077.847700000740588, 3179529.569900004193187 ], [ 48971.935200001113117, 3179451.286800000816584 ], [ 48847.603300000540912, 3179340.769500002264977 ], [ 48709.456700000911951, 3179248.671800002455711 ], [ 48575.914899999275804, 3179179.598500000312924 ], [ 48373.299900000914931, 3179124.339800003916025 ], [ 48258.177700000815094, 3179055.2665 ], [ 48147.660400000400841, 3178990.79810000397265 ], [ 48018.723600000143051, 3178958.563899997621775 ], [ 47572.049499999731779, 3178912.515000000596046 ], [ 47341.805100001394749, 3178857.256300000473857 ], [ 47222.07810000050813, 3178811.20750000141561 ], [ 47139.190100000239909, 3178769.7635000012815 ], [ 47051.697200001217425, 3178705.295100001618266 ], [ 46586.603600000962615, 3178281.645400002598763 ], [ 46209.002900000661612, 3177945.488700004294515 ], [ 46135.324700000695884, 3177871.810499997809529 ], [ 46080.065999999642372, 3177775.107800003141165 ], [ 45987.968299998901784, 3177498.814600003883243 ], [ 45633.391999999992549, 3176715.983799999579787 ], [ 45453.8014000011608, 3176273.914600001648068 ], [ 45403.147599999792874, 3176039.065300004556775 ], [ 45343.284099999815226, 3175472.664200000464916 ], [ 45301.840100000612438, 3175099.668300000950694 ], [ 45301.840100000612438, 3174929.287500003352761 ], [ 45274.210799999535084, 3174827.98000000230968 ], [ 45117.644600001163781, 3174418.14500000141561 ], [ 44813.722000000067055, 3173299.157400000840425 ], [ 44758.463400000706315, 3173091.9375 ], [ 44698.599799999967217, 3172788.014900002628565 ], [ 44565.058100000023842, 3172092.676899999380112 ], [ 44454.54079999960959, 3171595.34909999743104 ], [ 44394.677299999631941, 3171259.19230000115931 ], [ 44353.233300000429153, 3171061.182199999690056 ], [ 44284.160000001080334, 3170881.591600002720952 ], [ 44187.457399999722838, 3170646.7423 ], [ 44034.733600000850856, 3170374.231199998408556 ], [ 43906.559200000017881, 3170149.4145 ], [ 43349.367899999953806, 3169168.573500001803041 ], [ 42783.721099999733269, 3168120.955499997362494 ], [ 42571.141900000162423, 3167727.24379999935627 ], [ 41733.052400000393391, 3166235.260299999266863 ], [ 41309.402800000272691, 3165475.453900001943111 ], [ 40784.445700000971556, 3164531.452000001445413 ], [ 40379.215600000694394, 3163785.46030000038445 ], [ 40144.36629999987781, 3163361.810600001364946 ], [ 40061.478300000540912, 3163186.824900003150105 ], [ 40029.244099999777973, 3163108.541799999773502 ], [ 40001.614800001494586, 3162901.321899998933077 ], [ 40001.614800001494586, 3162730.941100001335144 ], [ 40015.42949999962002, 3162311.896300001069903 ], [ 40038.453900001011789, 3162169.144800001755357 ], [ 40130.551700000651181, 3161782.334300000220537 ], [ 40162.785900000482798, 3161515.250800000503659 ], [ 40181.205400000326335, 3161331.055300001055002 ], [ 40181.205400000326335, 3161206.723400000482798 ], [ 40181.205400000326335, 3161123.835400002077222 ], [ 40167.390800000168383, 3160921.220400001853704 ], [ 40181.205400000326335, 3160341.004600003361702 ], [ 40171.995600000955164, 3159604.222600001841784 ], [ 40158.181000001728535, 3159438.446700001135468 ], [ 40121.34190000128001, 3159268.0658 ], [ 40102.922300000675023, 3159120.7094 ], [ 40102.922300000675023, 3158931.909100001677871 ], [ 40112.132100000046194, 3158789.157600002363324 ], [ 40075.292999999597669, 3158434.581200003623962 ], [ 40006.219700001180172, 3158149.078199999406934 ], [ 39923.331700000911951, 3157914.229000000283122 ], [ 39863.468200001865625, 3157822.131200002506375 ], [ 39795.676800000481308, 3157636.834800001233816 ], [ 39794.394900000654161, 3157633.330900000408292 ], [ 39881.887700001709163, 3157398.481600001454353 ], [ 40167.390800000168383, 3156578.811700001358986 ], [ 40356.191100000403821, 3156072.274100001901388 ], [ 40498.942599999718368, 3155626.175599997863173 ], [ 40657.811300000175834, 3155177.199100004509091 ], [ 40778.689500000327826, 3154887.091199999675155 ], [ 40885.753200000151992, 3154717.861600000411272 ], [ 40947.919200000353158, 3154648.788300001993775 ], [ 41130.963400000706315, 3154386.30970000103116 ], [ 41427.978700000792742, 3153916.61119999922812 ], [ 41569.578900001011789, 3153781.918299999088049 ], [ 41729.334300002083182, 3153649.706900000572205 ], [ 41833.841599999926984, 3153569.716100001707673 ], [ 41939.121100001037121, 3153495.264000002294779 ], [ 42084.175100000575185, 3153308.766100000590086 ], [ 42401.912300001829863, 3152749.272300003096461 ], [ 42588.410199999809265, 3152403.905700001865625 ], [ 42609.13219999987632, 3152248.490799998864532 ], [ 42636.761599999852479, 3150918.829600000753999 ], [ 42660.93720000050962, 3150041.598600000143051 ], [ 42659.904800000600517, 3150023.879400001838803 ], [ 42658.287600001320243, 3150006.2039 ], [ 42656.087300001643598, 3149988.591600000858307 ], [ 42653.306400001049042, 3149971.061500001698732 ], [ 42649.947700000368059, 3149953.63289999961853 ], [ 42646.015099999494851, 3149936.324800001457334 ], [ 42640.901600001379848, 3149916.860999999567866 ], [ 42635.066300000995398, 3149897.601199999451637 ], [ 42628.517199999652803, 3149878.5724 ], [ 42621.263400000520051, 3149859.800799999386072 ], [ 42613.315100001171231, 3149841.312600001692772 ], [ 42604.683299998752773, 3149823.133500002324581 ], [ 42595.379900000058115, 3149805.288800001144409 ], [ 42585.417900000698864, 3149787.803100001066923 ], [ 42574.811200002208352, 3149770.700899997726083 ], [ 42563.574400002136827, 3149754.005900003015995 ], [ 42551.723199999891222, 3149737.741300001740456 ], [ 42539.274100000038743, 3149721.929700000211596 ], [ 42526.244300001300871, 3149706.593000002205372 ], [ 41573.032600001432002, 3148787.918000001460314 ], [ 40595.645299999974668, 3147838.160000003874302 ], [ 40357.342400001361966, 3147586.042400000616908 ], [ 40290.846600001677871, 3147465.808700004592538 ], [ 39763.311900000087917, 3146511.952500002458692 ], [ 39728.775200000964105, 3146363.444800002500415 ], [ 39625.165300000458956, 3145500.028500001877546 ], [ 39461.396499999798834, 3144294.79280000180006 ], [ 39460.497299999929965, 3144288.174900002777576 ], [ 39404.130700001493096, 3143873.352 ], [ 39376.178100001066923, 3143698.013000000268221 ], [ 39328.150000000372529, 3143396.746200000867248 ], [ 39227.993800001218915, 3142464.25650000013411 ], [ 39148.559400000609457, 3141880.587100001052022 ], [ 38996.598200001753867, 3140747.784800002351403 ], [ 38993.144500001333654, 3140409.325600001960993 ], [ 38975.876199998892844, 3139518.279899999499321 ], [ 38955.154199999757111, 3139027.859400000423193 ], [ 38920.617500000633299, 3138347.487300001084805 ], [ 38875.719899999909103, 3138195.526000002399087 ], [ 38830.822200000286102, 3138126.452699998393655 ], [ 38488.909300001338124, 3137497.885600002482533 ], [ 38323.133400000631809, 3137200.870400002226233 ], [ 38292.050399999134243, 3137135.250700002536178 ], [ 38292.050399999134243, 3137093.806700002402067 ], [ 38202.861000000499189, 3136543.302100002765656 ], [ 38019.853500001132488, 3135472.88090000115335 ], [ 37867.92269999999553, 3134561.296399999409914 ], [ 37829.940100001171231, 3134436.989399999380112 ], [ 37764.333600000478327, 3134336.85329999960959 ], [ 37671.103400001302361, 3134233.264100002124906 ], [ 37473.601900001056492, 3134066.204600004479289 ], [ 36752.612900000996888, 3133456.345500001683831 ], [ 35119.35740000102669, 3132092.421800002455711 ], [ 34908.726099999621511, 3131905.961300000548363 ], [ 34725.71860000025481, 3131760.936500003561378 ], [ 34487.463600001297891, 3131626.270599998533726 ], [ 34021.312400001101196, 3131363.844800001010299 ], [ 33827.946000001393259, 3131239.537799999117851 ], [ 33755.433600000105798, 3131153.213500000536442 ], [ 33717.4510000012815, 3131101.418900003656745 ], [ 33676.015300001017749, 3130997.829800000414252 ], [ 33613.861800001002848, 3130673.250500001013279 ], [ 33600.049900000914931, 3130555.84940000064671 ], [ 33375.606800000183284, 3129564.846600001677871 ], [ 33320.359199999831617, 3129350.762399999424815 ], [ 33164.97550000064075, 3129129.772200001403689 ], [ 32757.524900000542402, 3128625.638300001621246 ], [ 32267.202899999916553, 3127993.744500001892447 ], [ 31856.299300000071526, 3127458.534000001847744 ], [ 31761.397700000554323, 3127324.354800002649426 ] ] ] } },
{ "type": "Feature", "properties": { "IMIS_CODE": "31130030002000000", "PARENT_CHA": "Sadiq Branch", "REMARKS": null, "ZONE_NAME": "Bahawalpur", "CIRCLE_NAM": "Rahimyar Khan", "CHANNEL_NA": "Kudden Disty", "CHANNEL_TY": "D", "DESIGNED_D": 43.0 }, "geometry": { "type": "MultiLineString", "coordinates": [ [ [ 47572.049499999731779, 3178912.515000000596046 ], [ 47528.157600000500679, 3178765.584300002083182 ], [ 47528.157600000500679, 3178687.062600001692772 ], [ 47547.787999999709427, 3178581.058300001546741 ], [ 47559.566300000064075, 3178412.236700000241399 ], [ 47590.974999999627471, 3178274.823699999600649 ], [ 47634.161899999715388, 3178129.558599999174476 ], [ 47638.088000001385808, 3178011.776100004091859 ], [ 47677.348800000734627, 3177866.510900000110269 ], [ 47689.127100001089275, 3177705.541500000283122 ], [ 47696.979199999943376, 3177548.498099999502301 ], [ 47732.314000000245869, 3177301.154799999669194 ], [ 47779.427000002004206, 3177104.85050000064075 ], [ 47834.392200000584126, 3176975.289800001308322 ], [ 47889.357399999164045, 3176814.320300001651049 ], [ 47948.24860000051558, 3176625.868200000375509 ], [ 48034.622500001452863, 3176504.159600004553795 ], [ 48054.252899999730289, 3176351.042300002649426 ], [ 48066.031200000084937, 3176013.3991 ], [ 47806.909599999897182, 3175817.094800001010299 ], [ 47630.235800001770258, 3175679.681900000199676 ], [ 47481.04460000153631, 3175499.082000000402331 ], [ 47265.109899999573827, 3175302.777800001204014 ], [ 47115.918700001202524, 3175212.477800000458956 ], [ 46770.423299999907613, 3175086.843100002035499 ], [ 46593.749500000849366, 3175051.508300000801682 ], [ 46523.080000000074506, 3174996.543199999257922 ], [ 46479.893000000156462, 3174902.317100001499057 ], [ 46397.445300001651049, 3174753.125900000333786 ], [ 46354.25829999987036, 3174690.308600001037121 ], [ 46205.067099999636412, 3174454.74349999986589 ], [ 45879.202100000344217, 3173905.091700004413724 ], [ 45647.563100000843406, 3173504.631100002676249 ], [ 45569.215100000612438, 3173199.312799997627735 ], [ 45534.03179999999702, 3173045.386200001463294 ], [ 45507.644400000572205, 3172882.663900000974536 ], [ 45446.073800001293421, 3172724.339400000870228 ], [ 45388.901100001297891, 3172548.4233 ], [ 45358.115799999795854, 3172398.894700003787875 ], [ 45353.717899999581277, 3172209.784900004044175 ], [ 45349.320000001229346, 3172016.277200000360608 ], [ 45384.503200001083314, 3171800.779999999329448 ], [ 45393.298999999649823, 3171686.434600001201034 ] ] ] } },
{ "type": "Feature", "properties": { "IMIS_CODE": "31130030003000000", "PARENT_CHA": "Sadiq Branch", "REMARKS": null, "ZONE_NAME": "Bahawalpur", "CIRCLE_NAM": "Rahimyar Khan", "CHANNEL_NA": "Fateh Pur Disty", "CHANNEL_TY": "D", "DESIGNED_D": 19.0 }, "geometry": { "type": "MultiLineString", "coordinates": [ [ [ 47572.049499999731779, 3178912.515000000596046 ], [ 47498.68610000051558, 3178907.442199997603893 ], [ 47337.343200000934303, 3178871.611400002613664 ], [ 47216.017599999904633, 3178824.947700001299381 ], [ 47131.329400001093745, 3178782.603700002655387 ], [ 47042.172100000083447, 3178716.90880000218749 ], [ 46576.565799999982119, 3178292.792099999263883 ], [ 46198.704000000841916, 3177956.403000004589558 ], [ 46123.297700000926852, 3177880.9967 ], [ 46066.305399999953806, 3177781.260300001129508 ], [ 45973.983900001272559, 3177504.295399999246001 ], [ 45619.606300001963973, 3176721.903400000184774 ], [ 45439.413499998860061, 3176278.352000001817942 ], [ 45388.315200000070035, 3176041.44170000217855 ], [ 45328.371399999596179, 3175474.280700001865625 ], [ 45286.840099999681115, 3175100.499099999666214 ], [ 45286.840099999681115, 3174931.296299999579787 ], [ 45259.934200000949204, 3174832.641200000420213 ], [ 45103.365199999883771, 3174422.798900002613664 ], [ 44799.237399999983609, 3173303.055700002238154 ], [ 44743.842100000940263, 3173095.323100002482533 ], [ 44683.875700000673532, 3172790.878900004550815 ], [ 44550.368200001306832, 3172095.719100002199411 ], [ 44439.828900001011789, 3171598.292300000786781 ], [ 44424.756000000983477, 3171513.65230000205338 ] ] ] } },
{ "type": "Feature", "properties": { "IMIS_CODE": "31130030004000000", "PARENT_CHA": "Sadiq Branch", "REMARKS": null, "ZONE_NAME": "Bahawalpur", "CIRCLE_NAM": "Rahimyar Khan", "CHANNEL_NA": "Mehran Disty", "CHANNEL_TY": "D", "DESIGNED_D": 35.0 }, "geometry": { "type": "MultiLineString", "coordinates": [ [ [ 44034.733600000850856, 3170374.231199998408556 ], [ 44104.379599999636412, 3169920.018500002101064 ], [ 44228.531000001356006, 3169235.671499999240041 ], [ 44267.896099999547005, 3169020.677500003948808 ], [ 44337.542000001296401, 3168639.138900002464652 ], [ 44437.468799998983741, 3168475.622400002554059 ], [ 44743.30530000012368, 3167924.511100001633167 ], [ 44915.90610000025481, 3167618.674599999561906 ], [ 45221.742600000463426, 3167079.675599999725819 ], [ 45503.354499999433756, 3166561.873200001195073 ], [ 45630.534000000916421, 3166322.654500000178814 ], [ 45763.769700000062585, 3166095.548200003802776 ], [ 45757.713500000536442, 3165735.206199998036027 ], [ 45745.601200001314282, 3165644.363700000569224 ], [ 45645.674399999901652, 3165547.465000003576279 ], [ 44912.877999999560416, 3164793.471999999135733 ], [ 44095.295300000347197, 3163954.692700000479817 ], [ 43486.650400000624359, 3163343.019700003787875 ], [ 42941.595200001262128, 3162776.76800000295043 ] ] ] } },
{ "type": "Feature", "properties": { "IMIS_CODE": "31130030005000000", "PARENT_CHA": "Sadiq Branch", "REMARKS": null, "ZONE_NAME": "Bahawalpur", "CIRCLE_NAM": "Rahimyar Khan", "CHANNEL_NA": "Upper Chak Abbas Disty", "CHANNEL_TY": "D", "DESIGNED_D": 14.0 }, "geometry": { "type": "MultiLineString", "coordinates": [ [ [ 42783.721099999733269, 3168120.955499997362494 ], [ 42793.532500000670552, 3168063.635000001639128 ], [ 42689.692500000819564, 3167895.168199999257922 ], [ 42518.151600001379848, 3167592.35840000025928 ], [ 42407.480000001378357, 3167400.527699999511242 ], [ 42285.741200000047684, 3167186.562599999830127 ], [ 42047.7972999997437, 3166762.32150000333786 ], [ 41859.655600001104176, 3166419.239499999210238 ], [ 41686.27010000217706, 3166107.514499999582767 ], [ 41477.838600002229214, 3165729.386600002646446 ], [ 41346.877199999988079, 3165498.820800004526973 ], [ 41132.912100000306964, 3165111.470200002193451 ], [ 40948.459400000981987, 3164768.38820000179112 ], [ 40854.388600002042949, 3164604.225400000810623 ], [ 40664.402300000190735, 3164264.832499999552965 ], [ 40638.962299999780953, 3164213.511600000783801 ] ] ] } },
{ "type": "Feature", "properties": { "IMIS_CODE": "31130030006000000", "PARENT_CHA": "Sadiq Branch", "REMARKS": null, "ZONE_NAME": "Bahawalpur", "CIRCLE_NAM": "Rahimyar Khan", "CHANNEL_NA": "Lower Chak Abbas Disty", "CHANNEL_TY": "D", "DESIGNED_D": 12.0 }, "geometry": { "type": "MultiLineString", "coordinates": [ [ [ 40144.36629999987781, 3163361.810600001364946 ], [ 40149.760200000368059, 3163344.040800001472235 ], [ 40136.552799999713898, 3163310.275699999183416 ], [ 40075.20060000102967, 3163180.754599999636412 ], [ 40043.855299999937415, 3163104.630200002342463 ], [ 40016.614799999631941, 3162900.326300002634525 ], [ 40016.614799999631941, 3162731.18830000422895 ], [ 40030.389899999834597, 3162313.343499999493361 ], [ 40053.174300000071526, 3162172.080200001597404 ], [ 40145.341399999335408, 3161784.978600000962615 ], [ 40177.69620000012219, 3161516.895899999886751 ], [ 40196.205400001257658, 3161331.803400002419949 ], [ 40196.205400001257658, 3161206.723400000482798 ], [ 40196.205400001257658, 3161123.3246 ], [ 40182.40300000179559, 3160920.888000002130866 ], [ 40196.207600000314415, 3160341.089400000870228 ], [ 40186.987800000235438, 3159603.505100002512336 ], [ 40173.048200001008809, 3159436.229500001296401 ], [ 40153.90430000051856, 3159347.688800001516938 ] ] ] } },
{ "type": "Feature", "properties": { "IMIS_CODE": "31130030007000000", "PARENT_CHA": "Sadiq Branch", "REMARKS": null, "ZONE_NAME": "Bahawalpur", "CIRCLE_NAM": "Rahimyar Khan", "CHANNEL_NA": "Amin Ghar Disty", "CHANNEL_TY": "D", "DESIGNED_D": 48.0 }, "geometry": { "type": "MultiLineString", "coordinates": [ [ [ 40144.36629999987781, 3163361.810600001364946 ], [ 40024.177400000393391, 3163347.823600001633167 ], [ 40014.558100000023842, 3163346.704199999570847 ], [ 39514.431099999696016, 3163360.44400000013411 ], [ 39442.677000000141561, 3163362.415300000458956 ], [ 38933.640000000596046, 3163381.268500000238419 ], [ 38719.970099999569356, 3163384.410700002685189 ], [ 38698.235600001178682, 3163380.193600002676249 ], [ 38698.024400000460446, 3163380.15260000154376 ], [ 38676.239700000733137, 3163375.135000003501773 ], [ 38654.642500001005828, 3163369.364000003784895 ], [ 38633.25870000012219, 3163362.846400002017617 ], [ 38612.114100000821054, 3163355.590299999341369 ], [ 38591.234200000762939, 3163347.604200003668666 ], [ 38584.777800001204014, 3163344.874199999496341 ], [ 38570.644199999980628, 3163338.897900002077222 ], [ 38550.369000000879169, 3163329.481900002807379 ], [ 38530.433000000193715, 3163319.36739999987185 ], [ 38526.103600000031292, 3163316.978400001302361 ], [ 38510.860200000926852, 3163308.566800002008677 ], [ 38491.674300000071526, 3163297.093000002205372 ], [ 38472.898400000296533, 3163284.959899999201298 ], [ 38454.555200000293553, 3163272.182200001552701 ], [ 38436.666700001806021, 3163258.775100002065301 ], [ 38419.254600000567734, 3163244.755000000819564 ], [ 38402.339900000020862, 3163230.138600002974272 ], [ 38385.942900001071393, 3163214.943700002506375 ], [ 38370.083400000818074, 3163199.188600001856685 ], [ 38354.780599999241531, 3163182.892300002276897 ], [ 38340.053000001236796, 3163166.074400000274181 ], [ 38325.918199999257922, 3163148.755200000479817 ], [ 38312.393400000408292, 3163130.955599999055266 ], [ 38299.494800001382828, 3163112.697100002318621 ], [ 38287.237999999895692, 3163094.001700004562736 ], [ 38278.09499999973923, 3163078.939799999818206 ], [ 38275.637900000438094, 3163074.891899997368455 ], [ 38264.708300000056624, 3163055.390900002792478 ], [ 38254.462500001303852, 3163035.522100001573563 ], [ 38244.912800000980496, 3163015.30940000154078 ], [ 38236.070800000801682, 3162994.7774 ], [ 38216.795400002039969, 3162850.212099999189377 ], [ 38210.933100000023842, 3162806.24520000256598 ], [ 38179.511100000701845, 3162158.951200000941753 ], [ 38180.623200000263751, 3161994.367200000211596 ], [ 38181.184000000357628, 3161911.36910000257194 ], [ 38182.653300000354648, 3161693.905100002884865 ], [ 38002.940300000831485, 3161483.732200000435114 ], [ 37997.263300000689924, 3161477.093000000342727 ], [ 37884.143899999558926, 3161279.134199999272823 ], [ 37720.749300001189113, 3160876.932099999859929 ], [ 37620.198800000362098, 3160616.129200004041195 ], [ 37602.954199999570847, 3160421.265100002288818 ], [ 37602.910100000910461, 3160420.766999999061227 ], [ 37588.776800001040101, 3160261.060200000181794 ], [ 37569.923600001260638, 3160075.670099997892976 ], [ 37498.579700000584126, 3159636.09940000064671 ], [ 37478.553800000809133, 3159512.714000001549721 ], [ 37472.515300001017749, 3159475.509200001135468 ], [ 37407.959900001063943, 3159099.705200001597404 ], [ 37397.971300000324845, 3159041.556900000199676 ], [ 37384.533499999903142, 3158963.330000001937151 ], [ 37344.725399999879301, 3158679.480500003322959 ], [ 37312.262900000438094, 3158448.008600000292063 ], [ 37227.423400000669062, 3157872.985300002619624 ], [ 37193.96860000025481, 3157655.529099998995662 ], [ 37183.932800001464784, 3157590.296600000932813 ], [ 37101.735200001858175, 3157056.012299999594688 ], [ 37063.038900000043213, 3156808.590200003236532 ], [ 37017.455500000156462, 3156517.133300000801682 ], [ 36998.042500001378357, 3156393.007400004193187 ], [ 36853.501100000925362, 3155475.483900003135204 ], [ 36771.803800000809133, 3154944.451400000602007 ], [ 36769.617900000885129, 3154824.225100001320243 ], [ 36768.661600000225008, 3154771.630200002342463 ], [ 36737.23960000090301, 3154639.657700000330806 ], [ 36691.022000000812113, 3154399.326600002124906 ], [ 36690.927600000053644, 3154398.83559999987483 ] ] ] } },
{ "type": "Feature", "properties": { "IMIS_CODE": "31130040000000000", "PARENT_CHA": "Punjnad Main Line", "REMARKS": null, "ZONE_NAME": "Bahawalpur", "CIRCLE_NAM": "Rahimyar Khan", "CHANNEL_NA": "Dallas Branch Canal", "CHANNEL_TY": "BC", "DESIGNED_D": 2604.0 }, "geometry": { "type": "MultiLineString", "coordinates": [ [ [ 54667.829500000923872, 3195079.753599999472499 ], [ 54427.175300000235438, 3195004.145600002259016 ], [ 54172.987099999561906, 3194749.957399999722838 ], [ 52308.940200001932681, 3193104.794800000265241 ], [ 50127.158100000582635, 3191177.200899999588728 ], [ 49985.942400000058115, 3191127.775399999693036 ], [ 49777.767099999822676, 3191063.7215 ], [ 48609.089599999599159, 3190704.128399999812245 ], [ 46265.322999998927116, 3189993.482000002637506 ], [ 46187.240800000727177, 3189969.806900000199676 ], [ 44520.895800000987947, 3188684.744200004264712 ], [ 43963.206500000320375, 3188416.972800001502037 ], [ 42565.058699999935925, 3187745.660000002011657 ], [ 41696.582400000654161, 3186976.034600000828505 ], [ 40722.194199999794364, 3186100.497400002554059 ], [ 40651.586400002241135, 3186044.011100001633167 ], [ 39479.496299999766052, 3185027.258300000801682 ], [ 39232.368900001049042, 3184900.164200002327561 ], [ 38956.998300001956522, 3184843.67790000140667 ], [ 38731.05320000089705, 3184843.67790000140667 ], [ 38250.919900001958013, 3184843.67790000140667 ], [ 38145.008200000971556, 3184843.67790000140667 ], [ 38006.02900000102818, 3184779.046900000423193 ], [ 37799.029799999669194, 3184660.097500002011657 ], [ 37636.631700001657009, 3184547.12500000372529 ], [ 37558.963100001215935, 3184462.395600000396371 ], [ 37016.567700000479817, 3183733.551799999549985 ], [ 36655.182800001464784, 3183247.9408 ], [ 36412.879200000315905, 3182897.446200001984835 ], [ 34925.713800000958145, 3180746.246600000187755 ], [ 34720.528099998831749, 3180451.87049999833107 ], [ 34325.124200001358986, 3179971.737200001254678 ], [ 33174.216500001959503, 3178736.099999999627471 ], [ 32418.712600001133978, 3177888.806000001728535 ], [ 32406.440300001762807, 3177878.522300001233816 ], [ 32393.699099999852479, 3177868.825500000268221 ], [ 32380.517099999822676, 3177859.736999999731779 ], [ 32366.923400000669062, 3177851.276799999177456 ], [ 32352.947800001129508, 3177843.463500002399087 ], [ 32338.621100000105798, 3177836.314300000667572 ], [ 32323.974900000728667, 3177829.844900002703071 ], [ 32309.041400000452995, 3177824.069600000977516 ], [ 32293.853400000371039, 3177819.0011 ], [ 32278.444400002248585, 3177814.650500001385808 ], [ 32262.848300001583993, 3177811.027500001713634 ], [ 32247.099399999715388, 3177808.139900002628565 ], [ 32231.232499999925494, 3177805.994200000539422 ], [ 32215.282299999147654, 3177804.595100002363324 ], [ 32199.284099999815226, 3177803.945600001141429 ], [ 32183.273000000044703, 3177804.047200001776218 ], [ 32167.284300001338124, 3177804.899600001052022 ], [ 32151.353200000710785, 3177806.5011 ], [ 32135.514800000935793, 3177808.848000003024936 ], [ 32119.803800000809133, 3177811.935200002044439 ], [ 32104.255000001750886, 3177815.75590000115335 ], [ 32088.902400000952184, 3177820.301600003615022 ], [ 32073.780000001192093, 3177825.562500001862645 ], [ 32058.920900001190603, 3177831.526900000870228 ], [ 32044.358000001870096, 3177838.181600000709295 ], [ 32030.123200001195073, 3177845.51210000179708 ], [ 32016.24790000077337, 3177853.502100002020597 ], [ 31906.813099999912083, 3177936.462600002065301 ], [ 31901.181300002150238, 3177939.183100001886487 ], [ 31698.512699999846518, 3178037.082399999722838 ], [ 31606.722500000149012, 3178086.507900001481175 ], [ 31589.652100000530481, 3178088.5726000033319 ], [ 31572.504900000989437, 3178089.852300001308322 ], [ 31555.317099999636412, 3178090.344100000336766 ], [ 31538.124900001101196, 3178090.047099998220801 ], [ 31520.964300000108778, 3178088.96200000308454 ], [ 31503.871600000187755, 3178087.09090000204742 ], [ 31486.882700000889599, 3178084.437800001353025 ], [ 31470.033300001174212, 3178081.008300002664328 ], [ 31453.359000001102686, 3178076.80970000103116 ], [ 31436.894700000062585, 3178071.850700000301003 ], [ 31420.675300001166761, 3178066.141799999400973 ], [ 31404.734700000844896, 3178059.69510000012815 ], [ 31389.106600001454353, 3178052.524000002071261 ], [ 31373.823800000362098, 3178044.643699999898672 ], [ 31358.918600000441074, 3178036.070699999108911 ], [ 31344.422200000844896, 3178026.82320000231266 ], [ 31330.365199999883771, 3178016.920499999076128 ], [ 31316.777199999429286, 3178006.383500000461936 ], [ 31303.686700000427663, 3177995.234400002285838 ], [ 31291.121399999596179, 3177983.4967 ], [ 31279.10770000051707, 3177971.195000002160668 ], [ 31267.670699999667704, 3177958.355200000107288 ], [ 31256.834800002165139, 3177945.0044 ], [ 31246.622500001452863, 3177931.170700002461672 ], [ 30102.775600001215935, 3175657.598300000652671 ], [ 29552.034400001168251, 3174605.541600000113249 ], [ 29460.244200001470745, 3174492.569000003859401 ], [ 29396.697200001217425, 3174407.839600000530481 ], [ 29290.785400001332164, 3174323.110200002789497 ], [ 29121.32660000026226, 3174280.74550000205636 ], [ 28789.469800001010299, 3174266.624000001698732 ], [ 28210.485500001348555, 3174188.955299997702241 ], [ 27342.009099999442697, 3174090.104399999603629 ], [ 23811.617300000041723, 3173793.551400003954768 ], [ 23508.003600001335144, 3173751.186700001358986 ], [ 23409.152599999681115, 3173694.700500000268221 ], [ 23317.362399999983609, 3173609.971100002527237 ], [ 22660.709599999710917, 3172522.610400000587106 ], [ 21672.19990000128746, 3170870.387000003829598 ], [ 21439.194000001065433, 3170474.983100002631545 ], [ 20714.402999999001622, 3169873.936899999156594 ], [ 20570.717600000090897, 3169754.78319999948144 ], [ 20330.651000000536442, 3169542.959699999541044 ], [ 20219.976600000634789, 3169328.496300000697374 ], [ 19666.937300001271069, 3168243.775500001385808 ], [ 19497.478500002063811, 3167968.404900001361966 ], [ 19426.870600000955164, 3167862.493200002238154 ], [ 19335.080500000156462, 3167820.128499999642372 ], [ 19138.770200000144541, 3167724.102900000289083 ], [ 18558.394299999810755, 3167460.0285 ], [ 18473.664800001308322, 3167389.420700002461672 ], [ 18410.117799999192357, 3167318.812800001353025 ], [ 18367.753100001253188, 3167219.961799999698997 ], [ 18304.206000000238419, 3167043.44230000115931 ], [ 18057.078600000590086, 3166217.330600002780557 ] ] ] } },
{ "type": "Feature", "properties": { "IMIS_CODE": "31130040001000000", "PARENT_CHA": "Dallas Branch Canal", "REMARKS": null, "ZONE_NAME": "Bahawalpur", "CIRCLE_NAM": "Rahimyar Khan", "CHANNEL_NA": "I-Hassan Disty", "CHANNEL_TY": "D", "DESIGNED_D": 6.0 }, "geometry": { "type": "MultiLineString", "coordinates": [ [ [ 49777.767099999822676, 3191063.7215 ], [ 49753.304800001904368, 3191099.416999999433756 ], [ 49243.553999999538064, 3190940.119900001212955 ], [ 48263.876699999906123, 3190629.490499999374151 ], [ 48249.661700000055134, 3190625.332900002598763 ] ] ] } },
{ "type": "Feature", "properties": { "IMIS_CODE": "31130040002000000", "PARENT_CHA": "Dallas Branch Canal", "REMARKS": null, "ZONE_NAME": "Bahawalpur", "CIRCLE_NAM": "Rahimyar Khan", "CHANNEL_NA": "II-Hassan Disty", "CHANNEL_TY": "D", "DESIGNED_D": 6.0 }, "geometry": { "type": "MultiLineString", "coordinates": [ [ [ 46265.322999998927116, 3189993.482000002637506 ], [ 46217.364100000821054, 3190011.062899997457862 ], [ 46056.688600000925362, 3189911.087100001052022 ], [ 45453.90470000077039, 3189437.269400000572205 ], [ 44986.633100001141429, 3189078.5559 ], [ 44885.338800001889467, 3188991.47380000166595 ], [ 44738.96889999974519, 3188879.409300001338124 ], [ 44638.339599999599159, 3188807.367900000885129 ] ] ] } },
{ "type": "Feature", "properties": { "IMIS_CODE": "31130040003000000", "PARENT_CHA": "Dallas Branch Canal", "REMARKS": null, "ZONE_NAME": "Bahawalpur", "CIRCLE_NAM": "Rahimyar Khan", "CHANNEL_NA": "Faiz Lower Disty", "CHANNEL_TY": "D", "DESIGNED_D": 8.0 }, "geometry": { "type": "MultiLineString", "coordinates": [ [ [ 43963.206500000320375, 3188416.972800001502037 ], [ 43967.995000001043081, 3188388.579 ], [ 43966.903599999845028, 3188388.067700000479817 ], [ 43707.011100000701845, 3188266.316300002858043 ], [ 43300.252399999648333, 3188078.219799999147654 ], [ 42771.078900000080466, 3187810.905400002375245 ], [ 42770.63260000012815, 3187810.67989999987185 ], [ 42616.0514000011608, 3187732.592499999329448 ], [ 42543.164099999703467, 3187673.812300000339746 ], [ 42420.334700000472367, 3187568.924300001934171 ], [ 42398.269900000654161, 3187550.634300000965595 ], [ 42397.884900000877678, 3187550.315200002864003 ] ] ] } },
{ "type": "Feature", "properties": { "IMIS_CODE": "31130040004000000", "PARENT_CHA": "Dallas Branch Canal", "REMARKS": null, "ZONE_NAME": "Bahawalpur", "CIRCLE_NAM": "Rahimyar Khan", "CHANNEL_NA": "Ehsan Disty", "CHANNEL_TY": "D", "DESIGNED_D": 17.0 }, "geometry": { "type": "MultiLineString", "coordinates": [ [ [ 40722.194199999794364, 3186100.497400002554059 ], [ 40687.386800000444055, 3186140.46539999730885 ], [ 40612.23619999922812, 3186226.758000001311302 ], [ 40419.104500002227724, 3186450.508200000971556 ], [ 40337.847799998708069, 3186538.830600002780557 ], [ 40256.198700000531971, 3186607.918400000780821 ], [ 40223.857900000177324, 3186614.6096 ], [ 40209.169000000692904, 3186617.648700002580881 ], [ 40165.128400001674891, 3186626.760500000789762 ], [ 39995.549300000071526, 3186626.760500000789762 ], [ 39395.282700002193451, 3186641.503900000825524 ], [ 39121.365400000475347, 3186648.23170000128448 ], [ 39100.548600000329316, 3186648.743000000715256 ], [ 38544.995500001125038, 3185844.855200001969934 ], [ 38501.787400001659989, 3185782.332800000905991 ], [ 38454.599500000476837, 3185714.051700001582503 ], [ 38419.091899999417365, 3185662.672100003808737 ], [ 37991.218100000172853, 3185114.304999999701977 ], [ 37872.670500000007451, 3184962.3733000010252 ], [ 37461.284199999645352, 3184397.109700001776218 ], [ 37186.890100000426173, 3184022.456299999728799 ], [ 37114.708099999465048, 3183933.086900001391768 ], [ 37045.407900000922382, 3183838.932800000533462 ] ] ] } },
{ "type": "Feature", "properties": { "IMIS_CODE": "31130040005000000", "PARENT_CHA": "Dallas Branch Canal", "REMARKS": null, "ZONE_NAME": "Bahawalpur", "CIRCLE_NAM": "Rahimyar Khan", "CHANNEL_NA": "Abadpur Disty", "CHANNEL_TY": "D", "DESIGNED_D": 15.0 }, "geometry": { "type": "MultiLineString", "coordinates": [ [ [ 37016.567700000479817, 3183733.551799999549985 ], [ 36980.178700000047684, 3183740.215700002387166 ], [ 36958.583500000648201, 3183742.980499999597669 ], [ 36745.616600002162158, 3183770.245799999684095 ], [ 36090.11189999897033, 3183866.716300001367927 ], [ 35889.750099999830127, 3183898.873100001364946 ], [ 35486.55280000064522, 3183965.660400001332164 ], [ 35455.620500001125038, 3183970.738800002261996 ], [ 35333.258600000292063, 3183990.828099999576807 ], [ 35155.089999999850988, 3184020.07969999872148 ], [ 35117.091000000014901, 3184025.925699999555945 ], [ 34801.364900000393391, 3184074.498900001868606 ], [ 34665.31670000217855, 3184094.287800000980496 ], [ 34561.425400000996888, 3184104.182200001552701 ], [ 34497.111700002104044, 3184076.972500002011657 ], [ 34450.113300000317395, 3184052.23650000244379 ], [ 34410.535600000992417, 3184012.658900000154972 ], [ 34358.589999999850988, 3183903.820299999788404 ], [ 34342.259000000543892, 3183869.282400002703071 ], [ 34264.46030000038445, 3183704.748700000345707 ], [ 34040.468399999663234, 3183231.036100002005696 ], [ 33992.496799999848008, 3183129.582700001075864 ], [ 33730.29490000102669, 3182570.548499999567866 ], [ 33727.502100000157952, 3182567.26999999769032 ], [ 33587.433400000445545, 3182402.84150000102818 ], [ 33459.037000000476837, 3182252.115299999713898 ], [ 33388.937700000591576, 3182169.824800003319979 ], [ 33213.998999998904765, 3181960.805400002747774 ], [ 33212.484800001606345, 3181958.948100002482533 ], [ 33209.378900000825524, 3181955.065700000151992 ], [ 33205.185900000855327, 3181949.940900003537536 ], [ 33201.458800000138581, 3181945.437400000169873 ], [ 33193.374600000679493, 3181935.034500002861023 ], [ 33173.213200001046062, 3181910.006600001826882 ], [ 33167.007100000046194, 3181903.236400002613664 ], [ 33166.669300000183284, 3181902.867800001055002 ] ] ] } },
{ "type": "Feature", "properties": { "IMIS_CODE": "31130040005001000", "PARENT_CHA": "Abadpur Disty", "REMARKS": null, "ZONE_NAME": "Bahawalpur", "CIRCLE_NAM": "Rahimyar Khan", "CHANNEL_NA": "Ehsan Lower Minor", "CHANNEL_TY": "M", "DESIGNED_D": 4.0 }, "geometry": { "type": "MultiLineString", "coordinates": [ [ [ 36958.583500000648201, 3183742.980499999597669 ], [ 36738.030100000090897, 3183441.935499999672174 ], [ 36094.508500000461936, 3182498.691600000485778 ], [ 35875.601900001056492, 3182171.534500002861023 ] ] ] } },
{ "type": "Feature", "properties": { "IMIS_CODE": "31130040006000000", "PARENT_CHA": "Dallas Branch Canal", "REMARKS": null, "ZONE_NAME": "Bahawalpur", "CIRCLE_NAM": "Rahimyar Khan", "CHANNEL_NA": "Nazim Disty", "CHANNEL_TY": "D", "DESIGNED_D": 9.0 }, "geometry": { "type": "MultiLineString", "coordinates": [ [ [ 40651.586400002241135, 3186044.011100001633167 ], [ 39912.143299999646842, 3185375.003200002014637 ], [ 39557.407400001771748, 3185053.376000002026558 ], [ 39507.744300000369549, 3185020.267300000414252 ], [ 39434.432200000621378, 3184984.793700000271201 ], [ 39252.334500000812113, 3184890.197499999776483 ], [ 39124.629499999806285, 3184854.723899999633431 ], [ 38973.275500001385808, 3184828.709899999201298 ], [ 38866.854799999855459, 3184821.615200001746416 ], [ 38162.112800001166761, 3184821.615200001746416 ], [ 38034.407800000160933, 3184767.22240000218153 ], [ 37894.878400000743568, 3184691.545400002971292 ], [ 37715.145499999634922, 3184573.300100000575185 ], [ 37632.373799999244511, 3184495.258200000971556 ], [ 37516.493400001898408, 3184348.634000001475215 ], [ 37062.431400000117719, 3183740.853100001811981 ], [ 36769.183100000955164, 3183322.264700001105666 ], [ 36516.336199999786913, 3182965.890000000596046 ] ] ] } },
{ "type": "Feature", "properties": { "IMIS_CODE": "31130040007000000", "PARENT_CHA": "Dallas Branch Canal", "REMARKS": null, "ZONE_NAME": "Bahawalpur", "CIRCLE_NAM": "Rahimyar Khan", "CHANNEL_NA": "Grey Disty", "CHANNEL_TY": "D", "DESIGNED_D": 370.0 }, "geometry": { "type": "MultiLineString", "coordinates": [ [ [ 40651.586400002241135, 3186044.011100001633167 ], [ 40659.16579999960959, 3185904.351600002497435 ], [ 40651.245000001974404, 3185702.37190000154078 ], [ 40651.127500001341105, 3185699.374200001358986 ], [ 40639.895900001749396, 3185412.967700002714992 ], [ 40612.316500000655651, 3184806.220799999311566 ], [ 40610.991000001318753, 3184777.059200001880527 ], [ 40572.450999999418855, 3183938.816100001335144 ], [ 40551.745799999684095, 3183599.768100000917912 ], [ 40519.012900002300739, 3183063.766600001603365 ], [ 40495.37120000179857, 3182676.634099999442697 ], [ 40468.409099999815226, 3182523.848600002005696 ], [ 40466.466300001367927, 3182512.839500000700355 ], [ 40432.743899999186397, 3182440.577100001275539 ], [ 40350.846600000746548, 3182392.402200002223253 ], [ 40135.378400000743568, 3182281.624800002202392 ], [ 40028.8487000009045, 3182226.85530000180006 ], [ 39545.044300001114607, 3181978.119799999520183 ], [ 39498.151000000536442, 3181954.010800000280142 ], [ 38211.88150000013411, 3181313.284700000658631 ], [ 38158.889200000092387, 3181168.760100001469254 ], [ 38009.547000001184642, 3180788.17850000411272 ], [ 37985.459599999710917, 3180614.748900003731251 ], [ 37985.459599999710917, 3180441.319300003349781 ], [ 38007.945500001311302, 3180318.39610000140965 ], [ 38057.721900001168251, 3180046.285199999809265 ], [ 38105.89680000115186, 3179824.680700002238154 ], [ 38192.591800001449883, 3179626.19480000436306 ], [ 38288.961400001309812, 3179405.559199998155236 ], [ 38375.676199999637902, 3179285.121999999508262 ], [ 38423.851000000722706, 3179155.049799997359514 ], [ 38419.033600000664592, 3179020.160100001841784 ], [ 38419.033600000664592, 3178904.540300002321601 ], [ 38415.337300000712276, 3178879.282199999317527 ], [ 38390.128600001335144, 3178707.023299997672439 ], [ 38341.953700001351535, 3178586.586100002750754 ], [ 38221.516499999910593, 3178408.338999999687076 ], [ 38086.626799999736249, 3178273.449300000444055 ], [ 38044.276399999856949, 3178226.393300000578165 ], [ 37999.911999999545515, 3178177.099500000476837 ], [ 37980.642100000753999, 3178090.384700002148747 ], [ 37944.150299998931587, 3177702.244400002062321 ], [ 37913.822400000877678, 3177379.666999999433756 ], [ 37874.657300001010299, 3176963.092399999499321 ], [ 37739.767600000835955, 3176818.567700002342463 ], [ 37575.973000000230968, 3176649.955600000917912 ], [ 37445.900800000876188, 3176515.065899999812245 ], [ 37335.098600001074374, 3176360.906300004571676 ], [ 37220.055200001224875, 3176214.004700001329184 ], [ 37183.061300000175834, 3176166.7664 ], [ 37021.961799999698997, 3175961.054700002074242 ], [ 36655.83260000217706, 3175734.6327 ], [ 36270.433500000275671, 3175488.940800003707409 ], [ 36194.890400000847876, 3175342.0515 ], [ 36183.718700000084937, 3175320.328700002282858 ], [ 36082.551500000059605, 3175142.081600002944469 ], [ 36053.646500001661479, 3175016.826899999752641 ], [ 36005.471699999645352, 3174930.112100001424551 ], [ 35962.11430000141263, 3174838.579800000414252 ], [ 35899.486899999901652, 3174742.230000000447035 ], [ 35848.337299999780953, 3174683.773399999365211 ], [ 35830.557700000703335, 3174663.453800002112985 ], [ 35730.874800001271069, 3174549.530499998480082 ], [ 35629.707499999552965, 3174405.005800001323223 ], [ 35542.99269999936223, 3174284.568600002676249 ], [ 35475.547900001518428, 3174217.123700000345707 ], [ 35354.693500000052154, 3174099.823899999260902 ], [ 35311.753300000913441, 3174058.146600000560284 ], [ 35169.826900000683963, 3173965.004300002008677 ], [ 35087.032000000588596, 3173928.781600002199411 ], [ 35061.158599999733269, 3173908.082800002768636 ], [ 35030.110500000417233, 3173851.161399999633431 ], [ 35009.411799999885261, 3173758.017100000753999 ], [ 34952.490300001576543, 3173680.3969 ], [ 34916.267500001005828, 3173644.174099998548627 ], [ 34817.948599999770522, 3173587.252599999308586 ], [ 34662.708100001327693, 3173509.632400002330542 ], [ 34569.563900000415742, 3173463.060300001874566 ], [ 34559.214500000700355, 3173385.440100001171231 ], [ 34564.389200000092387, 3173302.645200001075864 ], [ 34610.961300001479685, 3173250.898399999365211 ], [ 34688.581600001081824, 3173188.802200004458427 ], [ 34766.201799999922514, 3173085.308599997311831 ], [ 34805.644100000150502, 3173006.42400000244379 ], [ 34848.996700000017881, 3172919.718800000846386 ], [ 34881.548900000751019, 3172792.765000002458692 ], [ 34900.743500000797212, 3172717.906199999153614 ], [ 34905.591400000266731, 3172693.6667 ], [ 34921.442200001329184, 3172614.412599999457598 ], [ 34917.66950000077486, 3172570.397700002416968 ], [ 34914.509700002148747, 3172533.532900001853704 ], [ 34912.801600000821054, 3172513.605900004506111 ], [ 34905.918200000189245, 3172433.298800000920892 ], [ 34911.092799999751151, 3172366.027900001034141 ], [ 34973.189000002108514, 3172272.88370000012219 ], [ 35469.958399998955429, 3171558.777700003236532 ], [ 35475.222000000998378, 3171551.375700002536178 ], [ 35763.824799999594688, 3171145.528000000864267 ], [ 35804.391500000841916, 3171088.481100000441074 ], [ 35806.70960000064224, 3171085.221300004050136 ], [ 36132.317499999888241, 3170627.335100002586842 ], [ 36184.064400001429021, 3170544.540200002491474 ], [ 36153.016300001181662, 3170394.474500000476837 ], [ 36149.864400000311434, 3170379.537399999797344 ], [ 36122.817800000309944, 3170251.359900001436472 ], [ 36038.580900000408292, 3169852.150499999523163 ], [ 36033.99860000051558, 3169830.4342 ], [ 35904.750600000843406, 3169336.250800002366304 ], [ 35682.120299999602139, 3168485.017200000584126 ], [ 35680.729400001466274, 3168472.962400002405047 ], [ 35680.672100001014769, 3168472.465700000524521 ], [ 35666.596300001256168, 3168350.47550000064075 ], [ 35661.934100001119077, 3168232.36710000410676 ], [ 35660.119699998758733, 3168186.402900001034141 ], [ 35651.072200001217425, 3167957.199700001627207 ], [ 35642.78800000064075, 3167812.818900002166629 ], [ 35625.488599999807775, 3167511.314700001850724 ], [ 35614.849399999715388, 3167325.888600001111627 ], [ 35614.849399999715388, 3167175.82289999909699 ], [ 35754.565799999982119, 3166823.944599999114871 ], [ 35775.264600002206862, 3166704.926899999380112 ], [ 35773.634000000543892, 3166664.161900002509356 ], [ 35770.089900000020862, 3166575.559900002554059 ], [ 35733.867099999450147, 3166415.144799999892712 ], [ 35652.565000001341105, 3166230.367200000211596 ], [ 35651.35670000128448, 3166227.621300000697374 ], [ 35563.102600000798702, 3166027.043700002133846 ], [ 35578.626699999906123, 3165618.243900002911687 ], [ 35582.496700001880527, 3165490.532000001519918 ], [ 35588.312199999578297, 3165298.620100002735853 ], [ 35588.976000001654029, 3165276.714999997988343 ], [ 35542.403900000266731, 3165085.251800000667572 ], [ 35471.538599999621511, 3164777.26039999909699 ], [ 35407.862200001254678, 3164500.512800000607967 ], [ 35418.211600000970066, 3164376.320499999448657 ], [ 35427.127000000327826, 3164304.473099999129772 ], [ 35506.181100000627339, 3163667.389200001955032 ], [ 35544.754399999976158, 3163390.028600001707673 ], [ 35614.849399999715388, 3162886.012299999594688 ], [ 35635.548200001008809, 3162653.151700003072619 ], [ 35630.373500000685453, 3162508.260600000619888 ], [ 35629.269400000572205, 3162496.94370000064373 ], [ 35609.674800000153482, 3162296.0987 ], [ 35557.928000000305474, 3162068.412700003013015 ], [ 35551.508900000713766, 3162047.674200003966689 ], [ 35537.316100000403821, 3162001.820499999448657 ], [ 35490.657100002281368, 3161851.076099999248981 ], [ 35454.434299999848008, 3161768.281199999153614 ], [ 35444.08500000089407, 3161695.835700003430247 ], [ 35495.831799999810755, 3161581.992700001224875 ], [ 35557.928000000305474, 3161447.4510000012815 ], [ 35560.535000000149012, 3161390.095600003376603 ], [ 35563.102600000798702, 3161333.607999999076128 ], [ 35532.054600002244115, 3161121.446100002154708 ], [ 35500.254500000737607, 3160997.425799999386072 ], [ 35480.307699999772012, 3160919.633600000292063 ], [ 35387.163500000722706, 3160572.929900001734495 ], [ 35296.078200000338256, 3160365.340199999511242 ], [ 35229.379600000567734, 3160213.3293999992311 ], [ 35164.652200001291931, 3160065.811200002208352 ], [ 35046.274300000630319, 3159843.452600002288818 ], [ 35014.789000000804663, 3159784.311499997973442 ], [ 34781.72580000013113, 3159346.530500000342727 ], [ 34647.184100001119077, 3159149.892700001597404 ], [ 34579.913200001232326, 3159067.097800001502037 ], [ 34540.264100001193583, 3159030.280800001695752 ], [ 34507.467699999921024, 3158999.826900001615286 ], [ 34497.118400000967085, 3158942.9054000005126 ], [ 34490.750000000931323, 3158928.894899999722838 ], [ 34471.244900000281632, 3158885.983899999409914 ], [ 34471.244900000281632, 3158787.66499999910593 ], [ 34481.346000000834465, 3158633.450400000438094 ], [ 34483.934400000609457, 3158593.932900002226233 ], [ 34565.305800001136959, 3158414.915800001472235 ], [ 34555.104800000786781, 3158297.603500001132488 ], [ 34554.456299999728799, 3158290.146200001239777 ], [ 34547.969900000840425, 3158235.011900000274181 ], [ 34521.907700001262128, 3158013.483300000429153 ], [ 34516.483000000938773, 3157736.820400003343821 ], [ 34516.691600000485778, 3157735.610800003632903 ], [ 34543.606800000183284, 3157579.502299999818206 ], [ 34576.155299999751151, 3157443.883200000971556 ], [ 34603.54210000205785, 3157405.5417 ], [ 34711.774400002323091, 3157254.016600001603365 ], [ 34755.172500001266599, 3157194.344200002029538 ], [ 34749.206500000320375, 3157153.775099998340011 ], [ 34728.048700000159442, 3157009.902200002223253 ], [ 34728.048700000159442, 3156689.8412000015378 ], [ 34749.747700000181794, 3156559.646900001913309 ], [ 34776.871600000187755, 3156429.452599998563528 ], [ 34781.91820000205189, 3156331.043099999427795 ], [ 34783.710699999704957, 3156296.088999999687076 ], [ 34787.721099999733269, 3156217.886900003999472 ], [ 34798.570600001141429, 3156082.267799999564886 ], [ 34776.871600000187755, 3155859.852500000968575 ], [ 34735.470200000330806, 3155645.645300002768636 ], [ 34688.21860000025481, 3155401.169800002127886 ], [ 34652.101999999955297, 3155214.305800000205636 ], [ 34573.228000000119209, 3154745.212899999693036 ], [ 34573.14510000217706, 3154744.719799999147654 ], [ 34568.1706000007689, 3154715.1351000033319 ], [ 34549.031500000506639, 3154601.307600002735853 ], [ 34511.058199999853969, 3154346.343800002709031 ], [ 34477.456600001081824, 3154207.5548 ], [ 34464.269600002095103, 3154153.0866 ], [ 34415.446700001135468, 3153917.109400000423193 ], [ 34414.40440000128001, 3153910.204400001093745 ], [ 34382.898199999704957, 3153701.475099999457598 ], [ 34313.73240000102669, 3153518.389399999752641 ], [ 34281.183899999596179, 3153404.469300001859665 ], [ 34277.115299999713898, 3153331.235000001266599 ], [ 34289.321000000461936, 3153241.726500002667308 ], [ 34382.898199999704957, 3152851.14360000193119 ], [ 34455.332500000484288, 3152616.685200003907084 ], [ 34537.503900000825524, 3152350.70920000039041 ], [ 34536.689399999566376, 3152340.120400002226233 ], [ 34536.229200001806021, 3152334.138100001960993 ], [ 34536.190900000743568, 3152333.639599999412894 ], [ 34529.366799999959767, 3152244.926300004124641 ], [ 34334.667200000025332, 3151575.646500000730157 ], [ 34334.075300000607967, 3151573.611900001764297 ], [ 34266.774600001983345, 3151320.244699999690056 ], [ 34232.197300001047552, 3151168.986400002613664 ], [ 34230.641100000590086, 3151162.605800000950694 ], [ 34230.522599999792874, 3151162.119999999180436 ] ] ] } },
{ "type": "Feature", "properties": { "IMIS_CODE": "31130040007001000", "PARENT_CHA": "Grey Disty", "REMARKS": null, "ZONE_NAME": "Bahawalpur", "CIRCLE_NAM": "Rahimyar Khan", "CHANNEL_NA": "Khudai Minor", "CHANNEL_TY": "M", "DESIGNED_D": 11.0 }, "geometry": { "type": "MultiLineString", "coordinates": [ [ [ 40135.378400000743568, 3182281.624800002202392 ], [ 40249.970900000073016, 3182121.834400001913309 ], [ 40308.56209999974817, 3182020.631400004029274 ], [ 40276.603200000710785, 3181823.55180000141263 ], [ 40157.036100002005696, 3181220.517800001427531 ], [ 40154.09429999999702, 3181205.680800002068281 ], [ 40159.420799999497831, 3181157.742499999701977 ], [ 40191.379700001329184, 3181051.213000001385808 ], [ 40226.798500001430511, 3180969.105799997225404 ], [ 40308.56209999974817, 3180779.562800001353025 ], [ 40324.541500002145767, 3180646.40090000256896 ], [ 40324.541500002145767, 3180459.974300000816584 ], [ 40324.541500002145767, 3180172.344700001180172 ], [ 40329.867999998852611, 3179996.571000000461936 ], [ 40330.066300000995398, 3179951.025500001385808 ], [ 40330.068500000983477, 3179950.525500001385808 ], [ 40330.070700000040233, 3179950.025499999523163 ] ] ] } },
{ "type": "Feature", "properties": { "IMIS_CODE": "31130040007002000", "PARENT_CHA": "Grey Disty", "REMARKS": null, "ZONE_NAME": "Bahawalpur", "CIRCLE_NAM": "Rahimyar Khan", "CHANNEL_NA": "Qurashin Minor", "CHANNEL_TY": "M", "DESIGNED_D": 18.0 }, "geometry": { "type": "MultiLineString", "coordinates": [ [ [ 37874.657300001010299, 3176963.092399999499321 ], [ 37798.11710000038147, 3176170.985800001770258 ], [ 37767.826299999840558, 3175725.2774 ], [ 37694.262800000607967, 3175037.242200000211596 ], [ 37663.971900002099574, 3174730.006300000473857 ], [ 37612.044700000435114, 3174639.13370000012219 ], [ 37577.426600000821054, 3174552.588400000706315 ], [ 37508.190300000831485, 3174474.697600001469254 ], [ 37421.644999999552965, 3174409.788699999451637 ], [ 37412.990500002168119, 3174292.952500000596046 ], [ 37434.626799999736249, 3174180.443600002676249 ], [ 37287.499800002202392, 3173838.589600002393126 ], [ 37170.663599999621511, 3173591.935399999842048 ], [ 37101.427400000393391, 3173540.008300000801682 ], [ 37058.154699999839067, 3173509.717399999499321 ], [ 37023.536600000225008, 3173462.117500001564622 ], [ 36997.572999999858439, 3173423.1721 ] ] ] } },
{ "type": "Feature", "properties": { "IMIS_CODE": "31130040007003000", "PARENT_CHA": "Grey Disty", "REMARKS": null, "ZONE_NAME": "Bahawalpur", "CIRCLE_NAM": "Rahimyar Khan", "CHANNEL_NA": "Adam Wali Minor", "CHANNEL_TY": "M", "DESIGNED_D": 169.0 }, "geometry": { "type": "MultiLineString", "coordinates": [ [ [ 35651.072200001217425, 3167957.199700001627207 ], [ 35590.624400000087917, 3167909.539400001987815 ], [ 35455.141600000672042, 3167778.290500000119209 ], [ 35298.48960000090301, 3167592.001599999144673 ], [ 35031.757700000889599, 3167257.528300004079938 ], [ 34832.767300002276897, 3166944.224300002679229 ], [ 34439.020399999804795, 3166351.486900003626943 ], [ 34041.039500001817942, 3165729.11260000243783 ], [ 33914.024400000460446, 3165242.221200000494719 ], [ 33808.178400000557303, 3164878.111100003123283 ], [ 33774.307700000703335, 3164763.797499999403954 ], [ 33748.904700001701713, 3164374.284299999475479 ], [ 33778.541600000113249, 3163895.860600002110004 ], [ 33812.412299999967217, 3163607.959599999710917 ], [ 33863.21830000076443, 3163315.824700001627207 ], [ 33922.492100001312792, 3163112.600500002503395 ], [ 33914.024400000460446, 3163027.923700001090765 ], [ 33867.452200000174344, 3162900.908600000664592 ], [ 33803.944600001908839, 3162773.893400004133582 ], [ 33693.864800000563264, 3162579.1368000023067 ], [ 33638.824900000356138, 3162511.395400000736117 ], [ 33490.640500000678003, 3162354.743400001898408 ], [ 33283.182500001974404, 3162147.285299999639392 ], [ 33198.505700000561774, 3162037.20549999922514 ], [ 33088.425900002010167, 3161855.150499999523163 ], [ 32830.161799999885261, 3161575.7171 ], [ 32580.365299998782575, 3161376.726700004190207 ], [ 32381.374900000169873, 3161228.542400000616908 ], [ 32279.762800000607967, 3161177.736300002783537 ], [ 32127.344600001350045, 3161109.994899997487664 ], [ 31932.588000001385808, 3161042.253500003367662 ], [ 31771.702100001275539, 3161008.382800003513694 ], [ 31682.791500001214445, 3160995.68129999935627 ], [ 31615.050100001506507, 3161012.616600001230836 ], [ 31551.542500000447035, 3161021.084300002083182 ], [ 31509.204200000502169, 3161008.382800003513694 ], [ 31479.56730000115931, 3160982.979800004512072 ], [ 31428.761199999600649, 3160889.835300002247095 ], [ 31305.979899999685585, 3160614.635800000280142 ], [ 31225.537000000476837, 3160398.71000000089407 ], [ 31208.601600000634789, 3160267.4611000046134 ], [ 31208.601600000634789, 3160153.147400001063943 ], [ 31200.134000000543892, 3160068.470599999651313 ], [ 31208.601600000634789, 3159941.455500001087785 ], [ 31267.875400001183152, 3159742.465099999681115 ], [ 31284.810700001195073, 3159611.216100003570318 ], [ 31284.810700001195073, 3159513.837800001725554 ], [ 31280.576900000683963, 3159238.638299999758601 ], [ 31318.681400001049042, 3158963.438799997791648 ], [ 31344.084500001743436, 3158777.149900002405047 ], [ 31365.253600001335144, 3158688.23930000141263 ], [ 31365.253600001335144, 3158620.497900001704693 ], [ 31361.019799999892712, 3158552.756500001996756 ], [ 31348.318300000391901, 3158506.184300001710653 ], [ 31348.318300000391901, 3158383.402899999171495 ], [ 31310.213800001889467, 3158307.193900000303984 ], [ 31293.278400000184774, 3158192.880200002342463 ], [ 31238.238499999977648, 3158061.631200002506375 ], [ 31204.367799999192357, 3157976.954500002786517 ], [ 31187.432400000281632, 3157841.471599999815226 ], [ 31149.327900001779199, 3157693.287300001829863 ], [ 31094.288000001572073, 3157477.36150000244379 ], [ 31043.481900000013411, 3157363.047900004312396 ], [ 31018.078900000080466, 3157308.007999999448657 ], [ 30975.740500002168119, 3157252.968100002035499 ], [ 30937.636000000871718, 3157214.863500000908971 ], [ 30891.063700000755489, 3157164.057500002905726 ], [ 30836.023800000548363, 3157079.380700001493096 ], [ 30797.919300001114607, 3156948.131699999794364 ], [ 30764.048600001260638, 3156888.858000000938773 ], [ 30687.839500000700355, 3156812.648900000378489 ], [ 30620.098100000992417, 3156719.504400001838803 ], [ 30573.525900001637638, 3156668.698400000110269 ], [ 30590.461199999786913, 3156562.852400001138449 ], [ 30586.227400001138449, 3156461.240300001576543 ], [ 30543.889000000432134, 3156393.498900001868606 ], [ 30552.35670000128448, 3156270.71760000102222 ], [ 30586.227400001138449, 3156186.04079999960959 ], [ 30628.565800001844764, 3156084.4287 ], [ 30637.033400001004338, 3156029.38880000077188 ], [ 30620.098100000992417, 3155982.816500002518296 ], [ 30594.695100001990795, 3155915.075100002810359 ], [ 30597.341199999675155, 3155861.622900001704693 ], [ 30632.270399999804795, 3155766.361600002273917 ], [ 30635.445700000040233, 3155686.977099999785423 ], [ 30683.076400000602007, 3155591.715700000524521 ], [ 30712.314600001089275, 3155549.685900004580617 ], [ 30784.688600000925362, 3155445.648300001397729 ], [ 30854.546900000423193, 3155363.08840000256896 ], [ 30937.10670000128448, 3155302.756200002506375 ], [ 30972.035899999551475, 3155258.300900001078844 ], [ 30981.561999998986721, 3155213.845600003376603 ], [ 31003.78969999961555, 3155169.3903 ], [ 31092.700300000607967, 3155093.181199999526143 ], [ 31111.752600001171231, 3155051.901300003752112 ], [ 31137.155600000172853, 3154956.640000002458692 ], [ 31165.734000001102686, 3154839.15090000256896 ], [ 31156.20790000166744, 3154708.960400002077222 ], [ 31149.857099999673665, 3154632.751300001516938 ], [ 31143.506400002166629, 3154562.89299999922514 ], [ 31146.681700000539422, 3154426.351699998602271 ], [ 31133.980200001038611, 3154312.038100000470877 ], [ 31111.752600001171231, 3154200.899800004437566 ], [ 31054.595800001174212, 3154061.183100001886487 ], [ 30994.263600000180304, 3153946.869500001892447 ], [ 30940.282100001350045, 3153845.257400002330542 ], [ 30876.774500000290573, 3153756.346800001338124 ], [ 30822.793099999427795, 3153616.630100000649691 ], [ 30765.636300000362098, 3153461.036500001326203 ], [ 30727.531700000166893, 3153334.021400002762675 ], [ 30714.830200000666082, 3153184.778600003570318 ], [ 30689.427199999801815, 3153108.569500003010035 ], [ 30661.434399999678135, 3153001.243400001898408 ], [ 30578.162200000137091, 3152816.738400001078844 ], [ 30493.408499999903142, 3152605.534299999475479 ], [ 30443.094399999827147, 3152477.814000001177192 ], [ 30412.13190000038594, 3152353.964099999517202 ], [ 30357.947599999606609, 3152144.967199999839067 ], [ 30334.725700001232326, 3152067.561000000685453 ], [ 30280.541400000452995, 3151970.803200002759695 ], [ 30237.967899999581277, 3151843.083000002428889 ], [ 30230.227300000376999, 3151781.157999999821186 ], [ 30203.135100000537932, 3151723.10329999960959 ], [ 30149.434600002132356, 3151689.721899999305606 ], [ 30076.866200000047684, 3151634.569900002330542 ], [ 29992.686999999918044, 3151521.363300001248717 ], [ 29838.842100000008941, 3151286.241900002583861 ], [ 29760.468299999833107, 3151155.618899999186397 ], [ 29650.16440000012517, 3150969.84400000423193 ], [ 29612.42890000063926, 3150917.594800001010299 ], [ 29464.389499999582767, 3150647.640599999576807 ], [ 29339.571899999864399, 3150415.421900000423193 ], [ 29223.462600001133978, 3150255.771600000560284 ], [ 29084.131400000303984, 3150072.899300001561642 ], [ 28962.216600000858307, 3149904.54080000333488 ], [ 28860.620900001376867, 3149771.015100000426173 ], [ 28759.025200000964105, 3149652.003000002354383 ], [ 28666.137800000607967, 3149506.866300001740456 ], [ 28587.764000000432134, 3149358.826899999752641 ], [ 28503.584699999541044, 3149242.717599997296929 ], [ 28381.669900000095367, 3149100.483600001782179 ], [ 28233.63050000090152, 3148952.444200003519654 ], [ 28039.147300001233816, 3148702.8092 ], [ 27917.232499999925494, 3148519.936900001019239 ], [ 27833.053299999795854, 3148377.702999997884035 ], [ 27731.45760000217706, 3148261.593699997290969 ], [ 27687.916600001975894, 3148209.344499999657273 ], [ 27601.923899999819696, 3148160.6502 ], [ 27521.935800000093877, 3148080.662100004032254 ], [ 27508.604500000365078, 3148000.67400000244379 ], [ 27481.386300000362098, 3147854.584700003266335 ], [ 27414.729600000195205, 3147764.598100000992417 ], [ 27258.086300001479685, 3147554.629400001838803 ], [ 27138.104199999943376, 3147424.648799998685718 ], [ 26994.792200000025332, 3147327.996500000357628 ], [ 26908.138400000520051, 3147284.669600002467632 ], [ 26788.156299999915063, 3147234.677100002765656 ], [ 26718.166700001806021, 3147214.680100001394749 ] ] ] } },
{ "type": "Feature", "properties": { "IMIS_CODE": "31130040007003010", "PARENT_CHA": "Adam Wali Minor", "REMARKS": null, "ZONE_NAME": "Bahawalpur", "CIRCLE_NAM": "Rahimyar Khan", "CHANNEL_NA": "Roshan Sub Minor", "CHANNEL_TY": "SM", "DESIGNED_D": 34.0 }, "geometry": { "type": "MultiLineString", "coordinates": [ [ [ 30712.314600001089275, 3155549.685900004580617 ], [ 30700.875000000931323, 3155444.998099999502301 ], [ 30690.731599999591708, 3155370.613100001588464 ], [ 30690.731599999591708, 3155269.179100001230836 ], [ 30656.920199999585748, 3155225.22440000064671 ], [ 30592.678700000979006, 3155201.556400001049042 ], [ 30535.199400001205504, 3155103.503599999472499 ], [ 30491.244700001552701, 3155018.975199999287724 ], [ 30430.384300000034273, 3154927.684599999338388 ], [ 30352.618199999444187, 3154826.250600000843406 ], [ 30325.569099999964237, 3154762.00899999961257 ], [ 30278.233199998736382, 3154680.861800001934171 ], [ 30241.040699999779463, 3154606.476900001987815 ], [ 30237.659600000828505, 3154393.465400002896786 ], [ 30217.372800000011921, 3154342.748399998992682 ], [ 30163.274700000882149, 3154305.555900003761053 ], [ 30129.463300000876188, 3154251.457800000905991 ], [ 30095.651999999769032, 3154214.2653 ], [ 30044.934999999590218, 3154166.929400000721216 ], [ 29994.218000000342727, 3154122.974700001999736 ], [ 29913.070800000801682, 3154092.544500002637506 ], [ 29838.685800000093877, 3154085.782199999317527 ], [ 29771.063100000843406, 3154085.782199999317527 ], [ 29713.583800001069903, 3154041.827500000596046 ], [ 29649.342300000600517, 3153997.872700000181794 ], [ 29615.531000002287328, 3153937.012300001457334 ], [ 29595.244199999608099, 3153781.480200000107288 ], [ 29564.813900001347065, 3153683.427300000563264 ], [ 29544.527100000530481, 3153602.280099997296929 ], [ 29476.904500001110137, 3153490.702600002288818 ], [ 29382.232699999585748, 3153379.125200001522899 ], [ 29199.651500000618398, 3153162.732600001618266 ], [ 29040.738200000487268, 3152970.007999999448657 ], [ 28990.021200001239777, 3152868.573999999091029 ], [ 28956.209800001233816, 3152770.521099999547005 ], [ 28932.541900001466274, 3152587.939900001510978 ], [ 28915.636200000531971, 3152493.268100000917912 ], [ 28895.349399999715388, 3152412.120899999514222 ], [ 28861.538100000470877, 3152337.735999999567866 ], [ 28841.251300000585616, 3152259.969900000840425 ], [ 28831.107900001108646, 3152192.347200000658631 ], [ 28804.058800000697374, 3152145.011300003156066 ], [ 28736.43610000051558, 3152080.769799999892712 ], [ 28563.998300000093877, 3151975.954600000753999 ], [ 28455.802000000141561, 3151918.475300002843142 ], [ 28168.405600001104176, 3151739.2752 ], [ 27803.243099998682737, 3151482.309000000357628 ], [ 27701.809100001119077, 3151397.780700003728271 ], [ 27600.375099998898804, 3151323.395799998193979 ], [ 27438.080700000748038, 3151235.486299999058247 ], [ 27312.978699999861419, 3151137.433399999514222 ], [ 26954.578499999828637, 3150850.037000000476837 ], [ 26626.608500000089407, 3150609.976500002667308 ], [ 26515.03110000025481, 3150528.829300001263618 ], [ 26450.789500000886619, 3150440.919800002127886 ], [ 26416.978199999779463, 3150380.059399999678135 ], [ 26386.548000000417233, 3150268.481899999082088 ], [ 26315.544200000353158, 3150116.330900000408292 ], [ 26247.921500002034009, 3149991.229000000283122 ], [ 26210.729000000283122, 3149947.27419999986887 ], [ 26045.053500002250075, 3149879.651499999687076 ], [ 25930.094899999909103, 3149825.553400002419949 ], [ 25838.804299999959767, 3149771.455200001597404 ], [ 25666.366499999538064, 3149690.308000000193715 ], [ 25571.694700000807643, 3149605.779699999839067 ], [ 25473.641800000332296, 3149534.775900004431605 ], [ 25389.113500000908971, 3149477.296599999070168 ], [ 25267.392599999904633, 3149382.624800002202392 ], [ 25199.769999999552965, 3149301.477600000798702 ], [ 25125.385000001639128, 3149216.949300000444055 ], [ 25088.192499999888241, 3149169.613400001078844 ], [ 24979.996199999935925, 3149098.609600001946092 ], [ 24868.41880000103265, 3149027.605800000950694 ], [ 24739.935700001195073, 3148949.839700004085898 ], [ 24614.833800002001226, 3148892.360400004312396 ], [ 24520.162000000476837, 3148875.454700000584126 ], [ 24401.822300000116229, 3148841.643400002270937 ], [ 24209.09770000167191, 3148797.688700001686811 ], [ 24165.143000001087785, 3148770.639600001275539 ], [ 24134.712700000964105, 3148736.828199999406934 ], [ 24121.18819999974221, 3148686.111200001090765 ], [ 24138.093900000676513, 3148266.850600002333522 ], [ 24154.99959999974817, 3147803.635299999266863 ], [ 24161.761800000444055, 3147394.51800000295043 ] ] ] } },
{ "type": "Feature", "properties": { "IMIS_CODE": "31130040007003020", "PARENT_CHA": "Adam Wali Minor", "REMARKS": null, "ZONE_NAME": "Bahawalpur", "CIRCLE_NAM": "Rahimyar Khan", "CHANNEL_NA": "Ranja Sub Minor", "CHANNEL_TY": "SM", "DESIGNED_D": 16.0 }, "geometry": { "type": "MultiLineString", "coordinates": [ [ [ 30689.427199999801815, 3153108.569500003010035 ], [ 30705.304100001230836, 3152991.080500001087785 ], [ 30711.654800001531839, 3152876.766800003126264 ], [ 30708.479500000365078, 3152737.050100000575185 ], [ 30714.830200000666082, 3152305.198599999770522 ], [ 30718.005600000731647, 3151778.085700001567602 ], [ 30816.442300000227988, 3151584.387599999085069 ], [ 31413.413600000552833, 3150482.531200001016259 ], [ 31632.514700001105666, 3150049.092000002041459 ] ] ] } },
{ "type": "Feature", "properties": { "IMIS_CODE": "31130040008000000", "PARENT_CHA": "Nazim Disty", "REMARKS": null, "ZONE_NAME": "Bahawalpur", "CIRCLE_NAM": "Rahimyar Khan", "CHANNEL_NA": "Nunary Disty", "CHANNEL_TY": "D", "DESIGNED_D": 11.0 }, "geometry": { "type": "MultiLineString", "coordinates": [ [ [ 36412.879200000315905, 3182897.446200001984835 ], [ 36454.650600000284612, 3182851.648400003090501 ], [ 36487.759200001135468, 3182799.620500000193715 ], [ 36504.31359999999404, 3182395.2215 ], [ 36492.489099999889731, 3182073.594299998134375 ], [ 36402.62260000128299, 3181721.223300002515316 ], [ 36457.01549999974668, 3181456.353800000622869 ], [ 36485.394299998879433, 3181248.242100002244115 ], [ 36563.43620000127703, 3181087.428500002250075 ], [ 36591.459700001403689, 3181055.539700001478195 ], [ 36632.018500000238419, 3181009.386600004509091 ], [ 36627.12810000218451, 3180575.484700003638864 ], [ 36612.923200000077486, 3180316.244999999180436 ], [ 36593.493900000117719, 3179961.660199999809265 ], [ 36628.296000000089407, 3179815.678300000727177 ], [ 36632.742100002244115, 3179633.386299999430776 ], [ 36635.726599998772144, 3179580.0055 ], [ 36635.754499999806285, 3179579.506300002336502 ], [ 36635.782399999909103, 3179579.007100000977516 ] ] ] } },
{ "type": "Feature", "properties": { "IMIS_CODE": "31130040009000000", "PARENT_CHA": "Dallas Branch Canal", "REMARKS": null, "ZONE_NAME": "Bahawalpur", "CIRCLE_NAM": "Rahimyar Khan", "CHANNEL_NA": "Noor Disty", "CHANNEL_TY": "D", "DESIGNED_D": 13.0 }, "geometry": { "type": "MultiLineString", "coordinates": [ [ [ 34925.713800000958145, 3180746.246600000187755 ], [ 35087.349600000306964, 3180485.5515 ], [ 35096.738400000147521, 3180470.408700002357364 ], [ 35248.589800000190735, 3180203.518200002610683 ], [ 35290.003800000995398, 3180093.080800000578165 ], [ 35289.083599999547005, 3180076.332499999552965 ], [ 35266.996000001206994, 3179674.339000001549721 ], [ 35207.175800001248717, 3179099.144099999219179 ], [ 35183.107499999925494, 3178670.728700004518032 ], [ 35167.650900001637638, 3178395.601400000974536 ], [ 35138.152400000952184, 3177870.527900001034141 ], [ 35129.898300000466406, 3177783.343800000846386 ], [ 35075.014800000935793, 3177203.63710000179708 ], [ 35064.527400000020862, 3177092.864399999380112 ], [ 35063.940000001341105, 3177081.452500000596046 ], [ 35032.316500000655651, 3176467.052400000393391 ], [ 35023.113400001078844, 3176315.2010000012815 ], [ 34977.097800000570714, 3176167.951099999248981 ], [ 34931.054399999789894, 3176014.909499999135733 ], [ 34925.994400002062321, 3175931.419399999082088 ], [ 34923.774900000542402, 3175885.69030000269413 ], [ 34923.750500001013279, 3175885.187999999150634 ] ] ] } },
{ "type": "Feature", "properties": { "IMIS_CODE": "31130040010000000", "PARENT_CHA": "Dallas Branch Canal", "REMARKS": "<Null>", "ZONE_NAME": "Bahawalpur", "CIRCLE_NAM": "Rahimyar Khan", "CHANNEL_NA": "Makhan Disty", "CHANNEL_TY": "D", "DESIGNED_D": 29.0 }, "geometry": { "type": "MultiLineString", "coordinates": [ [ [ 31901.181300002150238, 3177939.183100001886487 ], [ 31851.664900001138449, 3178003.148800000548363 ], [ 31823.292000000365078, 3178014.789000004529953 ], [ 31710.482800000347197, 3178061.069599997252226 ], [ 31645.321899999864399, 3178100.890200002118945 ], [ 31559.798100000247359, 3178114.917899999767542 ], [ 31494.637199999764562, 3178114.917899999767542 ], [ 31413.186000001616776, 3178087.767500003799796 ], [ 31348.025000000372529, 3178057.902100000530481 ], [ 31280.149000000208616, 3178009.031400002539158 ], [ 31231.27830000128597, 3177960.160600000992417 ], [ 31185.12260000128299, 3177867.849300004541874 ], [ 30982.094700001180172, 3177466.955299999564886 ], [ 30966.588000000454485, 3177459.977300003170967 ], [ 30899.230999999679625, 3177429.6667 ], [ 30787.364900000393391, 3177408.9507 ], [ 30489.055400000885129, 3177408.9507 ], [ 30240.464200000278652, 3177408.9507 ], [ 30091.309399999678135, 3177413.093900004401803 ], [ 29996.016100000590086, 3177421.380300000309944 ], [ 29909.009200001135468, 3177375.805200001224875 ], [ 29874.342400002293289, 3177344.990300001576543 ], [ 29871.720500001683831, 3177342.659700004383922 ], [ 29822.002200000919402, 3177355.089299999177456 ], [ 29784.713600002229214, 3177371.662000002339482 ], [ 29718.422600000165403, 3177413.093900004401803 ], [ 29610.699699999764562, 3177413.093900004401803 ], [ 29523.692699999548495, 3177413.093900004401803 ], [ 29150.805900001898408, 3177309.514200001955032 ], [ 29075.817999999970198, 3177286.198599999770522 ], [ 28657.766600001603365, 3177156.216300001367927 ], [ 28543.948200001381338, 3177124.304600002244115 ], [ 28214.44550000037998, 3177031.920700000599027 ], [ 28086.006700000725687, 3176957.343300001695752 ], [ 27936.851900001056492, 3176924.197799999266863 ], [ 27905.751700000837445, 3176919.338400000706315 ], [ 27804.269900001585484, 3176903.481799999251962 ], [ 27692.403900000266731, 3176878.622700000181794 ], [ 27588.824199999682605, 3176841.334000002592802 ], [ 27281.937599999830127, 3176748.554400000721216 ], [ 27280.023199999704957, 3176747.975600002333522 ], [ 26876.195899999700487, 3176625.888300001621246 ], [ 26759.964600000530481, 3176591.820500001311302 ], [ 26155.281299999915063, 3176414.585700003430247 ], [ 26054.290200000628829, 3176310.709100002422929 ], [ 25889.082600001245737, 3176140.781300002709031 ], [ 25533.572600000537932, 3175775.113900002092123 ], [ 25430.223500000312924, 3175668.812000002712011 ], [ 25256.20960000064224, 3175416.077500000596046 ], [ 25112.91100000217557, 3175172.165000000968575 ], [ 24866.75, 3174753.167500004172325 ], [ 24460.099300001747906, 3174405.451700001955032 ], [ 24294.990100000053644, 3174264.271400002762675 ], [ 23826.809999999590218, 3173870.668600000441074 ], [ 23620.560600000433624, 3173836.514500001445413 ], [ 23437.212299999780953, 3173762.470000000670552 ], [ 23303.227000001817942, 3173656.692099999636412 ], [ 23232.708399999886751, 3173554.440200001001358 ], [ 23201.491500000469387, 3173500.411000000312924 ], [ 23049.36019999999553, 3173237.106699999421835 ], [ 22576.885800000280142, 3172443.772800002247095 ], [ 22547.213000002317131, 3172394.477600002661347 ], [ 22207.039300001226366, 3171829.350400000810623 ], [ 22150.059999999590218, 3171730.162900000810623 ] ] ] } },
{ "type": "Feature", "properties": { "IMIS_CODE": "31130040011000000", "PARENT_CHA": "Dallas Branch Canal", "REMARKS": null, "ZONE_NAME": "Bahawalpur", "CIRCLE_NAM": "Rahimyar Khan", "CHANNEL_NA": "Degi Disty", "CHANNEL_TY": "D", "DESIGNED_D": 370.0 }, "geometry": { "type": "MultiLineString", "coordinates": [ [ [ 31906.813099999912083, 3177936.462600002065301 ], [ 31860.194500001147389, 3177832.656500000506639 ], [ 31701.160000000149012, 3177600.415700001642108 ], [ 31582.515300001949072, 3177390.894100001081824 ], [ 31544.64989999961108, 3177264.676300000399351 ], [ 31466.394899999722838, 3177007.191900001838803 ], [ 31433.578300001099706, 3176918.839400000870228 ], [ 31420.956500001251698, 3176875.925300000235438 ], [ 31481.541000001132488, 3176742.134500000625849 ], [ 31496.687199999578297, 3176626.013999998569489 ], [ 31471.443599999882281, 3176545.234600001946092 ], [ 31484.065399999730289, 3176449.3091000020504 ], [ 31481.541000001132488, 3176335.713000001385808 ], [ 31499.211500001139939, 3176181.727299999445677 ], [ 31526.979400000534952, 3176075.704300001263618 ], [ 31567.369200000539422, 3175982.303099999204278 ], [ 31620.380600000731647, 3175898.999399999156594 ], [ 31769.317699999548495, 3175692.002100002020597 ], [ 31817.280500001274049, 3175588.503499999642372 ], [ 31817.280500001274049, 3175517.821500001475215 ], [ 31827.377900000661612, 3175485.004899999126792 ], [ 31956.120099999941885, 3175305.775600001215935 ], [ 32100.008400000631809, 3175096.254000000655651 ], [ 32137.87370000127703, 3175000.328400002792478 ], [ 32142.922400001436472, 3174942.268200000748038 ], [ 32112.630200000479817, 3174848.867000002413988 ], [ 32072.240500001236796, 3174790.806799998506904 ], [ 32034.375099999830127, 3174667.113399999216199 ], [ 32036.899500000290573, 3174543.419899998232722 ], [ 31999.034099999815226, 3174283.411199998110533 ], [ 31976.314900000579655, 3174101.657500000670552 ], [ 31966.217500001192093, 3174053.694700002670288 ], [ 32014.18030000012368, 3173899.709000004455447 ], [ 32067.191800002008677, 3173796.21030000410974 ], [ 32074.764800000935793, 3173748.247600002214313 ], [ 32074.764800000935793, 3173697.76039999909699 ], [ 32074.764800000935793, 3173657.370700001716614 ], [ 32034.375099999830127, 3173622.029700003564358 ], [ 31971.266200001351535, 3173558.920800002291799 ], [ 31766.793300001882017, 3173306.485200000926852 ], [ 31579.990899998694658, 3173006.08669999986887 ], [ 31473.968000000342727, 3172849.576600002124906 ], [ 31420.956500001251698, 3172799.089500000700355 ], [ 31287.165599999949336, 3172738.504900002852082 ], [ 31062.497800000011921, 3172635.006300000473857 ], [ 31017.059399999678135, 3172599.665300000458956 ], [ 30971.621000001206994, 3172551.702600000426173 ], [ 30895.890300000086427, 3172470.923200001940131 ], [ 30570.248300001956522, 3172193.243900002911687 ], [ 30438.981800001114607, 3172059.453000003471971 ], [ 30282.471699999645352, 3171923.137800002470613 ], [ 30014.889899999834597, 3171678.2752 ], [ 29934.110500002279878, 3171602.544500002637506 ], [ 29878.574600000865757, 3171549.533000001683831 ], [ 29843.233600000850856, 3171468.753599999472499 ], [ 29828.087500002235174, 3171405.6447 ], [ 29787.697800001129508, 3171355.157600002363324 ], [ 29782.649100000970066, 3171233.988400001078844 ], [ 29764.978600000962615, 3171138.062900001183152 ], [ 29719.54009999986738, 3171057.28350000269711 ], [ 29709.442699999548495, 3171004.272000001743436 ], [ 29681.674800001084805, 3170926.016900001093745 ], [ 29706.918400000780821, 3170817.469600001350045 ], [ 29732.161899999715388, 3170741.738900002092123 ], [ 29679.150400000624359, 3170474.1570999994874 ], [ 29658.955600001849234, 3170388.329 ], [ 29653.906899999827147, 3170312.598300002515316 ], [ 29671.577400001697242, 3170241.916300000622869 ], [ 29653.906899999827147, 3170183.85610000230372 ], [ 29631.187699999660254, 3170156.088200001046062 ], [ 29590.798000001348555, 3170123.271500002592802 ], [ 29510.018600000999868, 3170065.211300000548363 ], [ 29464.580100000835955, 3169994.529400000348687 ], [ 29406.519900000654161, 3169903.652499999850988 ], [ 29333.31359999999404, 3169815.300000004470348 ], [ 29280.302100001834333, 3169772.386 ], [ 29247.485500000417233, 3169744.618099998682737 ], [ 29217.193200000561774, 3169719.374499998986721 ], [ 29202.047100001946092, 3169666.363000003620982 ], [ 29133.889400000683963, 3169560.340000001713634 ], [ 29065.731800000183284, 3169459.365799998864532 ], [ 29030.390800001099706, 3169401.305600000545382 ], [ 29005.147200001403689, 3169315.477500000968575 ], [ 28979.903700000606477, 3169191.784000001847744 ], [ 28942.038300001062453, 3169121.102000003680587 ], [ 28868.832000000402331, 3169002.45720000192523 ], [ 28838.539700001478195, 3168873.715100003406405 ], [ 28823.393599999137223, 3168828.276600001379848 ], [ 28714.846199999563396, 3168623.803800001740456 ], [ 28682.029600000008941, 3168580.889700001105666 ], [ 28581.05530000012368, 3168550.597400004044175 ], [ 28222.596700000576675, 3168383.989900000393391 ], [ 27982.782800001092255, 3168293.112999999895692 ], [ 27902.003400001674891, 3168242.625900000333786 ], [ 27843.943200000561774, 3168189.614399999380112 ], [ 27768.212500000372529, 3168149.224700001999736 ], [ 27695.006199999712408, 3168116.408099997788668 ], [ 27629.372900001704693, 3168055.8235 ], [ 27541.020400000736117, 3167992.714600004255772 ], [ 27513.252500002272427, 3167967.471000004559755 ], [ 27462.765400000847876, 3167901.837800001725554 ], [ 27407.229500002227724, 3167848.82630000077188 ], [ 27351.693699999712408, 3167818.534000003710389 ], [ 27321.401399999856949, 3167800.863500000908971 ], [ 27265.865600001998246, 3167742.803300002589822 ], [ 27235.573300000280142, 3167694.840500004589558 ], [ 27207.805400000885129, 3167631.731599999591708 ], [ 27174.988700000569224, 3167603.96370000205934 ], [ 27139.647699999623001, 3167576.195800000801682 ], [ 27056.343999999575317, 3167477.745900001376867 ], [ 26978.088900001719594, 3167381.820300001651049 ], [ 26856.919800000265241, 3167240.456399999558926 ], [ 26816.53010000102222, 3167195.017900003120303 ], [ 26773.616000001318753, 3167142.00650000013411 ], [ 26740.799400000832975, 3167091.519300000742078 ], [ 26697.885300001129508, 3167041.032199999317527 ], [ 26604.484199999831617, 3166977.9233 ], [ 26528.753499999642372, 3166935.009200002998114 ], [ 26468.168900000862777, 3166899.668199999257922 ], [ 26349.524100000970066, 3166788.596499998122454 ], [ 26208.160200000740588, 3166659.854300001636147 ], [ 26104.66160000115633, 3166571.501900000497699 ], [ 25988.541200001724064, 3166490.722500002011657 ], [ 25930.481000000610948, 3166465.47890000231564 ], [ 25874.945100001059473, 3166435.186600001528859 ], [ 25847.177199999801815, 3166377.12640000320971 ], [ 25796.690100002102554, 3166316.541900001466274 ], [ 25771.44649999961257, 3166261.006000000983477 ], [ 25731.056800000369549, 3166195.372700000181794 ], [ 25703.288900001905859, 3166101.971500001847744 ], [ 25700.764500001445413, 3166021.192099999636412 ], [ 25726.008100001141429, 3165947.9858 ], [ 25781.5439000017941, 3165801.573100000619888 ], [ 25796.690100002102554, 3165713.220599999651313 ], [ 25819.409300001338124, 3165619.819400003179908 ], [ 25824.458000000566244, 3165533.991300003603101 ], [ 25791.641300001181662, 3165480.979800000786781 ], [ 25700.764500001445413, 3165342.1402000002563 ], [ 25584.644099999219179, 3165190.67879999987781 ], [ 25440.755800001323223, 3165013.973900001496077 ], [ 25334.73280000127852, 3164880.183000003919005 ], [ 25317.062300001271069, 3164844.842000000178814 ], [ 25317.062300001271069, 3164791.83049999922514 ], [ 25312.013600002042949, 3164617.649900002405047 ], [ 25332.208400000818074, 3164541.919200003147125 ], [ 25344.830200000666082, 3164382.884699998423457 ], [ 25385.219899999909103, 3164251.618200000375509 ], [ 25420.560900000855327, 3164185.984899999573827 ], [ 25488.71860000025481, 3164143.070900000631809 ], [ 25511.437800001353025, 3164122.875999998301268 ], [ 25579.595399999991059, 3164077.437599999830127 ], [ 25680.56969999987632, 3163966.365900000557303 ], [ 25753.776000000536442, 3163908.305700002238154 ], [ 25829.506700000725687, 3163840.14809999987483 ], [ 26023.882100000046194, 3163691.211000001057982 ], [ 26076.893600000999868, 3163618.004699999466538 ], [ 26137.478199999779463, 3163514.506100002676249 ], [ 26208.160200000740588, 3163446.348400002345443 ], [ 26240.976800001226366, 3163393.33699999935925 ], [ 26271.269100001081824, 3163330.228000000119209 ], [ 26296.512700000777841, 3163284.789600001648068 ], [ 26331.853600000962615, 3163246.9243 ], [ 26349.524100000970066, 3163216.631999999284744 ], [ 26349.524100000970066, 3163161.096200000494719 ], [ 26349.524100000970066, 3163100.511600000783801 ], [ 26372.243400000967085, 3163060.121899999678135 ], [ 26369.719000000506639, 3162981.86680000461638 ], [ 26364.67030000127852, 3162954.098900003358722 ], [ 26306.610100000165403, 3162918.75789999961853 ], [ 26261.171700001694262, 3162893.514400003477931 ], [ 26225.830699999816716, 3162865.746400002390146 ], [ 26213.208899999968708, 3162837.978500001132488 ], [ 26205.635800000280142, 3162810.21059999987483 ], [ 26205.635800000280142, 3162764.772200001403689 ], [ 26203.111500000581145, 3162673.895300000905991 ], [ 26175.343500000424683, 3162598.164599999785423 ], [ 26109.71030000038445, 3162517.385200001299381 ], [ 26086.99110000114888, 3162446.703199999406934 ], [ 26041.552600001916289, 3162391.167400000616908 ], [ 26018.833399999886751, 3162340.680300001055002 ], [ 25980.968100001104176, 3162229.6086 ], [ 25968.346300001256168, 3162146.304800001904368 ], [ 25958.24890000000596, 3162088.244599999859929 ], [ 25933.005300000309944, 3162035.233100002631545 ], [ 25887.566900000907481, 3161964.551099998876452 ], [ 25859.798999999649823, 3161901.442199999466538 ], [ 25852.225899999961257, 3161848.430700002238154 ], [ 25824.458000000566244, 3161785.32180000282824 ], [ 25794.165700001642108, 3161696.969399999827147 ], [ 25771.44649999961257, 3161623.763000002130866 ], [ 25731.056800000369549, 3161484.92339999973774 ], [ 25710.861900000832975, 3161457.155499998480082 ], [ 25650.277400000952184, 3161431.911900004372001 ], [ 25579.595399999991059, 3161373.851700000464916 ], [ 25536.681300000287592, 3161318.315900003537536 ], [ 25513.962100001052022, 3161247.633899999782443 ], [ 25488.71860000025481, 3161199.6711 ], [ 25468.523699999786913, 3161045.685400003567338 ], [ 25443.280100000090897, 3160813.444599999114871 ], [ 25455.901899999938905, 3160697.324200002476573 ], [ 25465.99930000025779, 3160629.166500000283122 ], [ 25519.010800001211464, 3160528.192299999296665 ], [ 25607.363300001248717, 3160379.255200000479817 ], [ 25662.899200000800192, 3160308.57320000231266 ], [ 25761.349100000225008, 3160114.197799997404218 ], [ 25779.019600000232458, 3160020.796600000932813 ], [ 25776.495199999772012, 3159844.091599998995662 ], [ 25776.495199999772012, 3159551.26630000025034 ], [ 25756.300400000065565, 3159495.730399999767542 ], [ 25722.411700000055134, 3159411.163799999281764 ], [ 25699.466199999675155, 3159373.718800004571676 ], [ 25647.459100000560284, 3159346.918700000271201 ], [ 25429.739400001242757, 3159047.107999999076128 ], [ 25037.13020000141114, 3158536.716100001707673 ], [ 24858.671500002034009, 3158294.012200001627207 ], [ 24583.84499999973923, 3157944.2331000007689 ], [ 24401.817099999636412, 3157690.821700001135468 ], [ 24341.141100000590086, 3157601.592300001531839 ], [ 24284.034300000406802, 3157540.916300000622869 ], [ 24255.480899999849498, 3157480.24040000140667 ], [ 24237.635100001469254, 3157398.149399999529123 ], [ 24191.235800000838935, 3157341.042600004002452 ], [ 24141.267400002107024, 3157262.520700002089143 ], [ 24105.575600000098348, 3157162.583800001069903 ], [ 24087.729700000956655, 3157101.907900001853704 ], [ 24037.761300001293421, 3157051.939400000497699 ], [ 23984.223700001835823, 3157012.67850000411272 ], [ 23955.67030000127852, 3156980.5559 ], [ 23948.531899999827147, 3156934.156700002029538 ], [ 23835.816500000655651, 3156704.539799999445677 ], [ 23778.709700000472367, 3156665.278799999505281 ], [ 23657.35780000127852, 3156572.48030000180006 ], [ 23500.314100001007318, 3156436.851700000464916 ], [ 23168.38090000115335, 3156187.009400002658367 ], [ 23000.629599999636412, 3156054.950000001117587 ], [ 22897.123599999584258, 3155979.997300000861287 ], [ 22540.206100000068545, 3155690.894200000911951 ], [ 22165.442800001241267, 3155405.360200000926852 ], [ 21744.280199999921024, 3155162.656300000846386 ], [ 21512.283799999393523, 3155005.61260000243783 ], [ 21455.177000001072884, 3154984.197600001469254 ], [ 20791.310499999672174, 3154966.351700000464916 ], [ 20637.835999999195337, 3154909.244900001212955 ], [ 20131.013199999928474, 3154745.062899999320507 ], [ 20066.768099999055266, 3154716.509500002488494 ], [ 20023.938000000081956, 3154680.817700002342463 ], [ 19991.815399999730289, 3154641.556800002232194 ], [ 19859.756000000052154, 3154398.852900000289083 ], [ 19445.73170000128448, 3153574.373600002378225 ], [ 19252.996300000697374, 3153363.792300000786781 ], [ 18813.987800000235438, 3152956.906400002539158 ], [ 18756.881000001914799, 3152899.799600003287196 ], [ 18742.604300000704825, 3152864.107799999415874 ], [ 18742.604300000704825, 3152803.431900002062321 ], [ 18746.173500001430511, 3152749.894300000742078 ], [ 18774.726900001056492, 3152632.1114999987185 ], [ 18813.987800000235438, 3152457.221900001168251 ], [ 18817.557000000961125, 3152285.901599999517202 ], [ 18803.280299999751151, 3152160.980399999767542 ], [ 18746.173500001430511, 3152089.596999999135733 ], [ 18692.635900001041591, 3151882.584799999371171 ], [ 18596.268100000917912, 3151568.497500000521541 ], [ 18457.070299999788404, 3151168.749900002032518 ], [ 18417.80940000154078, 3151065.24379999935627 ], [ 18357.133399999700487, 3150940.322699999436736 ], [ 18314.303399999625981, 3150858.23170000128448 ], [ 18171.536400000564754, 3150561.990199999883771 ], [ 18160.828800001181662, 3150512.021800000220537 ], [ 18153.690500000491738, 3150115.843400001525879 ], [ 18164.398000001907349, 3150058.736600002273917 ], [ 18196.520600000396371, 3149980.214700000360608 ], [ 18321.44170000217855, 3149773.202600004151464 ], [ 18557.00719999987632, 3149369.885900001972914 ], [ 19135.213500000536442, 3148399.07039999961853 ], [ 19313.6722999997437, 3148081.413799999281764 ], [ 19317.24140000063926, 3148013.599500000476837 ], [ 19317.24140000063926, 3147963.631100000813603 ], [ 19295.826399999670684, 3147874.401700001209974 ], [ 19270.842199999839067, 3147831.571599999442697 ], [ 19228.012100000865757, 3147713.788900000974536 ], [ 18863.956199999898672, 3146835.7719 ], [ 18571.283900001086295, 3146107.660299999639392 ], [ 18264.334900001063943, 3145375.979499999433756 ], [ 18189.105599999427795, 3145188.338600002229214 ] ] ] } },
{ "type": "Feature", "properties": { "IMIS_CODE": "31130040011001000", "PARENT_CHA": "Degi Disty", "REMARKS": "<Null>", "ZONE_NAME": "Bahawalpur", "CIRCLE_NAM": "Rahimyar Khan", "CHANNEL_NA": "Bahadar Minor", "CHANNEL_TY": "M", "DESIGNED_D": 21.0 }, "geometry": { "type": "MultiLineString", "coordinates": [ [ [ 31473.968000000342727, 3172849.576600002124906 ], [ 31489.802500000223517, 3172668.754899999126792 ], [ 31494.25899999961257, 3172441.472000000998378 ], [ 31494.25899999961257, 3172285.49349999986589 ], [ 31512.085100001655519, 3171804.188500003889203 ], [ 31512.085100001655519, 3171746.253700001165271 ], [ 31494.25899999961257, 3171541.253400003537536 ], [ 31467.519799999892712, 3171376.361900001764297 ], [ 31471.976400000974536, 3171224.839900001883507 ], [ 31498.715499999932945, 3171095.600600004196167 ], [ 31512.085100001655519, 3170984.187400000169873 ], [ 31507.628600001335144, 3170551.904200000688434 ], [ 31485.345900001004338, 3170320.16469999961555 ], [ 31498.715499999932945, 3170155.273200003430247 ], [ 31480.889400000683963, 3170061.68610000424087 ], [ 31431.867600001394749, 3169954.729499999433756 ], [ 31498.715499999932945, 3169763.098799999803305 ], [ 31801.759399999864399, 3168907.44539999961853 ], [ 31913.172600001096725, 3168626.6841000020504 ], [ 31966.650999999605119, 3168546.466600000858307 ], [ 32122.629400001838803, 3168087.444300001487136 ], [ 32229.586099999956787, 3167797.769899999722838 ], [ 32283.064399999566376, 3167708.639399999752641 ] ] ] } },
{ "type": "Feature", "properties": { "IMIS_CODE": "31130040011002000", "PARENT_CHA": "Degi Disty", "REMARKS": null, "ZONE_NAME": "Bahawalpur", "CIRCLE_NAM": "Rahimyar Khan", "CHANNEL_NA": "Badli Minor", "CHANNEL_TY": "M", "DESIGNED_D": 24.0 }, "geometry": { "type": "MultiLineString", "coordinates": [ [ [ 27695.006199999712408, 3168116.408099997788668 ], [ 27755.200700000859797, 3167941.731300000101328 ], [ 27827.668300000950694, 3167707.277500001713634 ], [ 27912.924200001172721, 3167455.772500002756715 ], [ 28019.494099999777973, 3167055.069600002840161 ], [ 28104.75, 3166786.5135000012815 ], [ 28190.006000000983477, 3166462.540899999439716 ], [ 28279.524700000882149, 3166168.407999999821186 ], [ 28386.094600000418723, 3166036.261300003156066 ], [ 28513.978500001132488, 3165810.333000004291534 ], [ 28688.753200002014637, 3165533.251300001516938 ], [ 28914.681400001980364, 3165162.388000000268221 ], [ 29016.988500000908971, 3164966.299300001934171 ], [ 29008.462899999693036, 3164740.371100001037121 ], [ 28944.520999999716878, 3164437.712600000202656 ], [ 28833.688300000503659, 3163644.832400001585484 ], [ 28786.797500001266599, 3163372.013399999588728 ], [ 28735.643899999558926, 3163269.706299999728799 ], [ 28697.278800002299249, 3163192.976000001654029 ], [ 28688.753200002014637, 3163146.085200000554323 ], [ 28663.176400000229478, 3162890.317400000989437 ], [ 28658.913599999621511, 3162800.79869999922812 ], [ 28641.862400000914931, 3162638.812400002032518 ], [ 28560.869300001300871, 3162523.716900000348687 ], [ 28526.766900000162423, 3162455.512200001627207 ], [ 28509.715699999593198, 3162412.884200001135468 ], [ 28509.715699999593198, 3162340.4167 ], [ 28535.292500000447035, 3162267.949100000783801 ], [ 28518.24129999987781, 3162165.641999999061227 ], [ 28526.766900000162423, 3162054.809299999848008 ], [ 28548.080900000408292, 3161760.676300002261996 ], [ 28513.978500001132488, 3161705.260000001639128 ], [ 28467.087700000032783, 3161637.05519999936223 ], [ 28441.510999999940395, 3161585.901700001209974 ], [ 28309.364300000481308, 3161368.498999999836087 ], [ 28207.057199999690056, 3161210.77559999935329 ] ] ] } },
{ "type": "Feature", "properties": { "IMIS_CODE": "31130040011003000", "PARENT_CHA": "Degi Disty", "REMARKS": null, "ZONE_NAME": "Bahawalpur", "CIRCLE_NAM": "Rahimyar Khan", "CHANNEL_NA": "Kikri Minor", "CHANNEL_TY": "M", "DESIGNED_D": 27.0 }, "geometry": { "type": "MultiLineString", "coordinates": [ [ [ 25699.466199999675155, 3159373.718800004571676 ], [ 26313.316700000315905, 3158488.553200002759695 ], [ 26642.286299999803305, 3158034.100400002673268 ], [ 26910.21000000089407, 3157640.693399999290705 ], [ 26940.732900000177324, 3157583.039000002667308 ], [ 26954.298700000159442, 3157521.993100000545382 ], [ 26961.081500000320375, 3157413.467000002041459 ], [ 27008.561700000427663, 3156647.001800002530217 ], [ 26998.387400002218783, 3156287.509300000965595 ], [ 27011.953099999576807, 3155972.105500001460314 ], [ 26954.298700000159442, 3155846.622199999168515 ], [ 26893.252800001762807, 3155707.57320000231266 ], [ 26862.729800001718104, 3155639.744400000199676 ], [ 26784.726700000464916, 3155521.044100001454353 ], [ 26727.072300000116229, 3155473.56389999948442 ], [ 26686.375000001862645, 3155429.475199999287724 ], [ 26649.069200001657009, 3155381.995100000873208 ], [ 26638.894799999892712, 3155297.209100002422929 ], [ 26615.154799999669194, 3155120.854299999773502 ], [ 26598.197600000537932, 3155046.242600001394749 ], [ 26370.971199999563396, 3154483.263700000941753 ], [ 26157.310500000603497, 3153977.939300000667572 ], [ 25797.817999999970198, 3153102.948100002482533 ], [ 25543.459999999962747, 3152539.969200002029538 ] ] ] } },
{ "type": "Feature", "properties": { "IMIS_CODE": "31130040011004000", "PARENT_CHA": "Degi Disty", "REMARKS": null, "ZONE_NAME": "Bahawalpur", "CIRCLE_NAM": "Rahimyar Khan", "CHANNEL_NA": "Muhammad Minor", "CHANNEL_TY": "M", "DESIGNED_D": 60.0 }, "geometry": { "type": "MultiLineString", "coordinates": [ [ [ 23835.816500000655651, 3156704.539799999445677 ], [ 23807.6858000010252, 3156527.422700002789497 ], [ 23793.011700000613928, 3156449.161000004038215 ], [ 23748.989500002004206, 3156341.55120000243187 ], [ 23712.393199999816716, 3156268.358600001782179 ], [ 23612.031700000166893, 3156067.63539999909699 ], [ 23533.557100000791252, 3155898.295800000429153 ], [ 23519.095900001004338, 3155867.090000001713634 ], [ 23465.291100001893938, 3155769.262900000438094 ], [ 23440.834300000220537, 3155695.8926 ], [ 23423.542799999937415, 3155600.789300002157688 ], [ 23391.920800001360476, 3155426.8682000041008 ], [ 23365.901000000536442, 3155270.74970000050962 ], [ 23347.898599999956787, 3155162.735100002959371 ], [ 23289.20230000000447, 3154952.406899999827147 ], [ 23287.078600000590086, 3154948.812900003045797 ], [ 23225.614700000733137, 3154844.797100003808737 ], [ 23162.027099999599159, 3154610.012200001627207 ], [ 23073.982800002209842, 3154463.271600000560284 ], [ 23029.960600000806153, 3154375.227199997752905 ], [ 22932.133500000461936, 3154086.637399999424815 ], [ 22902.785400001332164, 3153856.743699999526143 ], [ 22894.261500000022352, 3153801.338100001215935 ], [ 22883.21999999973923, 3153729.568600000813603 ], [ 22863.654600000940263, 3153587.7193 ], [ 22838.955100000835955, 3153538.320300003513694 ], [ 22809.849700001068413, 3153480.109500002115965 ], [ 22746.262099999003112, 3153401.847900001332164 ], [ 22775.610200000926852, 3153343.151600001379848 ], [ 22780.501600000075996, 3153264.890000000596046 ], [ 22795.175600000657141, 3153181.736999999731779 ], [ 22839.197800000198185, 3153079.018600003793836 ], [ 22809.238300000317395, 3152967.128900002688169 ], [ 22790.89570000115782, 3152879.084499999880791 ], [ 22783.558699999935925, 3152813.051200000569224 ], [ 22787.227200000546873, 3152688.321699999272823 ], [ 22763.882700000889599, 3152548.254700001329184 ], [ 22757.879099999554455, 3152512.233000000938773 ], [ 22743.205000001937151, 3152321.470200000330806 ], [ 22741.960200000554323, 3152313.379000004380941 ], [ 22741.04769999999553, 3152307.448000002652407 ], [ 22691.845800000242889, 3151987.635400000959635 ], [ 22655.160699999891222, 3151782.1985 ], [ 22544.462700000032783, 3151424.057800000533462 ], [ 22530.431200000457466, 3151378.661900002509356 ], [ 22469.619599999859929, 3151160.45580000244081 ], [ 22468.066399999894202, 3151154.882500002160668 ], [ 22465.78080000076443, 3151121.741800002753735 ], [ 22453.392300000414252, 3150942.108600001782179 ], [ 22413.03870000038296, 3150802.705000001937151 ], [ 22370.626799998804927, 3150686.318900000303984 ], [ 22255.292500000447035, 3150369.8202 ], [ 22070.580900001339614, 3149926.512300001457334 ], [ 22067.503600001335144, 3149919.12670000270009 ], [ 22016.839100000448525, 3149797.531900003552437 ], [ 21932.463200001046062, 3149610.437600001692772 ], [ 21811.402200000360608, 3149401.332300003618002 ], [ 21775.161000000312924, 3149330.575600001960993 ], [ 21734.363400001078844, 3149250.923200003802776 ], [ 21690.341199999675155, 3149148.204800002276897 ], [ 21671.36019999999553, 3149100.022200001403689 ], [ 21642.650500002317131, 3149027.143800003454089 ], [ 21576.617300000041723, 3148880.403200002387166 ], [ 21543.600600000470877, 3148752.005100002512336 ], [ 21528.926599999889731, 3148693.308900000527501 ], [ 21521.589500001631677, 3148502.5461 ], [ 21504.59880000166595, 3148376.814200000837445 ], [ 21503.247000001370907, 3148366.811100002378225 ], [ 21481.23589999973774, 3148271.429700002074242 ], [ 21479.4375, 3148244.4539 ], [ 21479.304400001652539, 3148242.458000000566244 ], [ 21473.898800001479685, 3148161.374199999496341 ], [ 21448.219200001098216, 3148088.003900004550815 ], [ 21360.174900000914931, 3147893.572599999606609 ], [ 21301.47859999909997, 3147790.854200003668666 ], [ 21297.627399999648333, 3147765.821600001305342 ], [ 21286.80460000038147, 3147695.472800003364682 ], [ 21312.484200000762939, 3147567.074800003319979 ], [ 21319.328300001099706, 3147543.12050000205636 ], [ 21341.832299999892712, 3147464.3564 ], [ 21340.58739999961108, 3147133.219800001010299 ], [ 21338.163800001144409, 3146488.531400002539158 ], [ 21327.116800001822412, 3146265.382600001990795 ], [ 21323.605800000950694, 3146194.46000000089407 ], [ 21319.82120000012219, 3146118.011400001123548 ], [ 21415.202600000426173, 3145919.911599999293685 ], [ 21481.070199999958277, 3145759.23450000025332 ], [ 21601.325600000098348, 3145465.884399998933077 ], [ 21601.515200001187623, 3145465.421700000762939 ], [ 21728.599000002257526, 3145155.41440000012517 ], [ 21859.855600000359118, 3144835.227800002321601 ], [ 21899.446600001305342, 3144738.649700002744794 ], [ 22126.894500000402331, 3144181.035499997437 ], [ 22127.086400001309812, 3144180.5760000012815 ], [ 22216.496000001206994, 3143966.463400000706315 ], [ 22266.298100001178682, 3143847.2006 ], [ 22259.700000000186265, 3143585.475400000810623 ], [ 22244.286999999545515, 3142974.09400000423193 ], [ 22242.131100000813603, 3142745.56840000115335 ], [ 22242.08390000090003, 3142740.568 ], [ 22240.618500000797212, 3142585.2314000017941 ], [ 22211.270300000905991, 3142236.722500000149012 ], [ 22178.253700001165271, 3142174.357800003141165 ], [ 22113.14780000038445, 3142107.336900001391768 ], [ 22053.52419999986887, 3142045.959699999541044 ], [ 21740.742600001394749, 3141773.975700002163649 ], [ 21716.020800000056624, 3141752.478500001132488 ], [ 21415.202600000426173, 3141550.710200000554323 ], [ 21158.406499999575317, 3141422.31220000050962 ], [ 21017.580299999564886, 3141350.618900002911687 ], [ 20956.638200000859797, 3141319.593800002709031 ], [ 20879.599399999715388, 3141282.908600000664592 ], [ 20828.240200000815094, 3141268.234600001946092 ], [ 20713.274100000038743, 3141195.146300001069903 ], [ 20662.016600001603365, 3141154.140200002118945 ], [ 20661.974399999715388, 3141154.106499999761581 ] ] ] } },
{ "type": "Feature", "properties": { "IMIS_CODE": "31130040012000000", "PARENT_CHA": "Dallas Branch Canal", "REMARKS": null, "ZONE_NAME": "Bahawalpur", "CIRCLE_NAM": "Rahimyar Khan", "CHANNEL_NA": "Sharin Disty", "CHANNEL_TY": "D", "DESIGNED_D": 103.0 }, "geometry": { "type": "MultiLineString", "coordinates": [ [ [ 31906.813099999912083, 3177936.462600002065301 ], [ 31558.577500000596046, 3177764.717499999329448 ], [ 31156.027400000020862, 3177557.69170000217855 ], [ 31110.021600000560284, 3177496.350800001993775 ], [ 31037.179200001060963, 3177377.502600001171231 ], [ 30515.781000000424683, 3176373.044199999421835 ], [ 29925.374099999666214, 3175238.236300002783537 ], [ 29622.503099999390543, 3174666.998500002548099 ], [ 29492.153500000014901, 3174482.975599998608232 ], [ 29423.144899999722838, 3174394.797900000587106 ], [ 29346.468700001947582, 3174333.456900000572205 ], [ 29308.130600000731647, 3174295.118800001218915 ], [ 29158.612000000663102, 3174260.614499999210238 ], [ 29032.096199999563396, 3174249.113100001588464 ], [ 28851.907100000418723, 3174249.113100001588464 ], [ 28476.19370000064373, 3174195.4397 ], [ 28134.98450000025332, 3174145.600200003013015 ], [ 27870.451600001193583, 3174111.095899999141693 ], [ 27352.287100002169609, 3174069.404200000688434 ], [ 26559.00690000038594, 3173997.439999999478459 ], [ 25444.397999999113381, 3173886.983200000599027 ], [ 24682.915900001302361, 3173825.060499999672174 ], [ 24085.445299999788404, 3173774.852900002151728 ], [ 23673.742899999953806, 3173741.38120000064373 ] ] ] } },
{ "type": "Feature", "properties": { "IMIS_CODE": "31130040012001000", "PARENT_CHA": "Sharin Disty", "REMARKS": null, "ZONE_NAME": "Bahawalpur", "CIRCLE_NAM": "Rahimyar Khan", "CHANNEL_NA": "Khan Minor", "CHANNEL_TY": "M", "DESIGNED_D": 74.0 }, "geometry": { "type": "MultiLineString", "coordinates": [ [ [ 27870.451600001193583, 3174111.095899999141693 ], [ 27797.609199999831617, 3174057.422600001096725 ], [ 27544.577700001187623, 3173792.889600001275539 ], [ 26900.497500000521541, 3173175.646099999547005 ], [ 26639.798400000669062, 3172926.448400001972914 ], [ 26183.57490000128746, 3172447.222100000828505 ], [ 26183.57490000128746, 3172301.537300001829863 ], [ 26233.41440000012517, 3171864.482799997553229 ], [ 26248.74970000050962, 3171584.614700002595782 ], [ 26233.41440000012517, 3171507.938500000163913 ], [ 26206.577800001017749, 3171435.096000004559755 ], [ 26168.23960000090301, 3171350.7522 ], [ 26095.397199999541044, 3171254.906900003552437 ], [ 25995.71820000000298, 3171109.222100004553795 ], [ 25907.540500000119209, 3170821.686300002038479 ], [ 25857.7010000012815, 3170706.672000002115965 ], [ 25811.695299999788404, 3170656.832499999552965 ], [ 25669.84429999999702, 3170576.322499999776483 ], [ 25297.964600000530481, 3170334.792400000616908 ], [ 25175.282700001262128, 3170215.944199999794364 ], [ 25121.609299999661744, 3170143.101800002157688 ], [ 25094.772700000554323, 3170093.262299999594688 ], [ 25014.262600000016391, 3169982.081800004467368 ], [ 24998.927400001324713, 3169916.906999999657273 ], [ 24949.087800000794232, 3169828.729399999603629 ], [ 24857.076400000602007, 3169725.216499999165535 ], [ 24673.05350000038743, 3169468.351200001314282 ], [ 24607.878700001165271, 3169368.672100001946092 ], [ 24343.345800000242889, 3169123.308200001716614 ], [ 24094.14809999987483, 3168885.611900001764297 ], [ 23967.632300001569092, 3168766.76380000077188 ], [ 23852.617999999783933, 3168659.417100001126528 ], [ 23741.437500000931323, 3168594.2423 ], [ 23680.096499999985099, 3168506.0647 ], [ 23522.910300000570714, 3168314.374100001528859 ], [ 23373.391699999570847, 3168061.342599999159575 ], [ 23304.383100000210106, 3167946.328300001099706 ], [ 23227.706799999810755, 3167892.654999999329448 ], [ 23135.69539999961853, 3167846.649199998006225 ], [ 23082.022000000812113, 3167815.978800000622869 ], [ 23039.85010000038892, 3167769.973000001162291 ], [ 22978.509100002236664, 3167677.961599998176098 ], [ 22947.838700001128018, 3167605.119200002402067 ], [ 22924.835799999535084, 3167486.270999999716878 ], [ 22901.832899998873472, 3167298.414300002157688 ], [ 22813.655300000682473, 3166911.199400002136827 ], [ 22767.649600000120699, 3166742.5118000023067 ], [ 22690.973300000652671, 3166604.494600001722574 ], [ 22633.466199999675155, 3166512.4831000007689 ], [ 22614.297100000083447, 3166447.308300001546741 ], [ 22549.122399999760091, 3166217.279700003564358 ], [ 22541.454700001515448, 3166121.43440000154078 ], [ 22503.116599999368191, 3166014.087700001895428 ], [ 22480.113800001330674, 3165925.9101 ], [ 22464.778500000946224, 3165837.732400001958013 ], [ 22399.603700000792742, 3165630.706700002774596 ], [ 22342.096599999815226, 3165546.362799998372793 ], [ 22330.595100000500679, 3165534.861400000751019 ], [ 22311.426099999807775, 3165485.0219 ], [ 22307.592299999669194, 3165435.182299999520183 ], [ 22307.592299999669194, 3165400.678000001236796 ], [ 22334.428999999538064, 3165358.506100000813603 ], [ 22384.268500002101064, 3165308.666600003838539 ], [ 22414.939000001177192, 3165251.159400001168251 ], [ 22480.113800001330674, 3165132.311300002038479 ], [ 22552.956199999898672, 3164986.626499999314547 ], [ 22641.133800000883639, 3164875.446000004187226 ], [ 22729.31150000076741, 3164794.935900000855327 ], [ 22733.145299999043345, 3164710.592100001871586 ], [ 22744.64670000039041, 3164507.400100000202656 ], [ 22744.64670000039041, 3164223.698100000619888 ], [ 22721.643799999728799, 3164143.188100000843406 ], [ 22675.638100001960993, 3164024.340000003576279 ], [ 22644.967600000090897, 3163955.331400001421571 ], [ 22610.463299999944866, 3163836.483300000429153 ], [ 22568.291400001384318, 3163633.291300002485514 ], [ 22449.443300001323223, 3163338.087899999693036 ], [ 22399.603700000792742, 3163234.575000001117587 ], [ 22368.933199998922646, 3163177.067800004035234 ], [ 22326.761300001293421, 3163050.552100002765656 ], [ 22296.090800000354648, 3162912.53490000218153 ], [ 22211.747000000439584, 3162717.010500002652407 ], [ 22165.741300001740456, 3162582.827200001105666 ], [ 22123.569400001317263, 3162467.812800001353025 ], [ 22112.067900000140071, 3162356.63230000063777 ], [ 22092.898900002241135, 3162276.122300000861287 ], [ 22050.726999999955297, 3162164.941800000146031 ], [ 22008.555000001564622, 3162115.102299999445677 ], [ 21958.71550000179559, 3162072.930299999192357 ], [ 21855.202600000426173, 3162069.0965 ], [ 21659.678299999795854, 3162030.758400000631809 ], [ 21552.331600000150502, 3161996.254100002348423 ], [ 21494.824400000274181, 3161980.918900003656745 ], [ 21266.233400001190603, 3161856.799300001934171 ], [ 21131.091599999926984, 3161776.289200000464916 ], [ 20892.436900000087917, 3161698.6546 ], [ 20745.793600001372397, 3161690.0285 ], [ 20668.159000000916421, 3161661.274900004267693 ], [ 20527.266400001011789, 3161523.257700001820922 ], [ 20475.510000001639128, 3161442.747700003907084 ], [ 20441.005700001493096, 3161385.240500001236796 ], [ 20420.878200001083314, 3161313.356600001454353 ], [ 20300.113200000487268, 3160761.287799999117851 ], [ 20202.351000000722706, 3160266.726299999281764 ], [ 20216.727800001390278, 3159890.054400000721216 ], [ 20199.475600000470877, 3159766.413999998942018 ], [ 20133.342400000430644, 3159619.770699998363853 ], [ 20087.336699998937547, 3159519.133199999108911 ], [ 20087.336699998937547, 3159412.744900001212955 ], [ 20072.959900001063943, 3159323.608799999579787 ], [ 20032.704900001175702, 3159133.835200000554323 ], [ 20003.951299999840558, 3159050.449799997732043 ], [ 19946.444099999964237, 3158967.064400002360344 ], [ 19865.934100001119077, 3158918.183400001376867 ], [ 19845.806600001640618, 3158883.679099999368191 ], [ 19840.055900000035763, 3158811.795099999755621 ], [ 19778.435399999842048, 3158600.265900002792478 ], [ 19629.205099999904633, 3158150.243300002068281 ], [ 19549.926600001752377, 3157952.046899998560548 ], [ 19526.609299999661744, 3157912.407600000500679 ], [ 19519.614200000651181, 3157884.426900001242757 ], [ 19475.311400000937283, 3157793.489700000733137 ], [ 19421.681800001300871, 3157665.244999999180436 ], [ 19293.436999999918044, 3157380.774800002574921 ], [ 19200.168100002221763, 3157154.597699999809265 ], [ 19183.846100000664592, 3157114.958400001749396 ], [ 19120.889600001275539, 3156856.137199997901917 ], [ 19055.601300001144409, 3156625.296600000932813 ], [ 18971.659300001338124, 3156375.802200002595782 ], [ 18965.39820000063628, 3156304.68470000103116 ] ] ] } },
{ "type": "Feature", "properties": { "IMIS_CODE": "31130040013000000", "PARENT_CHA": "Dallas Branch Canal", "REMARKS": null, "ZONE_NAME": "Bahawalpur", "CIRCLE_NAM": "Rahimyar Khan", "CHANNEL_NA": "Mazari Disty", "CHANNEL_TY": "D", "DESIGNED_D": 24.0 }, "geometry": { "type": "MultiLineString", "coordinates": [ [ [ 20714.402999999001622, 3169873.936899999156594 ], [ 19920.001500001177192, 3169900.409199999645352 ], [ 18903.402400000952184, 3169930.091000001877546 ], [ 18839.562600001692772, 3170007.551900003105402 ], [ 18758.982900001108646, 3170085.761600002646446 ], [ 18705.485200000926852, 3170136.070400001481175 ] ] ] } },
{ "type": "Feature", "properties": { "IMIS_CODE": "31130040014000000", "PARENT_CHA": "Dallas Branch Canal", "REMARKS": null, "ZONE_NAME": "Bahawalpur", "CIRCLE_NAM": "Rahimyar Khan", "CHANNEL_NA": "Rauti Disty", "CHANNEL_TY": "D", "DESIGNED_D": 28.0 }, "geometry": { "type": "MultiLineString", "coordinates": [ [ [ 20219.976600000634789, 3169328.496300000697374 ], [ 20215.39570000115782, 3169285.74100000038743 ], [ 20215.076100001111627, 3169282.758099999278784 ], [ 20209.667100000195205, 3169232.27419999986887 ], [ 20140.76649999897927, 3169098.779200000688434 ], [ 19879.762500000186265, 3168593.084000004455447 ], [ 19753.087600000202656, 3168337.871400000527501 ], [ 19556.131500001065433, 3167941.062599997967482 ], [ 19412.397700000554323, 3167651.481300000101328 ], [ 19391.809700000099838, 3167614.061599999666214 ], [ 19357.102300001308322, 3167550.979100001975894 ], [ 19226.396800000220537, 3167313.415100002661347 ], [ 19218.664600001648068, 3167259.290100000798702 ], [ 19210.932500001043081, 3167228.36150000244379 ], [ 19187.736100000329316, 3167207.742500001564622 ], [ 19146.830700000748038, 3167188.36629999987781 ], [ 19138.76589999999851, 3167184.5461 ], [ 19115.569500001147389, 3167145.885400000959635 ], [ 19084.640900000929832, 3167022.171200003474951 ], [ 18966.081400000490248, 3166676.802300004288554 ], [ 18772.777999999932945, 3166256.689400000497699 ], [ 18751.238199998624623, 3166199.762800000607967 ], [ 18592.361400000751019, 3165779.874200001358986 ], [ 18453.182900002226233, 3165468.011299999430776 ], [ 18395.796799999661744, 3165396.262000003829598 ], [ 18364.231700000353158, 3165381.914200000464916 ], [ 18363.776500000618398, 3165381.707299999892712 ] ] ] } },
{ "type": "Feature", "properties": { "IMIS_CODE": "31130040015000000", "PARENT_CHA": "Dallas Branch Canal", "REMARKS": null, "ZONE_NAME": "Bahawalpur", "CIRCLE_NAM": "Rahimyar Khan", "CHANNEL_NA": "Malook Disty", "CHANNEL_TY": "D", "DESIGNED_D": 27.0 }, "geometry": { "type": "MultiLineString", "coordinates": [ [ [ 19138.770200000144541, 3167724.102900000289083 ], [ 19069.333399999886751, 3167766.260900001972914 ], [ 18967.658000000752509, 3167796.019599998369813 ], [ 18895.741200000047684, 3167793.539700001478195 ], [ 18823.824500000104308, 3167753.86150000244379 ], [ 18652.712199999950826, 3167654.665999999269843 ], [ 18389.844100000336766, 3167530.671600000932813 ], [ 18055.059300000779331, 3167352.119699999690056 ], [ 17824.429800000041723, 3167203.326400000602007 ], [ 17752.513000002130866, 3167126.44990000128746 ], [ 17690.515800001099706, 3167069.412499997764826 ], [ 17670.676699999719858, 3167037.17400000244379 ], [ 17588.840400001965463, 3167009.895200002938509 ], [ 17442.527099999599159, 3166937.978499997407198 ], [ 17201.978000001981854, 3166908.219800001010299 ], [ 16388.574800000526011, 3166799.104799998924136 ], [ 15768.602900000289083, 3166724.708100004121661 ], [ 15272.62540000025183, 3166667.670700000599027 ], [ 15131.271800002083182, 3166675.110400002449751 ], [ 14751.849000001326203, 3166694.949500000104308 ], [ 14637.774100000970066, 3166707.348899999633431 ], [ 14484.02110000140965, 3166826.383500000461936 ], [ 14397.225000000558794, 3166903.259999999776483 ], [ 14243.472000000998378, 3167037.17400000244379 ], [ 14104.598300000652671, 3167185.967200001701713 ], [ 14027.721800000406802, 3167272.763300001621246 ], [ 13923.566500000655651, 3167384.358200000599027 ], [ 13878.928500002250075, 3167436.435900002717972 ], [ 13826.850900001823902, 3167481.073900001123548 ], [ 13799.572100001387298, 3167500.913000002503395 ], [ 13511.905100000090897, 3167820.818500000983477 ], [ 13459.827499999664724, 3167875.376000002026558 ], [ 13387.910700000822544, 3167902.654800001531839 ], [ 12792.737699999473989, 3168108.485400004312396 ], [ 12123.167999999597669, 3168351.514400001615286 ], [ 12061.17090000025928, 3168381.27309999987483 ], [ 11981.814500000327826, 3168438.31050000153482 ], [ 11820.621799999848008, 3168554.865200001746416 ], [ 11748.705000001005828, 3168572.22440000064671 ], [ 11597.431900001130998, 3168582.144000001251698 ], [ 10854.946399999782443, 3168599.510500002652407 ], [ 10722.031499999575317, 3168601.983100002631545 ], [ 10545.555700000375509, 3168466.914600001648068 ], [ 10239.322100001387298, 3167936.530600000172853 ] ] ] } },
{ "type": "Feature", "properties": { "IMIS_CODE": "31130040016000000", "PARENT_CHA": "Dallas Branch Canal", "REMARKS": null, "ZONE_NAME": "Bahawalpur", "CIRCLE_NAM": "Rahimyar Khan", "CHANNEL_NA": "Jamal Disty", "CHANNEL_TY": "D", "DESIGNED_D": 27.0 }, "geometry": { "type": "MultiLineString", "coordinates": [ [ [ 18057.078600000590086, 3166217.330600002780557 ], [ 18000.321800000965595, 3166186.006899999454618 ], [ 17136.416800000704825, 3165938.048800000920892 ], [ 16564.691700000315905, 3165764.320200001820922 ], [ 16220.393200000748038, 3165672.7179000005126 ], [ 15722.897600000724196, 3165540.052400000393391 ], [ 15179.60090000089258, 3165388.43470000103116 ], [ 15144.855100000277162, 3165374.220499999821186 ], [ 15125.902900000102818, 3165363.165100002661347 ], [ 15113.268100000917912, 3164832.50310000218451 ], [ 14914.269900000654161, 3164535.585100002586842 ], [ 14718.430400000885129, 3164243.405200002714992 ], [ 14473.631000000983477, 3163862.781600002199411 ], [ 14250.942500001750886, 3163518.483100002631545 ], [ 14213.037999999709427, 3163101.534400001168251 ], [ 14167.236900000832975, 3162646.681300001218915 ], [ 14118.276999999769032, 3162221.835900001227856 ], [ 14115.118300001136959, 3162131.812899997457862 ] ] ] } },
{ "type": "Feature", "properties": { "IMIS_CODE": "31130040017000000", "PARENT_CHA": "Dallas Branch Canal", "REMARKS": null, "ZONE_NAME": "Bahawalpur", "CIRCLE_NAM": "Rahimyar Khan", "CHANNEL_NA": "Lamma Disty", "CHANNEL_TY": "D", "DESIGNED_D": 700.0 }, "geometry": { "type": "MultiLineString", "coordinates": [ [ [ 18057.078600000590086, 3166217.330600002780557 ], [ 17696.978600000031292, 3165073.483599998056889 ], [ 17619.309999999590218, 3164840.477700000628829 ], [ 17612.249199999496341, 3164734.565999999642372 ], [ 17668.735500000417233, 3164586.2895 ], [ 17908.802200000733137, 3163972.00139999948442 ], [ 17986.470800001174212, 3163661.326900001615286 ], [ 18035.896299999207258, 3163463.624900002032518 ], [ 18048.473300000652671, 3163406.918000001460314 ], [ 18072.303400000557303, 3163299.682400001212955 ], [ 18151.737200000323355, 3163208.333500001579523 ], [ 18191.454200000502169, 3163136.843000000342727 ], [ 18243.086099999956787, 3162997.83390000090003 ], [ 18302.661499999463558, 3162918.400000002235174 ], [ 18358.265200001187623, 3162823.079500002786517 ], [ 18354.293499999679625, 3162739.674000000581145 ], [ 18378.12360000051558, 3162640.381700003519654 ], [ 18457.557400002144277, 3162485.4857 ], [ 18505.217700000852346, 3162366.335000002756715 ], [ 18536.99129999987781, 3162187.608900003135204 ], [ 18600.53830000013113, 3162056.543100001290441 ], [ 18604.510000000707805, 3161949.307500001043081 ], [ 18596.5666000014171, 3161889.732100000604987 ], [ 18548.906299998983741, 3161830.1568 ], [ 18505.217700000852346, 3161754.694599999114871 ], [ 18453.58570000063628, 3161599.79869999922812 ], [ 18401.953800001181662, 3161516.393200002610683 ], [ 18401.953800001181662, 3161472.704600000753999 ], [ 18405.925499999895692, 3161385.32740000076592 ], [ 18382.095300001092255, 3161286.035100003704429 ], [ 18362.236899999901652, 3161099.365600001066923 ], [ 18330.463300000876188, 3160936.526300003752112 ], [ 18282.803000002168119, 3160813.403899999335408 ], [ 18247.057800000533462, 3160769.715299997478724 ], [ 18191.454200000502169, 3160729.998400000855327 ], [ 17909.464100001379848, 3160269.282300001010299 ], [ 17881.662299999967217, 3160221.622000003233552 ], [ 17885.634000001475215, 3160150.131500001996756 ], [ 17897.549000000581145, 3160066.725999999791384 ], [ 17893.57730000000447, 3159792.679400002583861 ], [ 17933.294200002215803, 3159578.208100004121661 ], [ 17953.15270000230521, 3159339.906600002199411 ], [ 17937.265900000929832, 3159204.86910000257194 ], [ 17897.549000000581145, 3159129.407000001519918 ], [ 17869.747200000099838, 3159030.114700000733137 ], [ 17857.832100001163781, 3158803.728399999439716 ], [ 17873.718900000676513, 3158585.285399999469519 ], [ 17897.549000000581145, 3158450.247899999842048 ], [ 17913.435800000093877, 3158319.182100003585219 ], [ 17901.520700002089143, 3158275.493500001728535 ], [ 17826.058600001037121, 3157981.58840000256896 ], [ 17774.426600000821054, 3157759.173700001090765 ], [ 17754.568199999630451, 3157600.30599999986589 ], [ 17702.93620000127703, 3157489.098700001835823 ], [ 17623.502400000579655, 3157318.316000001505017 ], [ 17532.153500000014901, 3157254.768899999558926 ], [ 17428.889499999582767, 3157163.42 ], [ 17369.314200000837445, 3157111.788100000470877 ], [ 17309.738800001330674, 3157083.98619999922812 ], [ 17242.219999998807907, 3157060.156100001186132 ], [ 17174.70130000077188, 3157020.439200000837445 ], [ 17099.239199999719858, 3156960.863800000399351 ], [ 16940.371500000357628, 3156821.854600001126528 ], [ 16809.305700001306832, 3156738.449100002646446 ], [ 16336.674499998800457, 3156412.770500000566244 ], [ 16201.637099999934435, 3156297.591399999335408 ], [ 16054.684500001370907, 3156158.582300003618002 ], [ 15971.27900000102818, 3156003.686300000175834 ], [ 15848.156600001268089, 3155828.931900002062321 ], [ 15725.034200001507998, 3155721.696300001814961 ], [ 15641.628600000403821, 3155658.14920000359416 ], [ 15562.19480000063777, 3155610.488899998366833 ], [ 15510.562800000421703, 3155566.800300003960729 ], [ 15470.845900001004338, 3155499.281600000336766 ], [ 15415.242300000973046, 3155447.649600002914667 ], [ 15232.54450000077486, 3155233.178300002589822 ], [ 15002.18640000000596, 3154931.329800002276897 ], [ 14898.922500000335276, 3154720.830200001597404 ], [ 14883.035700000822544, 3154685.085000002756715 ], [ 14815.516999999992549, 3154665.226500004529953 ], [ 14692.394500001333654, 3154605.65120000205934 ], [ 14573.243800000287592, 3154581.821000002324581 ], [ 14473.951500001363456, 3154534.160700002685189 ], [ 14394.517699999734759, 3154522.245699999853969 ], [ 14326.99900000076741, 3154498.415500000119209 ], [ 14287.282100001350045, 3154466.642000004649162 ], [ 14132.386100000701845, 3154418.981699999421835 ], [ 14009.263700000941753, 3154351.462900003418326 ], [ 13866.282899999991059, 3154256.142400002107024 ], [ 13778.905700000934303, 3154180.68019999936223 ], [ 13691.528500000014901, 3154097.274700000882149 ], [ 13477.057100001722574, 3153870.888399999588728 ], [ 13405.56670000217855, 3153787.482900001108646 ], [ 13334.076299999840558, 3153644.502000000327826 ], [ 13274.500900000333786, 3153501.52110000140965 ], [ 13238.755699999630451, 3153414.143900001421571 ], [ 13195.067100000567734, 3153314.851600002497435 ], [ 13187.12370000127703, 3153239.389500003308058 ], [ 13107.689899999648333, 3153096.408600000664592 ], [ 12889.246899999678135, 3152715.126299999654293 ], [ 12766.124499999918044, 3152552.287000004202127 ], [ 12730.379300001077354, 3152500.655000001192093 ], [ 12702.57740000076592, 3152437.108000000938773 ], [ 12631.087000001221895, 3152333.844000000506639 ], [ 12527.823000000789762, 3152226.60840000025928 ], [ 12436.474200000055134, 3152075.684100000187755 ], [ 12353.068600000813603, 3152008.165400002151728 ], [ 12353.068600000813603, 3151976.391799999400973 ], [ 12301.436700001358986, 3151924.7599 ], [ 12225.974500000476837, 3151857.241100002080202 ], [ 12082.993700001388788, 3151698.373500004410744 ], [ 12023.418300000950694, 3151618.9397 ], [ 11967.814600000157952, 3151460.072000002488494 ], [ 11876.46580000128597, 3151265.45920000039041 ], [ 11757.315000001341105, 3151050.98790000192821 ], [ 11669.937800000421703, 3150872.261800000444055 ], [ 11622.277500000782311, 3150788.856300001963973 ], [ 11621.52830000128597, 3150692.9341000020504 ], [ 11587.141099999658763, 3150449.143900001421571 ], [ 11565.584900001063943, 3150301.3301 ], [ 11537.86980000231415, 3150033.417500004172325 ], [ 11537.86980000231415, 3149885.603700000792742 ], [ 11537.86980000231415, 3149700.836400002241135 ], [ 11540.949200000613928, 3149522.228000000119209 ], [ 11525.552000001072884, 3149454.480000000447035 ], [ 11516.313600000925362, 3149368.255300000309944 ], [ 11547.108199999667704, 3149238.918199999257922 ], [ 11550.187600000761449, 3149177.329100001603365 ], [ 11574.82320000231266, 3149084.945500001311302 ], [ 11630.253399999812245, 3148961.767300000414252 ], [ 11691.84250000026077, 3148740.046500001102686 ], [ 11861.212500001303852, 3148450.5778 ], [ 11962.834500000812113, 3148225.77760000154376 ], [ 12092.17160000000149, 3147991.73900000192225 ], [ 12159.919600000604987, 3147865.4814000017941 ], [ 12196.873100002296269, 3147760.779900003224611 ], [ 12264.621100000105798, 3147693.031899999827147 ], [ 12384.719799999147654, 3147563.694800002500415 ], [ 12489.421299999579787, 3147443.596100004389882 ], [ 12772.731100000441074, 3147184.921900002285838 ], [ 12889.750400001183152, 3147086.379400001838803 ], [ 12969.816200000233948, 3146981.67790000140667 ], [ 13059.120399999432266, 3146849.26129999756813 ], [ 13120.709499999880791, 3146753.7983 ], [ 13185.378100000321865, 3146605.984400002285838 ], [ 13299.021099999547005, 3146452.914200004190207 ], [ 13336.271300001069903, 3146402.740399997681379 ], [ 13484.085199999623001, 3146205.655300002545118 ], [ 13548.753700001165271, 3146113.271700002253056 ], [ 13594.945500001311302, 3146057.84150000102818 ], [ 13622.660600000061095, 3145990.093500003218651 ], [ 13631.899000000208616, 3145811.48509999923408 ], [ 13644.21680000051856, 3145734.498700002208352 ], [ 13696.567500001750886, 3145635.956200001761317 ], [ 13718.123699999414384, 3145429.6327 ], [ 13770.474499998614192, 3145207.912000004202127 ], [ 13782.792299999855459, 3145093.972200000658631 ], [ 13801.269000001251698, 3144986.191199999302626 ], [ 13801.269000001251698, 3144887.648700002580881 ], [ 13798.189500001259148, 3144804.503400001674891 ], [ 13899.811600000597537, 3144579.703199999406934 ], [ 13964.480100001208484, 3144401.094900004565716 ], [ 13995.274600001052022, 3144293.313900001347065 ], [ 14038.387000000104308, 3144136.261700002476573 ], [ 14056.863699999637902, 3144043.87810000218451 ], [ 14090.737700000405312, 3143957.65340000204742 ], [ 14130.77070000115782, 3143914.541000001132488 ], [ 14140.009000000543892, 3143859.110800003632903 ], [ 14136.638100000098348, 3143826.525600001215935 ], [ 14130.77070000115782, 3143769.806600000709295 ], [ 14111.177299999631941, 3143701.229800002649426 ], [ 14069.181600000709295, 3143554.244800001382828 ], [ 13767.394999999552965, 3142525.706900000572205 ], [ 13530.276999999769032, 3141734.287100002169609 ], [ 13299.317900001071393, 3140970.582300001755357 ], [ 13185.378100000321865, 3140542.538100002333522 ], [ 13031.405300000682473, 3140000.554100001230836 ], [ 13040.643700000829995, 3139637.178400002419949 ], [ 13068.997800000011921, 3139138.002399999648333 ], [ 13071.745299999602139, 3138816.544600000604987 ], [ 13107.462799999862909, 3138354.964300001040101 ], [ 13090.977800001390278, 3138234.074200002476573 ], [ 13096.472800001502037, 3138132.416599998250604 ], [ 13030.532800001092255, 3137997.789000002667308 ], [ 12948.107699999585748, 3137934.596399998292327 ], [ 12090.887000000104308, 3137445.541100000962615 ], [ 11351.808900001458824, 3137033.415700003504753 ], [ 11316.091400001198053, 3136989.455700000748038 ], [ 10860.006000000983477, 3136319.065200002864003 ], [ 10538.548299999907613, 3135854.737299999222159 ], [ 10475.355700000189245, 3135750.33220000192523 ], [ 10439.638199999928474, 3135714.614700000733137 ], [ 10406.668200001120567, 3135695.382200000807643 ], [ 10233.575500001199543, 3135637.684599999338388 ], [ 9024.674600001424551, 3135395.904400002211332 ], [ 8653.761800001375377, 3135316.226900001987815 ], [ 8574.084200001321733, 3135321.721900001168251 ], [ 8521.881700000725687, 3135313.479400001466274 ], [ 8450.446600001305342, 3135266.771800000220537 ], [ 7282.758200000040233, 3134684.301400002092123 ], [ 7215.170100001618266, 3134655.4408 ], [ 6529.942600000649691, 3134362.843600003048778 ], [ 6117.81730000115931, 3134239.206000002101064 ], [ 6010.66469999961555, 3134176.013400003314018 ], [ 5969.28760000038892, 3134146.180700002238154 ], [ 5016.068900002166629, 3133458.915400000289083 ], [ 4480.306000000797212, 3133063.275100000202656 ], [ 4013.230600000359118, 3132722.584799999371171 ], [ 3469.22510000038892, 3132348.924499999731779 ], [ 2713.662000000476837, 3131785.686500003561378 ], [ 1947.108900000341237, 3131219.701099999248981 ], [ 1780.390599999576807, 3131119.597100004553795 ] ] ] } },
{ "type": "Feature", "properties": { "IMIS_CODE": "31130040017001000", "PARENT_CHA": "Lamma Disty", "REMARKS": null, "ZONE_NAME": "Bahawalpur", "CIRCLE_NAM": "Rahimyar Khan", "CHANNEL_NA": "Ghari Minor", "CHANNEL_TY": "M", "DESIGNED_D": 18.0 }, "geometry": { "type": "MultiLineString", "coordinates": [ [ [ 18536.99129999987781, 3162187.608900003135204 ], [ 18285.703000000678003, 3162070.230799999088049 ], [ 16899.993200001306832, 3161332.419600000604987 ], [ 16368.451800000853837, 3161038.881900001317263 ], [ 15930.202000001445413, 3159759.68610000051558 ], [ 15713.942000000737607, 3159063.892900003120303 ], [ 15629.318500000052154, 3158800.619799999520183 ], [ 15549.396300001069903, 3158739.50279999896884 ], [ 15126.036200001835823, 3158404.752900000661612 ] ] ] } },
{ "type": "Feature", "properties": { "IMIS_CODE": "31130040017002000", "PARENT_CHA": "Lamma Disty", "REMARKS": null, "ZONE_NAME": "Bahawalpur", "CIRCLE_NAM": "Rahimyar Khan", "CHANNEL_NA": "Daulat Minor", "CHANNEL_TY": "M", "DESIGNED_D": 31.0 }, "geometry": { "type": "MultiLineString", "coordinates": [ [ [ 15470.845900001004338, 3155499.281600000336766 ], [ 15805.299000000581145, 3155184.1327 ], [ 15845.09190000128001, 3155128.42259999923408 ], [ 15969.776399999856949, 3154810.079200003296137 ], [ 16174.046700001694262, 3154258.284100001677871 ], [ 16166.088100000284612, 3154231.755500001832843 ], [ 16136.906700002029538, 3154181.351099999621511 ], [ 15834.480500000528991, 3153762.199100000783801 ], [ 15770.811800001189113, 3153669.348999999463558 ], [ 15709.795999999158084, 3153600.374600004404783 ], [ 15478.997100001201034, 3153366.922800000756979 ], [ 15433.89850000012666, 3153319.171300001442432 ], [ 15380.841199999675155, 3153226.321100002154708 ], [ 15311.866900000721216, 3153093.678099999204278 ], [ 15314.519700000062585, 3152995.522200001403689 ], [ 15298.602600000798702, 3152931.853599997237325 ], [ 15261.462500000372529, 3152820.433400001376867 ], [ 15075.762200000695884, 3152409.239899998530746 ], [ 15073.109400000423193, 3152366.794100003316998 ], [ 15067.80360000114888, 3152316.389799999073148 ], [ 15067.80360000114888, 3152260.679700002074242 ], [ 15104.943699999712408, 3152162.523800000548363 ], [ 15171.265200002118945, 3151907.849199999123812 ], [ 15274.726800002157688, 3151751.330400003120303 ], [ 15396.758399999700487, 3151568.282900001853704 ], [ 15471.038499999791384, 3151462.168500002473593 ], [ 15701.837400000542402, 3151260.551000000908971 ], [ 15953.859300000593066, 3151053.627900004386902 ], [ 16036.097900001332164, 3150971.3892 ], [ 16062.626600001007318, 3150931.59630000218749 ], [ 16059.973699999973178, 3150873.233300002291799 ], [ 16038.750799999572337, 3149918.203299999237061 ], [ 16029.61780000012368, 3149379.663599999621511 ], [ 16006.789300002157688, 3148814.657800000160933 ], [ 15966.839400000870228, 3148691.954500002786517 ], [ 15952.571600001305342, 3148654.85810000449419 ], [ 15944.010900000110269, 3148634.883200000971556 ], [ 15944.010900000110269, 3148577.811899997293949 ], [ 15995.375099999830127, 3148215.409100003540516 ], [ 15982.642099999822676, 3147666.071600003167987 ] ] ] } },
{ "type": "Feature", "properties": { "IMIS_CODE": "31130040017002010", "PARENT_CHA": "Daulat Minor", "REMARKS": null, "ZONE_NAME": "Bahawalpur", "CIRCLE_NAM": "Rahimyar Khan", "CHANNEL_NA": "Wasa Sub Minor", "CHANNEL_TY": "SM", "DESIGNED_D": 5.0 }, "geometry": { "type": "MultiLineString", "coordinates": [ [ [ 15104.943699999712408, 3152162.523800000548363 ], [ 15038.239900000393391, 3152090.143500000238419 ], [ 14809.467899999581277, 3151719.5329 ], [ 14461.73450000025332, 3151120.150299999862909 ], [ 14292.443200000561774, 3150786.143200004473329 ], [ 14081.973000001162291, 3150269.11849999986589 ], [ 14049.944899999536574, 3150168.458800001069903 ], [ 14013.341399999335408, 3149738.367499997839332 ], [ 14004.190500001423061, 3149463.841100001707673 ], [ 14045.369400000199676, 3149308.276100000366569 ], [ 14043.081699999980628, 3149159.574300004169345 ] ] ] } },
{ "type": "Feature", "properties": { "IMIS_CODE": "31130040017003000", "PARENT_CHA": "Lamma Disty", "REMARKS": null, "ZONE_NAME": "Bahawalpur", "CIRCLE_NAM": "Rahimyar Khan", "CHANNEL_NA": "Dandam Minor", "CHANNEL_TY": "M", "DESIGNED_D": 21.0 }, "geometry": { "type": "MultiLineString", "coordinates": [ [ [ 13299.021099999547005, 3146452.914200004190207 ], [ 13203.71680000051856, 3146402.729000002145767 ], [ 12397.241100000217557, 3145751.629400001838803 ], [ 12171.575799999758601, 3145574.056700000539422 ], [ 11864.523100000806153, 3145315.096600001677871 ], [ 11457.585799999535084, 3145004.344499999657273 ], [ 11402.094400000758469, 3144922.957000000402331 ], [ 11224.52170000039041, 3144527.118000000715256 ], [ 11213.42339999973774, 3144464.227700002491474 ], [ 11235.620000001974404, 3144366.192800002172589 ], [ 11439.088700001128018, 3144096.134400002658367 ], [ 11612.961900001391768, 3143874.168600000441074 ], [ 11664.753900000825524, 3143800.179999999701977 ], [ 11683.25109999999404, 3143707.694299999624491 ], [ 11587.065899999812245, 3142853.125900002196431 ], [ 11557.470400001853704, 3142594.16579999960959 ], [ 11535.273900001309812, 3142290.812600001692772 ], [ 11503.450899999588728, 3142199.027699999511242 ], [ 11481.318800000473857, 3142162.811500001698732 ], [ 11366.634100000374019, 3141949.538200002163649 ], [ 11312.309800000861287, 3141852.961700001731515 ] ] ] } },
{ "type": "Feature", "properties": { "IMIS_CODE": "31130040017004000", "PARENT_CHA": "Lamma Disty", "REMARKS": null, "ZONE_NAME": "Bahawalpur", "CIRCLE_NAM": "Rahimyar Khan", "CHANNEL_NA": "Mahar Minor", "CHANNEL_TY": "M", "DESIGNED_D": 19.0 }, "geometry": { "type": "MultiLineString", "coordinates": [ [ [ 14136.638100000098348, 3143826.525600001215935 ], [ 14277.238700000569224, 3143801.654700001701713 ], [ 14523.844300001859665, 3143695.966600000858307 ], [ 15001.957299999892712, 3143479.557499999180436 ], [ 15038.547100000083447, 3143465.75 ], [ 15135.325700000859797, 3143429.229800002649426 ], [ 15223.399100000970066, 3143399.03319999948144 ], [ 15397.029699999839067, 3143396.516800003126264 ], [ 15744.290700000710785, 3143388.967700002714992 ], [ 16587.279400000348687, 3143366.3202 ], [ 16669.332400000654161, 3143361.950500000268221 ], [ 17012.54839999973774, 3143343.672800002619624 ], [ 17028.845900000073016, 3143343.594800001010299 ], [ 17301.842700000852346, 3143342.287699997425079 ], [ 17363.841999999247491, 3143341.990900004282594 ], [ 17606.275300000794232, 3143340.830200001597404 ], [ 17635.405499999411404, 3143331.579000001773238 ], [ 17695.100399999879301, 3143312.620999999344349 ], [ 17740.630200000479817, 3143251.91469999961555 ], [ 17750.74790000077337, 3143160.8553 ], [ 17725.453599999658763, 3142923.089000001549721 ], [ 17722.781300000846386, 3142894.457000002264977 ], [ 17694.437800001353025, 3142590.776800001040101 ], [ 17690.041600000113249, 3142543.674699999392033 ], [ 17664.747300000861287, 3142159.201500002294779 ], [ 17764.68030000012368, 3142024.916600000113249 ], [ 17764.978800000622869, 3142024.515500001609325 ], [ 17988.514200000092387, 3141724.139700002968311 ], [ 18059.505700000561774, 3141625.4441 ], [ 18195.927300000563264, 3141435.784900000318885 ], [ 18357.810800000093877, 3141228.3717 ], [ 18451.962400001473725, 3141094.990300001576543 ], [ 18458.305900000967085, 3141086.003599999472499 ], [ 18600.635900001041591, 3140884.369400002062321 ], [ 18635.632700000889599, 3140837.877100000157952 ], [ 18800.417100000195205, 3140618.965900000184774 ], [ 18810.8639000011608, 3140605.087600002065301 ], [ 18932.61500000115484, 3140438.793400002643466 ], [ 18941.523599999956787, 3140373.463500000536442 ], [ 18929.645399999804795, 3140287.346900001168251 ], [ 18894.010999999940395, 3140186.382500004023314 ], [ 18864.315600000321865, 3140028.99690000154078 ], [ 18841.867200000211596, 3139899.264799999073148 ], [ 18827.572200000286102, 3139822.817500000819564 ] ] ] } },
{ "type": "Feature", "properties": { "IMIS_CODE": "31130040017005000", "PARENT_CHA": "Lamma Disty", "REMARKS": null, "ZONE_NAME": "Bahawalpur", "CIRCLE_NAM": "Rahimyar Khan", "CHANNEL_NA": "Ahmad Minor", "CHANNEL_TY": "M", "DESIGNED_D": 15.0 }, "geometry": { "type": "MultiLineString", "coordinates": [ [ [ 14111.177299999631941, 3143701.229800002649426 ], [ 14120.101800000295043, 3143659.287200001999736 ], [ 14158.136099999770522, 3143573.710000002756715 ], [ 14167.644700000062585, 3143526.167100001126528 ], [ 14181.90749999973923, 3143471.492700001224875 ], [ 14243.713299999944866, 3143343.126900000497699 ], [ 14288.8791000014171, 3143267.058200001716614 ], [ 14383.964900000952184, 3143112.543700002133846 ], [ 14483.805100001394749, 3142960.406400000676513 ], [ 14525.860300000756979, 3142913.30460000038147 ], [ 14543.23369999974966, 3142893.84630000218749 ], [ 14578.890900001861155, 3142824.909100001677871 ], [ 14576.51380000077188, 3142710.806100001558661 ], [ 14576.51380000077188, 3142668.017400000244379 ], [ 14581.964100001379848, 3142663.034199999645352 ], [ 14659.713899999856949, 3142591.948800001293421 ], [ 14759.553999999538064, 3142515.880100002512336 ], [ 14854.639800001867115, 3142423.171400001272559 ], [ 14865.920600001700222, 3142410.010500002652407 ], [ 14925.954199999570847, 3142339.971300000324845 ], [ 15018.065300000831485, 3142161.597400000318885 ], [ 15075.714400000870228, 3142049.959500001743436 ], [ 15118.503000000491738, 3141869.296399999409914 ], [ 15142.258300000801682, 3141796.373099999502301 ], [ 15220.720300000160933, 3141555.5132 ], [ 15246.696299999952316, 3141526.849999999627471 ], [ 15247.032100000418723, 3141526.479499999433756 ], [ 15289.657500000670552, 3141479.444500003010035 ], [ 15396.629100000485778, 3141327.307199999690056 ], [ 15515.486300001852214, 3141115.741200003772974 ], [ 15567.783600000664592, 3140989.752499999478459 ], [ 15658.115100000053644, 3140854.255200000479817 ], [ 15762.709499999880791, 3140756.792199999094009 ], [ 15829.269600000232458, 3140664.083500003442168 ], [ 15837.177099999971688, 3140648.444200001657009 ], [ 15936.241200001910329, 3140452.517500001937151 ], [ 16014.687000000849366, 3140300.380200004205108 ], [ 16031.680800000205636, 3140259.48900000192225 ], [ 16090.755599999800324, 3140117.340000003576279 ], [ 16135.921400001272559, 3140022.25420000217855 ], [ 16145.429999999701977, 3139934.299800001084805 ], [ 16200.104299999773502, 3139829.705299999564886 ], [ 16283.304400000721216, 3139618.139399999752641 ], [ 16292.588000001385808, 3139584.424200003966689 ], [ 16292.720800000242889, 3139583.942099999636412 ], [ 16292.853499999269843, 3139583.46000000089407 ] ] ] } },
{ "type": "Feature", "properties": { "IMIS_CODE": "31130040017006000", "PARENT_CHA": "Lamma Disty", "REMARKS": null, "ZONE_NAME": "Bahawalpur", "CIRCLE_NAM": "Rahimyar Khan", "CHANNEL_NA": "Walana Minor", "CHANNEL_TY": "M", "DESIGNED_D": 19.0 }, "geometry": { "type": "MultiLineString", "coordinates": [ [ [ 13040.643700000829995, 3139637.178400002419949 ], [ 12868.194200000725687, 3139415.457700001075864 ], [ 12353.925300000235438, 3138808.805099999532104 ], [ 11901.245400000363588, 3138316.092300001531839 ], [ 11811.941300000064075, 3138208.311400003731251 ], [ 11299.295900001190603, 3137952.144300000742078 ], [ 11070.776700000278652, 3137806.939400002360344 ], [ 10949.375900001265109, 3137714.103499999269843 ], [ 10897.00690000038594, 3137649.83250000141561 ], [ 10804.171000000089407, 3137661.734500002115965 ], [ 10632.781600000336766, 3137740.28800000064075 ], [ 10513.761199999600649, 3137775.994100000709295 ], [ 10404.26240000128746, 3137780.754900000989437 ], [ 10275.720399999991059, 3137723.625099999830127 ], [ 10006.734300000593066, 3137509.388400001451373 ], [ 9861.52940000128001, 3137387.987600000575185 ], [ 9656.814300000667572, 3137226.119800001382828 ], [ 9563.978400001302361, 3137199.9353 ], [ 9021.245300000533462, 3137109.479800000786781 ], [ 8980.778399999253452, 3137116.621000003069639 ], [ 8795.106500000692904, 3137159.468399999663234 ], [ 8392.817600000649691, 3137254.684699999168515 ], [ 8311.883700001053512, 3137249.923900004476309 ], [ 8238.091000000946224, 3137211.837400000542402 ], [ 7735.82490000128746, 3136985.698600001633167 ], [ 7633.467400002293289, 3136940.470800003036857 ] ] ] } },
{ "type": "Feature", "properties": { "IMIS_CODE": "31130040017007000", "PARENT_CHA": "Lamma Disty", "REMARKS": null, "ZONE_NAME": "Bahawalpur", "CIRCLE_NAM": "Rahimyar Khan", "CHANNEL_NA": "Alu Minor", "CHANNEL_TY": "M", "DESIGNED_D": 12.0 }, "geometry": { "type": "MultiLineString", "coordinates": [ [ [ 5969.28760000038892, 3134146.180700002238154 ], [ 5864.739899999462068, 3134320.912300001829863 ], [ 5669.887199999764562, 3134598.4298 ], [ 5362.846499999985099, 3135058.990899998694658 ], [ 5073.519700000062585, 3135513.647199999541044 ], [ 4908.190100002102554, 3135720.309200001880527 ], [ 4860.953099999576807, 3135755.737000001594424 ], [ 4701.34360000025481, 3135760.71900000423193 ], [ 4468.848900000564754, 3135724.184200001880527 ], [ 4103.500000000931323, 3135707.577400002628565 ], [ 3694.973500001244247, 3135674.363900002092123 ], [ 3598.654200000688434, 3135674.363900002092123 ], [ 3532.227200000546873, 3135657.757099999114871 ], [ 3346.231400000862777, 3135541.509700002148747 ], [ 3097.12980000115931, 3135362.156600002199411 ], [ 2552.427899999544024, 3134933.702000001445413 ], [ 2193.721700001507998, 3134648.06560000218451 ] ] ] } },
{ "type": "Feature", "properties": { "IMIS_CODE": "31130040017008000", "PARENT_CHA": "Lamma Disty", "REMARKS": null, "ZONE_NAME": "Bahawalpur", "CIRCLE_NAM": "Rahimyar Khan", "CHANNEL_NA": "Kot Minor", "CHANNEL_TY": "M", "DESIGNED_D": 8.0 }, "geometry": { "type": "MultiLineString", "coordinates": [ [ [ 1780.390599999576807, 3131119.597100004553795 ], [ 1552.075100000016391, 3131292.313700003549457 ], [ 1331.396000000648201, 3131435.346400002017617 ], [ 628.492499999701977, 3131888.964400000870228 ], [ 375.120299999602139, 3132052.430299997329712 ], [ 272.953999999910593, 3132121.903300002217293 ], [ 170.787800000049174, 3132199.549700001254678 ], [ -37.631199998781085, 3132330.322400001809001 ], [ -192.923899999819696, 3132444.74860000051558 ], [ -219.270799999125302, 3132462.464700000360608 ] ] ] } },
{ "type": "Feature", "properties": { "IMIS_CODE": "31130040017009000", "PARENT_CHA": "Lamma Disty", "REMARKS": null, "ZONE_NAME": "Bahawalpur", "CIRCLE_NAM": "Rahimyar Khan", "CHANNEL_NA": "Dargahi Minor", "CHANNEL_TY": "M", "DESIGNED_D": 11.0 }, "geometry": { "type": "MultiLineString", "coordinates": [ [ [ 1780.390599999576807, 3131119.597100004553795 ], [ 1938.351900001056492, 3130882.655200002714992 ], [ 2131.773900000378489, 3130566.732700001448393 ], [ 2236.544099999591708, 3130408.77140000462532 ], [ 2265.557400002144277, 3130326.567100003361702 ], [ 2259.110000000335276, 3130237.915300002321601 ], [ 2244.603400002233684, 3130067.059200001880527 ], [ 2191.501899998635054, 3129517.866200003772974 ], [ 2111.267600001767278, 3128803.398900002241135 ], [ 2073.060800001956522, 3128337.275800000876188 ], [ 1985.18510000128299, 3128069.828100001439452 ], [ 1878.206000001169741, 3127691.580700002610683 ], [ 1813.254499999806285, 3127596.063700003549457 ], [ 1541.986100001260638, 3127252.20240000076592 ], [ 1408.262299999594688, 3127064.989 ] ] ] } },
{ "type": "Feature", "properties": { "IMIS_CODE": "31130040017010000", "PARENT_CHA": "Lamma Disty", "REMARKS": null, "ZONE_NAME": "Bahawalpur", "CIRCLE_NAM": "Rahimyar Khan", "CHANNEL_NA": "Sabzal Minor", "CHANNEL_TY": "M", "DESIGNED_D": 54.0 }, "geometry": { "type": "MultiLineString", "coordinates": [ [ [ 1780.390599999576807, 3131119.597100004553795 ], [ 1644.883700001053512, 3131129.033500000834465 ], [ 1131.10080000013113, 3131269.156099999323487 ], [ 1070.655699999071658, 3131238.933599999174476 ], [ 1018.453200001269579, 3131159.256000000983477 ], [ 877.367300000041723, 3130958.001200003549457 ], [ 831.622999998740852, 3130892.7483000010252 ], [ 831.219800001010299, 3130879.444300003349781 ], [ 830.644400000572205, 3130860.452999997884035 ], [ 829.735700000077486, 3130830.46680000051856 ], [ 828.875500000081956, 3130802.08080000244081 ], [ 818.307000001892447, 3130709.078299999237061 ], [ 815.138000001199543, 3130681.190700003877282 ], [ 779.420500000938773, 3130590.52309999987483 ], [ 704.223500001244247, 3130029.052600001916289 ], [ 696.995400001294911, 3129975.082599997520447 ], [ 644.892000000923872, 3129720.818 ], [ 631.441999999806285, 3129655.181900003924966 ], [ 628.307900000363588, 3129639.887300001457334 ], [ 600.83290000166744, 3129557.462300000712276 ], [ 578.852800001390278, 3129332.167100001126528 ], [ 574.400600002147257, 3129317.6974 ], [ 567.862800001166761, 3129296.4496 ], [ 543.135300001129508, 3129260.732000002637506 ], [ 394.783900000154972, 3129136.767100002616644 ], [ 394.400200000964105, 3129136.44649999961257 ], [ 366.00789999961853, 3129112.721500003710389 ], [ 342.567699999548495, 3129093.134400002658367 ], [ -7.028900000266731, 3128798.099100003018975 ], [ -132.750199997797608, 3128691.999100003391504 ], [ -275.35429999884218, 3128478.804500002413988 ], [ -275.632299997843802, 3128478.388900000602007 ], [ -307.759300000034273, 3128430.358799999579787 ], [ -398.935700000263751, 3128326.157300001010299 ], [ -594.313599999062717, 3128033.090399999171495 ], [ -639.901800000108778, 3127967.964400000870228 ], [ -723.521699999459088, 3127959.602399999275804 ], [ -770.153800000436604, 3127954.939200000837445 ], [ -895.289099998772144, 3127954.939200000837445 ], [ -978.556899999268353, 3127954.939200000837445 ], [ -1173.934799999929965, 3127987.502200001850724 ], [ -1212.225399999879301, 3128001.177400002256036 ], [ -1265.11119999922812, 3128020.065199999138713 ], [ -1544.491499997675419, 3128036.804600002244115 ], [ -1605.361700000241399, 3128048.640500001609325 ], [ -1742.311599998734891, 3128075.269600002095103 ], [ -2121.466899999417365, 3128017.572100002318621 ], [ -2260.828499998897314, 3128030.015100002288818 ], [ -2262.820599999278784, 3128030.193 ], [ -2275.327100000344217, 3128031.309600001201034 ], [ -2407.207199999131262, 3128047.794600002467632 ], [ -2500.622200000099838, 3128056.037100002169609 ], [ -2584.605100000277162, 3128034.26380000077188 ], [ -2648.987399999052286, 3128017.572100002318621 ], [ -2960.539499999955297, 3127885.246200002729893 ], [ -3160.02280000038445, 3127800.519400004297495 ], [ -3327.620399999432266, 3127751.064400000497699 ], [ -3706.145399998873472, 3127749.72690000385046 ], [ -3944.143899999558926, 3127748.885900001972914 ], [ -4105.163499999791384, 3127748.316900003701448 ], [ -4556.074799999594688, 3127605.528300004079938 ], [ -4764.563999999314547, 3127539.506700003519654 ], [ -5025.576799998991191, 3127457.081599999219179 ], [ -5094.264300000853837, 3127459.82909999974072 ], [ -5193.174400000832975, 3127479.061700003221631 ], [ -5289.526099999435246, 3127497.414399998262525 ], [ -5300.33179999794811, 3127499.4726 ], [ -5308.569499998353422, 3127501.0417 ], [ -5380.004499998874962, 3127501.0417 ], [ -5429.459599999710917, 3127481.8092 ], [ -5558.592199999839067, 3127399.384099999442697 ], [ -5621.784699997864664, 3127360.919100001454353 ], [ -5689.430499998852611, 3127303.173499999567866 ], [ -5717.515799998305738, 3127279.198599999770522 ], [ -6041.390100000426173, 3127029.305800002068281 ], [ -6117.6739999987185, 3126970.447100002318621 ], [ -6135.955299999564886, 3126927.790700001642108 ], [ -6142.049100000411272, 3126194.505800003185868 ], [ -6145.360699999146163, 3126121.651299998164177 ], [ -6145.383399998769164, 3126121.151899999007583 ], [ -6145.406099999323487, 3126120.652400001883507 ] ] ] } },
{ "type": "Feature", "properties": { "IMIS_CODE": "31130040017010010", "PARENT_CHA": "Sabzal Minor", "REMARKS": "<Null>", "ZONE_NAME": "Bahawalpur", "CIRCLE_NAM": "Rahimyar Khan", "CHANNEL_NA": "Mohib Shah Sub Minor", "CHANNEL_TY": "M", "DESIGNED_D": 9.0 }, "geometry": { "type": "MultiLineString", "coordinates": [ [ [ -1605.361700000241399, 3128048.640500001609325 ], [ -1557.015799999237061, 3128206.578600000590086 ], [ -1562.69709999859333, 3128263.391600001603365 ], [ -1637.974299998953938, 3128374.176799999549985 ], [ -1636.553999998606741, 3128524.731100000441074 ], [ -1631.703300000168383, 3129462.985800001770258 ], [ -1618.459400000050664, 3129966.253900002688169 ], [ -1587.55689999833703, 3130871.253500001505017 ] ] ] } },
{ "type": "Feature", "properties": { "IMIS_CODE": "31130040017100000", "PARENT_CHA": "Lamma Disty", "REMARKS": null, "ZONE_NAME": "Bahawalpur", "CIRCLE_NAM": "Rahimyar Khan", "CHANNEL_NA": "Walhar Branch Disty", "CHANNEL_TY": "D", "DESIGNED_D": 190.0 }, "geometry": { "type": "MultiLineString", "coordinates": [ [ [ 7215.170100001618266, 3134655.4408 ], [ 7273.977400001138449, 3134428.3871 ], [ 7286.230700001120567, 3134213.953900001943111 ], [ 7292.11089999973774, 3134207.075200002640486 ], [ 7610.943900001235306, 3133834.100700002163649 ], [ 7675.03179999999702, 3133743.309500001370907 ], [ 7684.463800000026822, 3133729.9474 ], [ 7776.407100001350045, 3133603.720100000500679 ], [ 7907.544600000604987, 3133423.683900002390146 ], [ 7996.088200001046062, 3133302.124100001528859 ], [ 8045.937000001780689, 3133233.687700001522899 ], [ 8045.937000001780689, 3132964.114500001072884 ], [ 8064.31700000166893, 3132565.881300004199147 ], [ 8052.642099999822676, 3132246.76799999922514 ], [ 8045.937000001780689, 3132063.494899999350309 ], [ 8021.43030000012368, 3131977.721599999815226 ], [ 7843.757100001908839, 3131708.148399999365211 ], [ 7842.407100001350045, 3131706.239800002425909 ], [ 7666.08390000090003, 3131456.955200001597404 ], [ 7648.210899999365211, 3131426.794500004500151 ], [ 7543.578200001269579, 3131250.226900001987815 ], [ 7470.030600001104176, 3131126.115399999544024 ], [ 7374.87390000000596, 3130956.192700000479817 ], [ 7371.933400000445545, 3130950.941800002008677 ], [ 7298.484000002034009, 3130819.782200001180172 ], [ 6894.124200001358986, 3130544.082400001585484 ], [ 6361.370800000615418, 3130159.316000001505017 ], [ 6011.884700000286102, 3129906.909300003200769 ], [ 5858.97550000064075, 3129796.232200000435114 ], [ 5828.912500001490116, 3129774.472300002351403 ], [ 5778.536800000816584, 3129738.0099 ], [ 5444.594600000418723, 3129496.299400001764297 ], [ 5368.58500000089407, 3129441.282900001853704 ], [ 5111.265100000426173, 3129030.796399999409914 ], [ 5027.010099999606609, 3128904.413899999111891 ], [ 4731.412000000476837, 3128461.016700001433492 ], [ 4642.942200001329184, 3128316.772400001063943 ], [ 4619.343900001607835, 3128278.29700000025332 ], [ 4449.585500000044703, 3128001.5168999992311 ], [ 4417.562100000679493, 3127952.6085 ], [ 4112.618999999947846, 3127486.8772 ], [ 4081.347199999727309, 3127442.665300000458956 ], [ 3934.945700000040233, 3127235.684000000357628 ], [ 3922.592800000682473, 3127220.860600000247359 ], [ 3908.73130000103265, 3127204.226800000295043 ], [ 3908.520499999634922, 3127203.973900001496077 ], [ 3781.779099999926984, 3127051.884100001305342 ], [ 3463.192599999718368, 3126635.270999999716878 ], [ 3254.885999999940395, 3126420.837699998170137 ], [ 3071.086099999956787, 3126188.02449999935925 ], [ 3055.013500000350177, 3126175.970100000500679 ], [ 2973.059500002302229, 3126114.504499999806285 ], [ 2654.473000002093613, 3126077.744600001722574 ], [ 2286.873200001195073, 3126059.36460000090301 ], [ 1755.176199999637902, 3126025.4265 ], [ 1749.170400001108646, 3126025.043100003153086 ], [ 1710.966799999587238, 3126022.604600001126528 ], [ 1554.56110000051558, 3125987.41330000013113 ], [ 1465.900300000794232, 3125967.464600002393126 ], [ 1251.467000002041459, 3125795.917999999597669 ], [ 698.290600000880659, 3125270.53940000012517 ], [ 286.651800000108778, 3124879.585999999195337 ], [ 187.014800000935793, 3124784.955900004133582 ], [ 32.261000000871718, 3124637.978600000962615 ], [ -233.949300000444055, 3124381.813999999314547 ], [ -254.823899999260902, 3124361.727100003510714 ], [ -255.185299999080598, 3124361.3794 ], [ -292.452199999243021, 3124325.518800001591444 ], [ -1003.145199999213219, 3123633.205800000578165 ], [ -1346.238300000317395, 3123320.745900003239512 ], [ -1366.175599999725819, 3123315.308400003239512 ], [ -1413.631599999964237, 3123302.365900000557303 ], [ -1756.724799999967217, 3123290.112600000575185 ], [ -2277.877399999648333, 3123280.232999999076128 ], [ -3049.450799998827279, 3123265.606000004336238 ], [ -3257.757399997673929, 3123253.352600000798702 ], [ -3275.651699998416007, 3123149.530200002714992 ], [ -3363.327899998053908, 3123071.083200000226498 ], [ -3474.076699998229742, 3123001.865200001746416 ], [ -4106.267799997702241, 3123011.094200000166893 ], [ -4281.62009999807924, 3123020.323300002142787 ], [ -4350.838100000284612, 3123020.323300002142787 ], [ -4490.342999999411404, 3123014.941300000995398 ], [ -4809.457600000314415, 3122810.971100002527237 ], [ -4931.181699997745454, 3122685.9572 ], [ -5032.834299998357892, 3122571.188100002706051 ], [ -5033.166799999773502, 3122570.812699999660254 ] ] ] } },
{ "type": "Feature", "properties": { "IMIS_CODE": "31130040017101000", "PARENT_CHA": "Walhar Branch Disty", "REMARKS": null, "ZONE_NAME": "Bahawalpur", "CIRCLE_NAM": "Rahimyar Khan", "CHANNEL_NA": "Beg Minor", "CHANNEL_TY": "M", "DESIGNED_D": 11.0 }, "geometry": { "type": "MultiLineString", "coordinates": [ [ [ 7907.544600000604987, 3133423.683900002390146 ], [ 8000.519800001755357, 3133421.535300001502037 ], [ 8235.58110000193119, 3133416.103100001811981 ], [ 8894.380000000819564, 3133402.927100002765656 ], [ 8911.226000000722706, 3133401.09600000269711 ], [ 9197.427600000053644, 3133369.987199999392033 ], [ 9372.21520000230521, 3133352.899599999189377 ], [ 9422.650300001725554, 3133314.331499999389052 ], [ 9435.212800000794232, 3133304.724900003522635 ], [ 9464.858799998648465, 3133249.138800002634525 ], [ 9475.976000000722706, 3133160.200900001451373 ], [ 9494.504700000397861, 3132622.868000000715256 ], [ 9494.504700000397861, 3132393.111900001764297 ], [ 9500.49170000012964, 3132352.400399999693036 ], [ 9513.033400000073016, 3132267.116600001230836 ], [ 9543.223000001162291, 3132117.329800000414252 ], [ 9609.382800000719726, 3131789.075600001960993 ], [ 9650.145999999716878, 3131588.965400001034141 ], [ 9627.911500001326203, 3131503.733300000429153 ], [ 9564.913800001144409, 3131329.563300002366304 ], [ 9409.272599999792874, 3130929.3429000005126 ], [ 9356.457299999892712, 3130846.109400002285838 ], [ 9325.908500000834465, 3130825.893200000748038 ] ] ] } },
{ "type": "Feature", "properties": { "IMIS_CODE": "31130040017102000", "PARENT_CHA": "Walhar Branch Disty", "REMARKS": null, "ZONE_NAME": "Bahawalpur", "CIRCLE_NAM": "Rahimyar Khan", "CHANNEL_NA": "Forest Minor", "CHANNEL_TY": "M", "DESIGNED_D": 28.0 }, "geometry": { "type": "MultiLineString", "coordinates": [ [ [ 7648.210899999365211, 3131426.794500004500151 ], [ 7682.625500001013279, 3131347.628900000825524 ], [ 7675.873000000603497, 3131219.331400001421571 ], [ 7671.371299999766052, 3131122.545600002631545 ], [ 7680.374600000679493, 3131050.518899999558926 ], [ 7689.377999999560416, 3130969.488900002092123 ], [ 7709.635500001721084, 3130838.94060000218451 ], [ 7725.39130000025034, 3130726.399000002071261 ], [ 7770.407999999821186, 3130548.583200002089143 ], [ 7815.424600000493228, 3130427.038200002163649 ], [ 7844.685500000603497, 3130366.265699999406934 ], [ 7864.942999999970198, 3130244.72070000320673 ], [ 7882.949600000865757, 3130132.178999999538064 ], [ 7894.20380000025034, 3130037.644100001081824 ], [ 7914.46129999961704, 3129900.3432 ], [ 8015.748800001107156, 3129769.7949 ], [ 7895.629500000737607, 3129650.640000002458692 ], [ 7779.12090000230819, 3129594.918500000610948 ], [ 7730.997800000943244, 3129511.336199998855591 ], [ 7690.473000001162291, 3129460.680299999192357 ], [ 7693.005800000391901, 3129417.622700002044439 ], [ 7751.260099999606609, 3129344.171599999070168 ], [ 7756.325699999928474, 3129311.245300000533462 ], [ 7686.759400000795722, 3129241.729399999603629 ], [ 7532.477800001390278, 3129087.447800001129508 ], [ 7471.867200001142919, 3129035.102299999445677 ], [ 7469.112200001254678, 3128988.266800001263618 ], [ 7455.337000002153218, 3128889.085799999535084 ], [ 7430.541800000704825, 3128406.95579999871552 ], [ 7408.501500001177192, 3127475.75620000064373 ], [ 7375.441200000233948, 3126946.79079999960959 ], [ 7361.666100000031292, 3126280.074000002816319 ], [ 7375.441200000233948, 3125056.841400001198053 ], [ 7339.625800000503659, 3124519.61089999973774 ], [ 7314.830599999986589, 3123987.8904 ], [ 7309.320500001311302, 3123921.76970000192523 ] ] ] } },
{ "type": "Feature", "properties": { "IMIS_CODE": "31130040017103000", "PARENT_CHA": "Walhar Branch Disty", "REMARKS": null, "ZONE_NAME": "Bahawalpur", "CIRCLE_NAM": "Rahimyar Khan", "CHANNEL_NA": "Jalal Minor", "CHANNEL_TY": "M", "DESIGNED_D": 16.0 }, "geometry": { "type": "MultiLineString", "coordinates": [ [ [ 3908.520499999634922, 3127203.973900001496077 ], [ 4033.083800001069903, 3127121.107300000265241 ], [ 4217.58490000013262, 3126869.105799997225404 ], [ 4334.585600000806153, 3126639.604500001296401 ], [ 4343.58570000063628, 3126563.104000002145767 ], [ 4415.586099999956787, 3126464.103399999439716 ], [ 4415.586099999956787, 3126378.602900000289083 ], [ 4415.586099999956787, 3126293.102399997413158 ], [ 4435.46590000204742, 3126130.751000000163913 ], [ 4435.526700001209974, 3126130.254700003191829 ], [ 4436.498999999836087, 3126122.313999999314547 ], [ 4442.586300000548363, 3126072.601099999621511 ], [ 4132.084400000981987, 3126041.1009 ], [ 4124.857499999925494, 3126034.452099999412894 ], [ 4019.583800001069903, 3125937.600300000980496 ], [ 3722.582000001333654, 3125658.598600000143051 ], [ 3664.081600000150502, 3125573.098100000992417 ], [ 3664.038300001062453, 3125569.240000002086163 ], [ 3655.081600001081824, 3124772.093299999833107 ], [ 3653.274700000882149, 3124735.103900000452995 ], [ 3652.387699999846518, 3124719.35950000025332 ], [ 3652.359600001014769, 3124718.860300004482269 ] ] ] } },
{ "type": "Feature", "properties": { "IMIS_CODE": "31130040017104000", "PARENT_CHA": "Walhar Branch Disty", "REMARKS": null, "ZONE_NAME": "Bahawalpur", "CIRCLE_NAM": "Rahimyar Khan", "CHANNEL_NA": "Shahpur Minor", "CHANNEL_TY": "M", "DESIGNED_D": 16.0 }, "geometry": { "type": "MultiLineString", "coordinates": [ [ [ -292.452199999243021, 3124325.518800001591444 ], [ -384.173100000247359, 3124391.897299999371171 ], [ -443.371700000017881, 3124472.238300001248717 ], [ -477.199500000104308, 3124527.208500003442168 ], [ -498.341900000348687, 3124594.864100001752377 ], [ -540.626600000075996, 3124747.089200003072619 ], [ -574.454400000162423, 3124823.201700001955032 ], [ -612.510700000450015, 3124865.48650000244379 ], [ -663.252399999648333, 3124907.771200003102422 ], [ -747.821899999864399, 3124941.599000003188848 ], [ -1052.272099998779595, 3125021.939999999478459 ], [ -1166.440899998880923, 3125068.453300001099706 ], [ -1229.867999998852611, 3125085.367100002244115 ], [ -1293.295099999755621, 3125136.108800003305078 ], [ -1369.407700001262128, 3125186.850500002503395 ], [ -1415.920899998396635, 3125216.449899999424815 ], [ -1470.891099998727441, 3125237.592200001701713 ], [ -1610.430699998512864, 3125241.820699999108911 ], [ -1759.260099999606609, 3125258.079400001093745 ], [ -1877.627599999308586, 3125271.010299999266863 ], [ -2113.619199997745454, 3125296.790900001302361 ], [ -2164.36089999973774, 3125322.161700002849102 ], [ -2278.529799998737872, 3125364.446500001475215 ], [ -2434.983299999497831, 3125427.873599998652935 ], [ -2699.263000000268221, 3125537.813999999314547 ], [ -2754.025499999523163, 3125557.327700002118945 ], [ -2778.668600000441074, 3125562.803900001570582 ], [ -2805.539099999703467, 3125565.49100000038743 ], [ -2806.049799999222159, 3125565.542100001126528 ] ] ] } },
{ "type": "Feature", "properties": { "IMIS_CODE": "31130040017105000", "PARENT_CHA": "Walhar Branch Disty", "REMARKS": null, "ZONE_NAME": "Bahawalpur", "CIRCLE_NAM": "Rahimyar Khan", "CHANNEL_NA": "Khalti Minor", "CHANNEL_TY": "M", "DESIGNED_D": 39.0 }, "geometry": { "type": "MultiLineString", "coordinates": [ [ [ -233.949300000444055, 3124381.813999999314547 ], [ -86.203199998475611, 3124234.08420000039041 ], [ -79.147900000214577, 3124188.224700001999736 ], [ -57.981999998912215, 3123958.927199998870492 ], [ -22.705399999395013, 3123535.608800001442432 ], [ 47.847600000910461, 3123419.196200001984835 ], [ 76.068900001235306, 3123369.809100000187755 ], [ 90.17949999962002, 3123313.366600001230836 ], [ 76.068900001235306, 3123200.481699999421835 ], [ 93.707100001163781, 3123038.209600001573563 ], [ 121.928400000557303, 3122817.731300000101328 ], [ 143.094300000928342, 3122676.625100001692772 ], [ 150.149600000120699, 3122602.544399999082088 ], [ 192.947800001129508, 3122541.556900002062321 ], [ 361.808799999766052, 3122300.930000001564622 ], [ 573.468000001274049, 3121941.109400000423193 ], [ 644.021099999547005, 3121842.335100000724196 ], [ 890.956900000572205, 3121736.505400002002716 ], [ 1060.284200001507998, 3121680.063000001013279 ], [ 1127.309600001201034, 3121658.897099999710917 ] ] ] } },
{ "type": "Feature", "properties": { "IMIS_CODE": "31130040017105010", "PARENT_CHA": "Khalti Minor", "REMARKS": null, "ZONE_NAME": "Bahawalpur", "CIRCLE_NAM": "Rahimyar Khan", "CHANNEL_NA": "Dhandi Sub Minor", "CHANNEL_TY": "SM", "DESIGNED_D": 11.0 }, "geometry": { "type": "MultiLineString", "coordinates": [ [ [ 192.947800001129508, 3122541.556900002062321 ], [ 19.149699999019504, 3122363.573300000280142 ], [ -1152.824599999003112, 3121336.74180000461638 ], [ -1135.49409999884665, 3120691.181100003421307 ], [ -1101.197599999606609, 3120131.719200002029538 ] ] ] } },
{ "type": "Feature", "properties": { "IMIS_CODE": "31130040018000000", "PARENT_CHA": "Dallas Branch Canal", "REMARKS": null, "ZONE_NAME": "Bahawalpur", "CIRCLE_NAM": "Rahimyar Khan", "CHANNEL_NA": "Bhong Disty", "CHANNEL_TY": "D", "DESIGNED_D": 829.0 }, "geometry": { "type": "MultiLineString", "coordinates": [ [ [ 18057.078600000590086, 3166217.330600002780557 ], [ 17759.971599999815226, 3166132.155500000342727 ], [ 17472.233900001272559, 3166047.526800002902746 ], [ 16654.893399999476969, 3165807.132500000298023 ], [ 16238.86400000192225, 3165694.457900000736117 ], [ 15852.245800000615418, 3165587.94060000218451 ], [ 15814.167300000786781, 3165577.44960000179708 ], [ 14175.549400001764297, 3165126.627200001850724 ], [ 13707.924600000493228, 3164997.972600001841784 ], [ 13677.071000000461936, 3164989.484000001102686 ], [ 13183.648000000976026, 3164853.731700003147125 ], [ 12756.683100000023842, 3164731.040699999779463 ], [ 12755.722000000998378, 3164730.764500001445413 ], [ 12120.43099999986589, 3164548.209599999710917 ], [ 11761.938400001265109, 3164445.194500001147389 ], [ 11715.80530000012368, 3164431.937900001183152 ], [ 10921.487999999895692, 3164203.6858000010252 ], [ 10743.795999999158084, 3164157.731000002473593 ], [ 10670.136900001205504, 3164138.681199999526143 ], [ 10210.722600000910461, 3164022.336000001057982 ], [ 10075.007000000216067, 3163987.966399999335408 ], [ 10002.756400000303984, 3163969.669199999421835 ], [ 9907.416299999691546, 3163969.669199999421835 ], [ 9829.410799999721348, 3163943.667399998754263 ], [ 9630.063400000333786, 3163874.329199999570847 ], [ 9551.141500001773238, 3163852.664400001987815 ], [ 9409.047799999825656, 3163813.65819999948144 ], [ 9346.766999999992549, 3163792.897900002077222 ], [ 9268.974999999627471, 3163766.967300001531839 ], [ 9214.033999999985099, 3163748.653599999845028 ], [ 9023.353800000622869, 3163713.984500002115965 ], [ 8808.679900000803173, 3163660.316000001505017 ], [ 8756.292200000956655, 3163647.219100000336766 ], [ 8746.000900001265109, 3163644.646300001069903 ], [ 8728.916700000874698, 3163638.828199999406934 ], [ 8712.088200001046062, 3163632.307500002905726 ], [ 8695.544100000523031, 3163625.09540000371635 ], [ 8679.313000001013279, 3163617.204200001433492 ], [ 8663.42269999999553, 3163608.64750000089407 ], [ 8647.900400000624359, 3163599.439999999478459 ], [ 8632.77280000038445, 3163589.597500000149012 ], [ 8618.065800000913441, 3163579.136800004169345 ], [ 8603.862099999561906, 3163568.122400002554059 ], [ 8590.124800000339746, 3163556.531400000676513 ], [ 8576.877300000749528, 3163544.383700001984835 ], [ 8564.142199999652803, 3163531.699800003319979 ], [ 8551.941100000403821, 3163518.50139999948442 ], [ 8540.294900000095367, 3163504.810900000855327 ], [ 8529.223300001583993, 3163490.651700003072619 ], [ 8518.745100000873208, 3163476.047900000587106 ], [ 8508.878300000913441, 3163461.024200001731515 ], [ 8499.639700001105666, 3163445.606300003826618 ], [ 8491.044900000095367, 3163429.820499999448657 ], [ 8483.10850000102073, 3163413.693600004538894 ], [ 8475.844200001098216, 3163397.253000000491738 ], [ 8469.264200000092387, 3163380.526699999347329 ], [ 8463.379700001329184, 3163363.543300002813339 ], [ 8458.200899999588728, 3163346.331600002944469 ], [ 8453.736399999819696, 3163328.920900002121925 ], [ 8449.993900000117719, 3163311.340800002217293 ], [ 8446.979800000786781, 3163293.621400002390146 ], [ 8429.645200000144541, 3162959.931200003251433 ], [ 8424.804599999450147, 3162785.668299999088049 ], [ 8416.644300000742078, 3162491.89809999987483 ], [ 8408.445199999958277, 3162330.990399999544024 ], [ 8385.137900001369417, 3161873.583800002932549 ], [ 8381.97520000115037, 3161811.51659999974072 ], [ 8350.642800001427531, 3161247.534 ], [ 8350.14360000193119, 3161238.547900002449751 ], [ 8316.970600000582635, 3160641.433900000527501 ], [ 8310.59020000230521, 3160523.64130000025034 ], [ 8310.427900000475347, 3160520.645700000226498 ], [ 8260.633200000040233, 3159601.360400002449751 ], [ 8253.376900001429021, 3159447.164000000804663 ], [ 8253.094899999909103, 3159441.1706000007689 ], [ 8239.27489999961108, 3159147.4956 ], [ 8225.964099999517202, 3158864.64159999974072 ], [ 8224.703400000929832, 3158844.848700001835823 ], [ 8187.51759999897331, 3158261.0318 ], [ 8186.564100000075996, 3158246.062100000679493 ], [ 8182.627700000070035, 3158184.260199999436736 ], [ 8165.293200000189245, 3157984.91270000115037 ], [ 8160.434899999760091, 3157967.06670000217855 ], [ 8154.883700001984835, 3157949.424000000581145 ], [ 8148.64809999987483, 3157932.011400001123548 ], [ 8141.737600000575185, 3157914.855399999767542 ], [ 8134.162700000219047, 3157897.982300002127886 ], [ 8125.934899999760091, 3157881.417700003832579 ], [ 8117.066900000907481, 3157865.186900001019239 ], [ 8107.572000000625849, 3157849.314600000157952 ], [ 8097.181300001218915, 3157833.409099999815226 ], [ 8086.161299999803305, 3157817.932900000363588 ], [ 8074.529600000940263, 3157802.911100000143051 ], [ 8062.304999999701977, 3157788.367700001224875 ], [ 8049.507000001147389, 3157774.326199999079108 ], [ 8036.156400000676513, 3157760.8091000020504 ], [ 8022.274500002153218, 3157747.838199999183416 ], [ 8007.88370000012219, 3157735.434300001710653 ], [ 7993.149799999780953, 3157723.726199999451637 ], [ 7977.962600000202656, 3157712.612400000914931 ], [ 7962.345900000073016, 3157702.110699998214841 ], [ 7946.324400001205504, 3157692.237500000745058 ], [ 7929.923499999567866, 3157683.008400002494454 ], [ 7913.168900000862777, 3157674.437899999320507 ], [ 7896.087199999950826, 3157666.53969999961555 ], [ 7878.705300000496209, 3157659.326100001111627 ], [ 7861.050500000827014, 3157652.808599999174476 ], [ 7843.150900000706315, 3157646.997400000691414 ], [ 7825.034600001759827, 3157641.901700001209974 ], [ 7806.730099999345839, 3157637.5296 ], [ 7788.26649999897927, 3157633.887900000438094 ], [ 7709.942900001071393, 3157613.96590000204742 ], [ 7594.116000001318753, 3157584.504699999466538 ], [ 7039.767199999652803, 3157443.50310000218451 ], [ 6661.802199998870492, 3157347.365599999204278 ], [ 6632.727900000289083, 3157339.97040000371635 ], [ 6544.536100001074374, 3157317.538300001993775 ], [ 6544.511900002136827, 3157317.532200001180172 ], [ 6536.808400000445545, 3157315.468800002709031 ], [ 6328.163600001484156, 3157259.581800000742078 ], [ 6059.144299999810755, 3157187.523000001907349 ], [ 5440.438099999912083, 3156719.978000000119209 ], [ 5296.423700000159442, 3156611.148900002241135 ], [ 5231.866300000809133, 3156561.420199999585748 ], [ 4716.135099999606609, 3156164.151699999347329 ], [ 4475.302099999971688, 3155978.637600002810359 ], [ 4403.210600000806153, 3155923.105500003322959 ], [ 3872.427300000563264, 3155514.242300001904368 ], [ 3508.008900000713766, 3155233.530200002714992 ], [ 3428.624900001101196, 3155172.380599999800324 ], [ 3352.929300001822412, 3155108.893900003284216 ], [ 3246.42860000114888, 3155019.570800002664328 ], [ 3159.939300001598895, 3154947.031300000846386 ], [ 3006.450300000607967, 3154901.437000004574656 ], [ 2821.546900001354516, 3154846.511100003495812 ], [ 2656.610100001096725, 3154797.336899999529123 ], [ 1891.874400001019239, 3154569.338600004091859 ], [ 1585.213399999774992, 3154477.910800002515316 ], [ 1315.440200001001358, 3154397.480600003153086 ], [ 1266.723800000734627, 3154384.207000002264977 ], [ 1260.934900001622736, 3154382.629700001329184 ], [ 1248.804099999368191, 3154379.324500000104308 ], [ 1176.318699999712408, 3154358.465399999171495 ], [ 646.42820000089705, 3154205.978900000452995 ], [ 252.067000000737607, 3154301.319000001996756 ], [ 230.981100000441074, 3154307.17200000025332 ], [ -399.191699999384582, 3154482.0954 ], [ -401.118900000117719, 3154482.630400000140071 ], [ -781.727799999527633, 3154588.279800003394485 ], [ -784.61849999986589, 3154589.0822 ], [ -965.685799999162555, 3154639.3429000005126 ], [ -1109.931499998085201, 3154672.850700004026294 ], [ -1655.077999998815358, 3154799.486200001090765 ], [ -1932.614399999380112, 3154888.095100000500679 ], [ -1940.754700000397861, 3154890.694000003859401 ], [ -2101.099399998784065, 3154938.364000003784895 ], [ -2110.223199999891222, 3154939.324400003999472 ], [ -2183.438500000163913, 3154947.031300000846386 ], [ -2209.440399998798966, 3154938.364000003784895 ], [ -2251.554599998518825, 3154915.392600001767278 ], [ -2257.110399998724461, 3154912.362199999392033 ], [ -2304.780399998649955, 3154882.026700001209974 ], [ -2352.450499999336898, 3154843.023900000378489 ], [ -2551.797899998724461, 3154570.004600001499057 ], [ -2651.471599998883903, 3154470.330900000408292 ], [ -2742.478099999949336, 3154413.993600001558661 ], [ -3113.835999998264015, 3154326.47890000231564 ], [ -3170.008200000971556, 3154313.241300003603101 ], [ -3420.87189999781549, 3154253.33360000140965 ], [ -3429.184899999760091, 3154252.347300000488758 ], [ -3641.781799999065697, 3154227.1239 ], [ -3769.269799999892712, 3154237.531099999323487 ], [ -3825.249200000427663, 3154242.100900001823902 ], [ -3850.07899999897927, 3154241.623400004580617 ], [ -4019.949400000274181, 3154238.356599999591708 ], [ -4259.580400000326335, 3154275.799000000581145 ], [ -4401.861299999058247, 3154283.287500001490116 ], [ -4434.505699997767806, 3154273.494200000539422 ], [ -4440.252700001001358, 3154271.770100001245737 ], [ -4514.188400000333786, 3154249.589299999177456 ], [ -4757.563599999062717, 3154107.308399999514222 ], [ -4918.565700000151992, 3153987.492900002747774 ], [ -4978.473399998620152, 3153935.073700001463294 ], [ -5083.311999999918044, 3153800.281199999153614 ], [ -5173.173599998466671, 3153631.790700001642108 ], [ -5274.239299998618662, 3153490.29869999922812 ], [ -5304.463700000196695, 3153447.984600001946092 ], [ -5306.788599999621511, 3153444.7297000028193 ], [ -5360.385300000198185, 3153369.694299999624491 ], [ -5424.037299999035895, 3153302.298100002110004 ], [ -5754.931399998255074, 3152636.951800001785159 ], [ -5772.251099998131394, 3152602.126199999824166 ], [ -5817.181899999268353, 3152482.310699999332428 ], [ -5810.311799999326468, 3152348.344400001689792 ], [ -5809.693400000222027, 3152336.285599999129772 ], [ -5809.693400000222027, 3152231.447000000625849 ], [ -5787.227999999187887, 3152055.468000002205372 ], [ -5777.049699999392033, 3152027.588200002908707 ], [ -5701.110599998384714, 3151819.581300001591444 ], [ -5635.612399999052286, 3151652.3885000012815 ], [ -5627.952399998903275, 3151632.835400002077222 ], [ -5558.82969999872148, 3151456.39049999974668 ], [ -5543.852799999527633, 3151374.017400000244379 ], [ -5536.364299999549985, 3151295.388500003144145 ], [ -5528.901099999435246, 3150735.64780000410974 ], [ -5528.82109999936074, 3150729.648300003260374 ], [ -5528.554499998688698, 3150709.650100002065301 ], [ -5527.221199999563396, 3150609.659000001847744 ], [ -5525.131599999032915, 3150452.935700001195073 ], [ -5577.550899998284876, 3150333.12020000256598 ], [ -5734.935999999754131, 3150080.680799998342991 ], [ -5852.386599998921156, 3149892.294600004330277 ], [ -5955.71860000025481, 3149726.55430000461638 ], [ -6462.924999999813735, 3148863.933200001716614 ], [ -6468.678700000047684, 3148854.147700000554323 ], [ -6674.74339999910444, 3148514.057199997827411 ], [ -6929.219499997794628, 3148094.06810000166297 ], [ -7094.020099999383092, 3147814.031000001356006 ], [ -7094.273699999786913, 3147813.600100001320243 ], [ -7427.202699999324977, 3147247.871100001037121 ], [ -7433.130800000391901, 3147188.589700000360608 ], [ -7438.435399998910725, 3147135.544100001454353 ], [ -7470.342599999159575, 3146994.416200000792742 ], [ -7504.523399998433888, 3146843.231900000944734 ], [ -7535.785500001162291, 3146704.957100002095103 ], [ -7666.833699999377131, 3146158.298899998888373 ], [ -7673.565600000321865, 3146126.924400001764297 ], [ -7721.39780000038445, 3145903.998199999332428 ], [ -7799.64949999935925, 3145539.298800002783537 ], [ -7865.514899998903275, 3145232.327399998903275 ], [ -8057.690099998377264, 3144315.9276 ], [ -8117.597900001332164, 3143869.947700001299381 ], [ -8160.409400000236928, 3143673.843300001695752 ], [ -8161.049299999140203, 3143670.9123 ], [ -8263.213499999605119, 3143202.9342 ], [ -8323.946799998171628, 3142924.73650000244379 ], [ -8343.916100000031292, 3142811.577500000596046 ], [ -8471.841499999165535, 3142162.725299997255206 ], [ -8532.385999999009073, 3141855.6368000023067 ], [ -8552.818900000303984, 3141751.999099999666214 ], [ -8557.612099998630583, 3141574.650400001555681 ], [ -8381.395799998193979, 3141236.902499999850988 ], [ -8369.831699999980628, 3141214.7379 ], [ -8210.708999999798834, 3140909.752700001001358 ], [ -8039.945600000210106, 3140582.456300003454089 ], [ -7936.634599999524653, 3140385.017500003799796 ], [ -7824.251199997961521, 3140170.240399999544024 ], [ -7555.831500000320375, 3140026.4441 ], [ -7419.790699999779463, 3139960.716500002890825 ], [ -6787.699399998411536, 3139655.324100000783801 ], [ -6429.33420000039041, 3139482.181300001218915 ], [ -6276.044900000095367, 3139408.12020000256598 ], [ -5876.273099998943508, 3139210.935399999842048 ], [ -5875.824699999764562, 3139210.714300001040101 ], [ -5875.37629999872297, 3139210.493100004270673 ], [ -5874.927899999544024, 3139210.271900001913309 ], [ -5874.479399999603629, 3139210.050699999555945 ] ] ] } },
{ "type": "Feature", "properties": { "IMIS_CODE": "31130040018001000", "PARENT_CHA": "Bhong Disty", "REMARKS": null, "ZONE_NAME": "Bahawalpur", "CIRCLE_NAM": "Rahimyar Khan", "CHANNEL_NA": "Bhutta Minor", "CHANNEL_TY": "M", "DESIGNED_D": 26.0 }, "geometry": { "type": "MultiLineString", "coordinates": [ [ [ 10670.136900001205504, 3164138.681199999526143 ], [ 10656.381400002166629, 3164022.316400002688169 ], [ 10517.981599998660386, 3163489.0702 ], [ 10440.64060000050813, 3163155.282500002533197 ], [ 10469.134700001217425, 3163012.812100000679493 ], [ 10522.052200000733137, 3162695.306700002402067 ], [ 10819.204700000584126, 3162007.378399999812245 ], [ 10880.263399999588728, 3161844.555100001394749 ], [ 10880.263399999588728, 3161746.861200001090765 ], [ 10868.051699999719858, 3161624.743700001388788 ], [ 10745.934200000949204, 3161176.979700000956655 ], [ 10574.969800001941621, 3160476.839600002393126 ], [ 10574.969800001941621, 3160427.992600001394749 ], [ 10664.522600000724196, 3160265.169400000944734 ], [ 10908.757500002160668, 3159805.193600000813603 ], [ 11169.274699999950826, 3159337.0767 ], [ 11214.051099999807775, 3159223.100400002673268 ], [ 11230.333499999716878, 3159125.406500002369285 ], [ 11205.910000002011657, 3158331.64299999922514 ], [ 11332.098000001162291, 3158042.631700001657009 ], [ 11332.098000001162291, 3157961.220000002533197 ], [ 11283.251000000163913, 3157826.890799999237061 ], [ 11185.557100000791252, 3157541.950100002810359 ], [ 11181.486500000581145, 3156951.715800004079938 ], [ 11112.28660000115633, 3156760.398399999365211 ], [ 11030.874900000169873, 3156609.786900002509356 ], [ 11018.663200000301003, 3156377.763700000941753 ] ] ] } },
{ "type": "Feature", "properties": { "IMIS_CODE": "31130040018002000", "PARENT_CHA": "Bhong Disty", "REMARKS": null, "ZONE_NAME": "Bahawalpur", "CIRCLE_NAM": "Rahimyar Khan", "CHANNEL_NA": "Mubarak Minor", "CHANNEL_TY": "M", "DESIGNED_D": 72.0 }, "geometry": { "type": "MultiLineString", "coordinates": [ [ [ 2821.546900001354516, 3154846.511100003495812 ], [ 2869.891200002282858, 3154728.58330000191927 ], [ 2897.419200000353158, 3154618.471599999815226 ], [ 2905.284300001338124, 3154590.94370000436902 ], [ 2995.733100001700222, 3154520.157599998638034 ], [ 3212.023900000378489, 3154433.64130000397563 ], [ 3349.663500000722706, 3154390.383199997246265 ], [ 3442.444000001065433, 3154235.7489 ], [ 3443.987500000745058, 3154233.176400002092123 ], [ 3467.640200001187623, 3154193.755200004205108 ], [ 3613.144899999722838, 3153898.81330000422895 ], [ 3656.403099999763072, 3153721.848100000992417 ], [ 3661.948399999178946, 3153669.16780000180006 ], [ 3672.133300000801682, 3153572.410900002345443 ], [ 3668.200800000689924, 3153466.231800001114607 ], [ 3662.620000000111759, 3153438.327700002118945 ], [ 3654.187000000849366, 3153396.162800000980496 ], [ 3636.740299999713898, 3153308.929400000721216 ], [ 3601.500300000421703, 3153264.07850000448525 ], [ 3597.793399998918176, 3153259.360600000247359 ], [ 3588.526100000366569, 3153247.5658 ], [ 3550.224000001326203, 3153198.817700002342463 ], [ 3205.474300000816584, 3152763.872000001370907 ], [ 3201.747399999760091, 3152759.169900001958013 ], [ 3162.6139000011608, 3152709.798100000247359 ], [ 2873.823800000362098, 3152345.45240000076592 ], [ 2841.619500000029802, 3152303.253700001165271 ], [ 2728.17160000000149, 3152154.597800001502037 ], [ 2531.691200001165271, 3151897.140700001269579 ], [ 2484.500400001183152, 3151716.242900002747774 ], [ 2397.888399999588728, 3151340.924100002273917 ], [ 2386.645400000736117, 3151292.204500004649162 ], [ 2385.970800001174212, 3151289.281300000846386 ], [ 2291.754700000397861, 3150881.011400001123548 ], [ 2272.64159999974072, 3150798.188200002536178 ], [ 2265.67100000102073, 3150767.982000002637506 ], [ 2182.023199998773634, 3150405.508500002324581 ], [ 2177.760800002142787, 3150387.037900002673268 ], [ 2175.180000001564622, 3150376.299699999392033 ], [ 2067.64919999986887, 3149928.894799999892712 ], [ 2000.795700000599027, 3149838.445900002494454 ], [ 1888.096699999645352, 3149725.74690000154078 ], [ 1651.216000001877546, 3149488.866200001910329 ], [ 1501.360700001940131, 3149339.010900001972914 ], [ 1375.518799999728799, 3149213.169000001624227 ], [ 1371.464400000870228, 3149202.830199999734759 ], [ 1336.193200000561774, 3149112.88880000077188 ], [ 1294.774000000208616, 3148866.962400000542402 ], [ 1286.968100001104176, 3148820.615199999883771 ], [ 1273.272199999541044, 3148739.295599998906255 ], [ 1194.621000002138317, 3148224.130400002002716 ], [ 1187.699800000526011, 3148204.939700001850724 ], [ 1182.610799999907613, 3148190.829300001263618 ], [ 1151.362900000996888, 3148104.187300000339746 ], [ 1072.711700000800192, 3148056.9966000020504 ], [ 1001.925600001588464, 3148009.805900001898408 ], [ 510.355700000189245, 3147730.594200002029538 ], [ -140.254100000485778, 3147324.837500000372529 ], [ -403.964299999177456, 3147160.373100001364946 ], [ -788.070700000040233, 3146931.337500000372529 ], [ -821.567799999378622, 3146911.363800000399351 ], [ -1884.572800000198185, 3146277.513599999248981 ], [ -1893.889899998903275, 3146271.009199999272823 ], [ -2092.998399999924004, 3146132.008900001645088 ], [ -2152.606999998912215, 3146091.319100001826882 ], [ -2153.019899999722838, 3146091.037200001999736 ] ] ] } },
{ "type": "Feature", "properties": { "IMIS_CODE": "31130040018002010", "PARENT_CHA": "Mubarak Minor", "REMARKS": null, "ZONE_NAME": "Bahawalpur", "CIRCLE_NAM": "Rahimyar Khan", "CHANNEL_NA": "Leghari Sub Minor", "CHANNEL_TY": "SM", "DESIGNED_D": 16.5 }, "geometry": { "type": "MultiLineString", "coordinates": [ [ [ 3672.133300000801682, 3153572.410900002345443 ], [ 3839.68790000025183, 3153498.881700001657009 ], [ 4671.642600000835955, 3152862.681000001728535 ], [ 5342.799399999901652, 3152373.295900002121925 ], [ 5536.020299999974668, 3152241.21140000410378 ], [ 5577.285800000652671, 3152167.850400004535913 ], [ 5577.285800000652671, 3152062.393999999389052 ], [ 5549.775500001385808, 3151934.012199999764562 ], [ 5329.692499999888241, 3150952.8091000020504 ], [ 5114.194600000977516, 3149948.680600000545382 ], [ 4999.568100000731647, 3149439.738800004124641 ], [ 4829.762599999085069, 3148625.543300000950694 ] ] ] } },
{ "type": "Feature", "properties": { "IMIS_CODE": "31130040018003000", "PARENT_CHA": "Bhong Disty", "REMARKS": null, "ZONE_NAME": "Bahawalpur", "CIRCLE_NAM": "Rahimyar Khan", "CHANNEL_NA": "Nazir Minor", "CHANNEL_TY": "M", "DESIGNED_D": 10.0 }, "geometry": { "type": "MultiLineString", "coordinates": [ [ [ 1315.440200001001358, 3154397.480600003153086 ], [ 1320.259800000116229, 3154238.433600002899766 ], [ 1320.259800000116229, 3154098.665000000968575 ], [ 1235.916700000874698, 3153990.223799999803305 ], [ 1074.459800000302494, 3153782.980799999088049 ], [ 1045.542200000025332, 3153652.851400000974536 ], [ 992.526499999687076, 3153484.165100002661347 ], [ 958.789300001226366, 3153378.1338 ], [ 840.70890000090003, 3153170.890700001269579 ], [ 621.416800001636147, 3152787.73200000077486 ], [ 602.138400000520051, 3152722.667300002649426 ], [ 592.499200002290308, 3152667.241800000891089 ], [ 590.089399999938905, 3152305.771300001069903 ], [ 587.679499998688698, 3152163.59290000423789 ], [ 394.895299999974668, 3151818.991000002250075 ], [ 187.652200001291931, 3151493.667600002139807 ], [ 141.865899999625981, 3151443.061699999496341 ], [ 43.064000002108514, 3151370.7676 ], [ -376.241799999959767, 3151108.099000003188848 ], [ -417.208499999716878, 3151040.624500000849366 ], [ -419.618299999274313, 3150934.5932 ], [ -436.486899999901652, 3150233.34039999730885 ], [ -448.535899998620152, 3149835.722799999639392 ], [ -443.716299998573959, 3149765.838500002399087 ] ] ] } },
{ "type": "Feature", "properties": { "IMIS_CODE": "31130040018004000", "PARENT_CHA": "Bhong Disty", "REMARKS": null, "ZONE_NAME": "Bahawalpur", "CIRCLE_NAM": "Rahimyar Khan", "CHANNEL_NA": "Ghazi Minor", "CHANNEL_TY": "M", "DESIGNED_D": 18.0 }, "geometry": { "type": "MultiLineString", "coordinates": [ [ [ -1655.077999998815358, 3154799.486200001090765 ], [ -1839.116399998776615, 3154427.800900001078844 ], [ -1961.808600000105798, 3154146.330399999395013 ], [ -2095.326699999161065, 3153832.382600001990795 ], [ -2145.847000000067055, 3153680.821600001305342 ], [ -2156.672799999825656, 3153579.781000001356006 ], [ -2138.629799999296665, 3153478.740300001576543 ], [ -2138.629799999296665, 3153406.56840000115335 ], [ -2142.238400000147521, 3153338.005100000649691 ], [ -2181.932900000363588, 3153262.224600000306964 ], [ -2412.882999999448657, 3152847.236099999397993 ], [ -2701.570700000971556, 3152374.510099999606609 ], [ -2845.914499999023974, 3152103.865500001236796 ], [ -3022.735600000247359, 3151685.268400002270937 ], [ -3073.255999999120831, 3151522.881700003519654 ], [ -3268.307400000281632, 3151028.7105 ] ] ] } },
{ "type": "Feature", "properties": { "IMIS_CODE": "31130040018005000", "PARENT_CHA": "Bhong Disty", "REMARKS": null, "ZONE_NAME": "Bahawalpur", "CIRCLE_NAM": "Rahimyar Khan", "CHANNEL_NA": "Makharja Minor", "CHANNEL_TY": "M", "DESIGNED_D": 21.0 }, "geometry": { "type": "MultiLineString", "coordinates": [ [ [ -5577.550899998284876, 3150333.12020000256598 ], [ -5472.413800000213087, 3150222.114099999889731 ], [ -4888.746600000187755, 3149548.01970000192523 ], [ -4362.624099998734891, 3148873.925200002267957 ], [ -4255.755499999038875, 3148746.504900002852082 ], [ -4226.983199998736382, 3148697.180900001898408 ], [ -4194.100499999709427, 3148598.533000001683831 ], [ -4177.659199997782707, 3148512.216000001877546 ], [ -4194.100499999709427, 3147718.921900000423193 ], [ -4251.645199999213219, 3145803.507200000807643 ], [ -4282.515999998897314, 3143886.833599999547005 ] ] ] } },
{ "type": "Feature", "properties": { "IMIS_CODE": "31130040018006000", "PARENT_CHA": "Bhong Disty", "REMARKS": null, "ZONE_NAME": "Bahawalpur", "CIRCLE_NAM": "Rahimyar Khan", "CHANNEL_NA": "Machka Minor", "CHANNEL_TY": "M", "DESIGNED_D": 93.0 }, "geometry": { "type": "MultiLineString", "coordinates": [ [ [ -7865.514899998903275, 3145232.327399998903275 ], [ -7948.493499998934567, 3145171.979399999603629 ], [ -8018.899599999189377, 3145111.631300000473857 ], [ -8036.50109999999404, 3145061.341300001367927 ], [ -8046.559099998325109, 3144985.906200001016259 ], [ -8152.1681999983266, 3144410.08530000038445 ], [ -8222.574199999682605, 3144065.59850000217557 ], [ -8267.835299999453127, 3143967.5329 ], [ -8285.436799998395145, 3143907.184800000861287 ], [ -8370.92989999987185, 3143816.662800002843142 ], [ -8438.821399999782443, 3143756.314699998125434 ], [ -8514.25650000013411, 3143726.140700001269579 ], [ -8853.714300000108778, 3143668.307099999859929 ], [ -9230.889600000344217, 3143615.502599999308586 ], [ -9351.585699998773634, 3143633.104100001975894 ], [ -9442.107800000347197, 3143643.162100002169609 ], [ -9499.941300000064075, 3143640.647600000724196 ], [ -9726.246499999426305, 3143612.988099999725819 ] ] ] } },
{ "type": "Feature", "properties": { "IMIS_CODE": "31130040018100000", "PARENT_CHA": "Bhong Disty", "REMARKS": null, "ZONE_NAME": "Bahawalpur", "CIRCLE_NAM": "Rahimyar Khan", "CHANNEL_NA": "Fazil Branch Disty", "CHANNEL_TY": "D", "DESIGNED_D": 323.0 }, "geometry": { "type": "MultiLineString", "coordinates": [ [ [ 7709.942900001071393, 3157613.96590000204742 ], [ 7715.868200001306832, 3157463.529100002720952 ], [ 7704.333800000138581, 3157263.599600000306964 ], [ 7685.109800000675023, 3157090.583800001069903 ], [ 7677.420200001448393, 3157002.153400000184774 ], [ 7712.023400000296533, 3156809.913599999621511 ], [ 7754.316200000233948, 3156690.724899999797344 ], [ 7827.367300000973046, 3156594.60500000230968 ], [ 7800.453700001351535, 3156490.795500000938773 ], [ 7785.074500000104308, 3156421.589099999517202 ], [ 7792.764100002124906, 3156333.15880000218749 ], [ 7823.522499999962747, 3156240.883700001984835 ], [ 7877.349700001068413, 3156102.471000000834465 ], [ 8350.259700001217425, 3155068.22069999948144 ], [ 8442.534799999557436, 3154864.446400001645088 ], [ 8419.466000000946224, 3154403.070800000801682 ], [ 8388.707600000314415, 3153061.236700000241399 ], [ 8369.483599999919534, 3152626.774700002744794 ], [ 8354.104500000365078, 3152419.155700001865625 ], [ 8450.22440000064671, 3152026.986400002613664 ], [ 8480.98270000051707, 3151896.263299999758601 ], [ 8546.344300001859665, 3151780.919399999082088 ], [ 8546.344300001859665, 3151734.781899999827147 ], [ 8534.809900001622736, 3151415.663699999451637 ], [ 8500.206699999980628, 3150573.653200002387166 ], [ 8523.275500000454485, 3150481.37810000218451 ], [ 8484.827500000596046, 3150204.552699999883771 ], [ 8457.914000000804663, 3150146.880800001323223 ], [ 8404.086799999698997, 3150100.7432000041008 ], [ 8346.414900000207126, 3150031.53690000064671 ], [ 8319.501300001516938, 3149946.951400002464652 ], [ 8223.381400000303984, 3149823.917899999767542 ], [ 8031.141499999910593, 3149662.436400001868606 ], [ 7873.504900000058115, 3149570.16130000166595 ], [ 7754.316200000233948, 3149497.110100001096725 ], [ 7712.023400000296533, 3149427.903800001367927 ], [ 7696.644200000911951, 3149374.076600003987551 ], [ 7662.041000000201166, 3148970.373000003397465 ], [ 7592.834700000472367, 3148155.276100000366569 ], [ 7585.145100001245737, 3147870.761100001633167 ], [ 7792.764100002124906, 3146490.479100000113249 ], [ 7719.713000001385808, 3146240.56730000115931 ], [ 7646.661800000816584, 3146136.757700003683567 ], [ 7573.610700001008809, 3146071.396200003102422 ], [ 7439.042799999937415, 3145975.2763 ], [ 7335.233300000429153, 3145925.2939 ] ] ] } },
{ "type": "Feature", "properties": { "IMIS_CODE": "31130040018101000", "PARENT_CHA": "Fazil Branch Disty", "REMARKS": null, "ZONE_NAME": "Bahawalpur", "CIRCLE_NAM": "Rahimyar Khan", "CHANNEL_NA": "Kasmani Minor", "CHANNEL_TY": "M", "DESIGNED_D": 128.0 }, "geometry": { "type": "MultiLineString", "coordinates": [ [ [ 7592.834700000472367, 3148155.276100000366569 ], [ 7558.422500000335276, 3148148.8885000012815 ], [ 7341.001799999736249, 3148108.530700003728271 ], [ 7119.68709999974817, 3148069.888399999588728 ], [ 7070.506100000813603, 3148045.297900000587106 ], [ 6975.657000000588596, 3147996.116900002583861 ], [ 6438.904400000348687, 3147635.982100002467632 ], [ 6266.180200001224875, 3147520.092599999159575 ], [ 6169.85329999960959, 3147455.461899999529123 ], [ 6003.772400001063943, 3147344.029699997976422 ], [ 5924.88389999885112, 3147291.099500000476837 ], [ 5850.977900000289083, 3147241.51210000179708 ], [ 5687.388200000859797, 3147131.751400001347065 ], [ 5609.126900000497699, 3147079.241900002583861 ], [ 5452.608500000089407, 3146975.540400000289083 ], [ 5382.58360000140965, 3146929.145300002768636 ], [ 5136.662600001320243, 3146766.210000002756715 ], [ 5136.245799998752773, 3146765.933900002390146 ], [ 4864.482300000265241, 3146585.876599997282028 ], [ 4760.278500000946224, 3146516.836300002411008 ], [ 4755.484700000844896, 3146513.6601 ], [ 4746.657200000248849, 3146500.017600001767278 ], [ 4716.842500001192093, 3146453.94030000269413 ], [ 4705.014800000935793, 3146423.006300000473857 ], [ 4691.800700000487268, 3146388.446399999782443 ], [ 4671.174400000832975, 3146334.500600000843406 ], [ 4597.402800001204014, 3146155.341099999845028 ], [ 4565.828099999576807, 3146090.08669999986887 ], [ 4511.818600000813603, 3145978.467000000178814 ], [ 4419.044099999591708, 3145786.7331000007689 ], [ 4386.627000000327826, 3145719.737700000405312 ], [ 4332.85149999987334, 3145608.478100001811981 ], [ 4306.001900000497699, 3145552.92710000090301 ], [ 4284.752000001259148, 3145508.961899999529123 ], [ 4244.128100001253188, 3145448.949400002136827 ], [ 4130.183000001125038, 3145280.621400000527501 ], [ 4084.509899999946356, 3145218.962700001895428 ], [ 4004.749400001019239, 3145111.286000000312924 ], [ 3919.407200000248849, 3144996.073999999091029 ], [ 3827.549900000914931, 3144880.511700002476573 ], [ 3810.506300000473857, 3144859.069700000807643 ], [ 3662.963200001046062, 3144809.888600002974272 ], [ 3504.279299999587238, 3144748.664100002497435 ], [ 3302.758500001393259, 3144670.912000002339482 ], [ 3216.821000001393259, 3144637.755000002682209 ], [ 3124.506100000813603, 3144605.197500001639128 ], [ 2995.305800000205636, 3144559.631300000473857 ], [ 2583.185000000521541, 3144414.285199999809265 ], [ 2429.924500000663102, 3144360.2335 ], [ 2370.204700000584126, 3144332.130100000649691 ], [ 2296.433200001716614, 3144230.255100002512336 ], [ 2119.054200001060963, 3143998.677000002935529 ], [ 2109.933100000955164, 3143986.768899999558926 ], [ 1982.236900000832975, 3143820.054500000551343 ], [ 1917.036600000225008, 3143734.931800002232194 ], [ 1871.080900000408292, 3143672.184600001201034 ], [ 1746.99800000153482, 3143502.763700000941753 ], [ 1745.225399999879301, 3143500.343400001525879 ], [ 1734.364200000651181, 3143485.513700000941753 ], [ 1674.644400000572205, 3143390.664599999785423 ], [ 1672.709699999541044, 3143389.027500003576279 ], [ 1628.976300000213087, 3143352.022400002926588 ], [ 1544.666000000201166, 3143288.789599999785423 ], [ 1336.644299999810755, 3143180.92650000192225 ], [ 979.766999999992549, 3142995.879000004380941 ], [ 880.722099998965859, 3142944.522400002926588 ], [ 581.35020000115037, 3142780.350700004026294 ], [ 580.911800001747906, 3142780.110300002619624 ], [ 580.473399999551475, 3142779.869900001212955 ], [ 382.313800000585616, 3142671.2017 ], [ 118.416100000031292, 3142526.4836 ], [ -1.747499998658895, 3142460.628799999132752 ], [ -247.290699997916818, 3142326.060699999332428 ], [ -330.38329999987036, 3142280.522400001063943 ], [ -329.47029999922961, 3142217.281999999657273 ], [ -328.52869999781251, 3142152.05489999987185 ], [ -317.018600000068545, 3141760.7138 ], [ -158.180200000293553, 3141431.526799997314811 ], [ -74.264799999073148, 3141253.568399999290705 ], [ -32.040799998678267, 3141164.024299999698997 ], [ -20.525200000032783, 3141139.603199999779463 ], [ 242.368999999947846, 3140582.086400002241135 ], [ 385.093399999663234, 3140271.315500002354383 ], [ 514.005699999630451, 3140001.980799999088049 ], [ 514.454900000244379, 3139988.953700000420213 ], [ 516.307699999772012, 3139935.2226 ], [ 493.287700002081692, 3139873.068399999290705 ], [ 451.851500001735985, 3139815.518200002610683 ], [ 288.47789999935776, 3139608.088800001889467 ], [ 253.828400000929832, 3139564.095500001683831 ], [ 66.349499999545515, 3139326.060499999672174 ], [ 42.094400000758469, 3139295.264799999073148 ], [ -246.902499998919666, 3138921.072200002148747 ], [ -356.152700000442564, 3138779.615300003439188 ], [ -450.534999999217689, 3138733.575200004503131 ], [ -542.615299997851253, 3138689.837000001221895 ], [ -763.273699998855591, 3138599.819500001147389 ], [ -1017.900799999013543, 3138495.944400001317263 ], [ -1454.933500000275671, 3138317.657000001519918 ], [ -1623.450400000438094, 3138248.910599999129772 ], [ -1642.974399999715388, 3138240.945800004526973 ], [ -1660.249199999496341, 3138233.244100000709295 ], [ -2195.455999998375773, 3137994.631100002676249 ], [ -2255.308099999092519, 3137930.174900002777576 ], [ -2436.921799997799098, 3137700.183700000867248 ], [ -2782.467599999159575, 3137262.593000002205372 ], [ -2794.070399998687208, 3137249.589900001883507 ], [ -2915.983999999240041, 3137112.962600003927946 ], [ -3072.956599998287857, 3137033.613800000399351 ], [ -3125.466599999926984, 3137007.070299999788404 ], [ -3203.601199999451637, 3136956.333500001579523 ], [ -3530.691300000064075, 3136743.937400002032518 ], [ -3657.230099999345839, 3136661.769300002604723 ], [ -3735.457499999552965, 3136615.03600000217557 ], [ -3834.484599999152124, 3136555.877000002190471 ], [ -3892.034799998626113, 3136479.910800002515316 ], [ -4082.268899998627603, 3136132.205200001597404 ], [ -4118.266800000332296, 3136066.409 ], [ -4146.585199999623001, 3136014.649199998006225 ], [ -4306.395999999716878, 3135722.550600001588464 ], [ -4433.567400000989437, 3135511.922900002449751 ], [ -4453.724399998784065, 3135478.537900000810623 ], [ -4541.200599999167025, 3135273.659300001338124 ], [ -4588.661499999463558, 3135200.471099998801947 ], [ -4588.933600000105798, 3135200.051600001752377 ] ] ] } },
{ "type": "Feature", "properties": { "IMIS_CODE": "31130040018101010", "PARENT_CHA": "Kasmani Minor", "REMARKS": null, "ZONE_NAME": "Bahawalpur", "CIRCLE_NAM": "Rahimyar Khan", "CHANNEL_NA": "Noor pur Sub Minor", "CHANNEL_TY": "SM", "DESIGNED_D": 29.0 }, "geometry": { "type": "MultiLineString", "coordinates": [ [ [ 4306.001900000497699, 3145552.92710000090301 ], [ 4130.518100000917912, 3145478.53520000167191 ], [ 3813.901800000108778, 3145463.090500000864267 ], [ 2605.354199999943376, 3145432.201100001111627 ], [ 1528.086600001901388, 3145076.973100002855062 ], [ 1419.9737000009045, 3145096.278900001198053 ], [ 1064.745699999853969, 3145127.168300000950694 ], [ 883.270499999634922, 3145161.918900003656745 ], [ 771.296400002203882, 3145169.64130000025034 ], [ 705.656500000506639, 3145165.780099999159575 ], [ 667.044700001366436, 3145146.474199999123812 ], [ 168.953300001099706, 3144779.662699999287724 ], [ 56.979200001806021, 3144710.161500001326203 ], [ -12.521899999119341, 3144690.855599999427795 ], [ -78.161899999715388, 3144686.994500001892447 ], [ -193.997099999338388, 3144694.71680000051856 ], [ -962.37079999782145, 3144791.246200004592538 ], [ -1719.161000000312924, 3144555.714500000700355 ], [ -1777.078599998727441, 3144497.796900000423193 ], [ -2001.026699999347329, 3144219.792400002479553 ], [ -2838.901499998755753, 3143111.63539999909699 ], [ -3205.713100000284612, 3142941.743699999526143 ], [ -3819.639799999073148, 3142644.433300001546741 ] ] ] } },
{ "type": "Feature", "properties": { "IMIS_CODE": "31130040018101020", "PARENT_CHA": "Kasmani Minor", "REMARKS": null, "ZONE_NAME": "Bahawalpur", "CIRCLE_NAM": "Rahimyar Khan", "CHANNEL_NA": "Mitha Sub Minor", "CHANNEL_TY": "SM", "DESIGNED_D": 8.0 }, "geometry": { "type": "MultiLineString", "coordinates": [ [ [ -330.38329999987036, 3142280.522400001063943 ], [ -868.717499999329448, 3141985.4923 ], [ -1437.812300000339746, 3141669.328500000759959 ], [ -1609.945899999700487, 3141570.96650000102818 ], [ -1771.54069999884814, 3141469.091500002890825 ], [ -2354.687199999578297, 3141195.082900000736117 ], [ -2882.558500000275671, 3140921.167700001969934 ] ] ] } },
{ "type": "Feature", "properties": { "IMIS_CODE": "31130040018102000", "PARENT_CHA": "Fazil Branch Disty", "REMARKS": null, "ZONE_NAME": "Bahawalpur", "CIRCLE_NAM": "Rahimyar Khan", "CHANNEL_NA": "Kander Minor", "CHANNEL_TY": "M", "DESIGNED_D": 80.0 }, "geometry": { "type": "MultiLineString", "coordinates": [ [ [ 7335.233300000429153, 3145925.2939 ], [ 6035.691999999806285, 3145460.073500003665686 ], [ 5866.520899999886751, 3145363.953600000590086 ], [ 5785.780200000852346, 3145252.454500002786517 ], [ 5755.021800000220537, 3145190.937700001522899 ], [ 5743.487399999983609, 3145129.421 ], [ 5731.95299999974668, 3144348.927200000733137 ], [ 5697.349899999797344, 3144233.5833 ], [ 5624.298700001090765, 3144052.877900002524257 ], [ 5435.903699999675155, 3143837.569300001487136 ], [ 4597.737999999895692, 3142841.7668999992311 ], [ 3909.519399999640882, 3142007.446000000461936 ], [ 3486.591699999757111, 3141492.2432000041008 ], [ 3386.627000000327826, 3141384.588899999856949 ], [ 3325.110300000756979, 3141261.555400002747774 ], [ 3271.283099999651313, 3141134.67710000090301 ], [ 3259.748700002208352, 3141050.091600002720952 ], [ 3259.748700002208352, 3140953.971699999645352 ], [ 3263.593500000424683, 3140830.938200002536178 ], [ 3363.558199999853969, 3139988.927700001746416 ], [ 3425.075000000186265, 3139369.915400000289083 ], [ 3428.919800001196563, 3139289.174699999392033 ], [ 3425.075000000186265, 3139208.434000000357628 ], [ 3398.161400001496077, 3139127.693200001493096 ], [ 3348.179000000469387, 3139027.728500001132488 ], [ 3286.66230000089854, 3138935.453400000929832 ], [ 3067.508900000713766, 3138616.335200000554323 ], [ 2171.671200000680983, 3137336.017900001257658 ], [ 1729.519600000232458, 3136690.0921 ], [ 1198.937599999830127, 3135898.06389999948442 ], [ 560.701399999670684, 3135478.981100000441074 ], [ -39.086900000460446, 3135102.190999999642372 ], [ -569.66889999806881, 3134686.9529 ], [ -654.254399999044836, 3134610.057 ], [ -708.081599999219179, 3134560.0746 ], [ -1073.337200000882149, 3134091.009400004521012 ], [ -1730.797499999403954, 3133779.580900002270937 ], [ -2072.984400000423193, 3133302.826100001111627 ], [ -2903.460499999113381, 3132153.231899999082088 ], [ -3449.421699998900294, 3131411.18610000424087 ] ] ] } },
{ "type": "Feature", "properties": { "IMIS_CODE": "31130040018103000", "PARENT_CHA": "Kander Minor", "REMARKS": null, "ZONE_NAME": "Bahawalpur", "CIRCLE_NAM": "Rahimyar Khan", "CHANNEL_NA": "Dinu Shah Minor", "CHANNEL_TY": "SM", "DESIGNED_D": 33.5 }, "geometry": { "type": "MultiLineString", "coordinates": [ [ [ 7335.233300000429153, 3145925.2939 ], [ 7442.581000001169741, 3145616.790500001981854 ], [ 7495.018100000917912, 3145443.092600002884865 ], [ 7498.295400002039969, 3145318.554400002583861 ], [ 7527.791300001554191, 3145138.30180000141263 ], [ 7573.673800000920892, 3144781.074000002816319 ], [ 7586.783000000752509, 3144640.14919999986887 ], [ 7626.110900000669062, 3144541.829600002616644 ], [ 7678.548000000417233, 3144433.678099999204278 ], [ 7724.430499999783933, 3144322.249199999496341 ], [ 7753.926300000399351, 3144263.257400000467896 ], [ 7763.758300000801682, 3144204.265700001269579 ], [ 7809.640800000168383, 3143833.928600002080202 ], [ 7826.027400000952184, 3143578.29759999923408 ], [ 7868.632500000298023, 3142998.21199999935925 ], [ 7953.842800000682473, 3142870.396600004285574 ], [ 7966.952100002206862, 3142798.295500000938773 ], [ 7953.842800000682473, 3142693.421300001442432 ], [ 7940.733599999919534, 3142624.597600001841784 ], [ 7937.456199999898672, 3142575.43779999949038 ], [ 7937.456199999898672, 3142536.109900001436472 ], [ 7904.682999999262393, 3142457.454299999400973 ], [ 7626.110900000669062, 3141972.410900004208088 ], [ 7629.388199999928474, 3141926.528500001877546 ], [ 7540.900600000284612, 3141769.217100001871586 ], [ 7501.572700000368059, 3141657.788200002163649 ], [ 7377.034599999897182, 3141448.039800003170967 ], [ 7370.479900000616908, 3141385.770700000226498 ], [ 7367.202600002288818, 3141310.392400002107024 ], [ 7288.546900001354516, 3141202.240800000727177 ], [ 7262.32839999999851, 3141139.971700003370643 ], [ 7200.059299999848008, 3141077.7027000002563 ], [ 7150.899500001221895, 3141012.156300002709031 ], [ 7049.302600000984967, 3140904.004700001329184 ], [ 6990.310800000093877, 3140845.013000002130866 ], [ 6885.436600000597537, 3140779.466600000858307 ], [ 6872.327300001867115, 3140704.088199999183416 ], [ 6839.554100001230836, 3140599.213999999687076 ], [ 6852.663399999961257, 3140510.726299999281764 ], [ 6898.545900002121925, 3140471.398500001057982 ], [ 6977.201599999330938, 3140451.7346 ], [ 7016.529400000348687, 3140448.457299999892712 ], [ 7034.097900002263486, 3140426.739 ], [ 7040.213899999856949, 3140377.81110000051558 ], [ 7038.175200001336634, 3140357.424400001764297 ] ] ] } },
{ "type": "Feature", "properties": { "IMIS_CODE": "31313010014003000", "PARENT_CHA": "Sultan Disty", "REMARKS": null, "ZONE_NAME": "Bahawalpur", "CIRCLE_NAM": "Bahawalpur", "CHANNEL_NA": "Faiz Minor", "CHANNEL_TY": "M", "DESIGNED_D": 45.0 }, "geometry": { "type": "MultiLineString", "coordinates": [ [ [ 128158.033699999563396, 3238230.593100002035499 ], [ 128066.791899999603629, 3238073.937900001183152 ], [ 128008.502800000831485, 3237924.976800000295043 ], [ 127953.451999999582767, 3237827.828300001099706 ], [ 127908.11600000038743, 3237785.730600003153086 ], [ 127817.44400000013411, 3237785.730600003153086 ], [ 127636.100100001320243, 3237801.922000002115965 ], [ 127548.666400001384318, 3237808.398600000888109 ], [ 127500.092199999839067, 3237808.398600000888109 ], [ 127445.041299999691546, 3237801.922000002115965 ], [ 127276.650600001215935, 3237691.82039999961853 ], [ 127014.34950000140816, 3237513.714700004085898 ], [ 126797.384500000625849, 3237367.991900002583861 ], [ 126535.083500000648201, 3237241.698899999260902 ], [ 126386.122399999760091, 3237215.792600000277162 ], [ 125877.711800000630319, 3237244.937100000679493 ], [ 125421.113700001500547, 3237128.358900001272559 ], [ 125323.965200000442564, 3237044.163499999791384 ], [ 125097.285300000570714, 3236811.006999999284744 ], [ 124951.562500001862645, 3236652.33110000193119 ], [ 124653.640300001017749, 3236328.502699999138713 ], [ 124307.143899999558926, 3235975.529700003564358 ], [ 124035.128000000491738, 3235661.416100000962615 ], [ 123649.772200001403689, 3235272.822000004351139 ], [ 123238.510100000537932, 3234829.177100002765656 ], [ 122736.575999999418855, 3234298.098500000312924 ], [ 122299.407700001262128, 3233860.930099999532104 ], [ 122163.399699999950826, 3233737.875299997627735 ], [ 122027.391800000332296, 3233676.347899999469519 ], [ 121956.149500000290573, 3233647.203300001099706 ], [ 121340.875500001013279, 3233592.152500001713634 ], [ 120719.124900000169873, 3233550.054800001904368 ], [ 120039.085200000554323, 3233423.761700000613928 ], [ 119248.943900000303984, 3233271.562400002032518 ], [ 118562.427600000984967, 3233135.554400002583861 ], [ 118115.544400000944734, 3233048.120699999853969 ], [ 117895.341099999845028, 3233061.073899999260902 ], [ 117461.411000000312924, 3233070.788699999451637 ], [ 117069.578599998727441, 3233080.503600003197789 ] ] ] } },
{ "type": "Feature", "properties": { "IMIS_CODE": "31313021004000000", "PARENT_CHA": "Dera Nawab Branch", "REMARKS": null, "ZONE_NAME": "Bahawalpur", "CIRCLE_NAM": "Bahawalpur", "CHANNEL_NA": "Shahiwala Disty", "CHANNEL_TY": "D", "DESIGNED_D": 405.0 }, "geometry": { "type": "MultiLineString", "coordinates": [ [ [ 158848.737500000745058, 3224632.765400001779199 ], [ 157909.642900000326335, 3224752.453899998217821 ], [ 156949.833000000566244, 3224865.237299999222159 ], [ 156309.959699998609722, 3224915.874800000339746 ], [ 155854.222600000910461, 3224975.719000002369285 ], [ 155007.196100001223385, 3225065.485400002449751 ], [ 154505.425000000745058, 3225088.502400003373623 ], [ 153761.975100001320243, 3225070.088800001889467 ], [ 153669.907000000588596, 3225040.1667 ], [ 153214.169900000095367, 3224814.599900003522635 ], [ 152500.642200000584126, 3224444.025800002738833 ], [ 152208.3260000012815, 3224282.906600000336766 ], [ 151614.486700001172721, 3223776.5320999994874 ], [ 151220.895600000396371, 3223433.578400004655123 ], [ 150698.40919999871403, 3222977.841299999505281 ], [ 150235.767, 3222570.439999999478459 ], [ 149837.572500000707805, 3222241.296499999240041 ], [ 149289.767300000414252, 3221767.14580000191927 ], [ 149036.580000000074506, 3221550.785800000652671 ], [ 148555.524200001731515, 3221171.004899999126792 ], [ 147683.178999999538064, 3220409.141400001943111 ], [ 147522.059799999929965, 3220271.039200002327561 ], [ 146820.040500001050532, 3219656.484699998050928 ], [ 146276.838800001889467, 3219173.127200001850724 ], [ 145715.223399999551475, 3218694.373100001364946 ], [ 145466.63950000051409, 3218471.107900001108646 ], [ 145326.235699999146163, 3218452.694299999624491 ], [ 144670.250500000081956, 3218450.3926 ], [ 143889.973299999721348, 3218448.090900000184774 ], [ 143429.632900000549853, 3218457.297700000926852 ], [ 143098.187700000591576, 3218319.195600003004074 ], [ 142676.97620000038296, 3218130.456000003963709 ], [ 142096.947100001387298, 3217872.665300002321601 ], [ 141666.528800000436604, 3217667.813800001516938 ], [ 141539.935100002214313, 3217640.193300001323223 ], [ 141390.324500001035631, 3217644.796700002625585 ], [ 140515.677599999122322, 3217575.745700001716614 ], [ 139675.556200001388788, 3217515.901399999856949 ], [ 138939.01140000205487, 3217472.169100001454353 ], [ 138342.870500001125038, 3217428.436700003221631 ], [ 137537.961799999698997, 3217375.631700001657009 ], [ 136517.246600000187755, 3217296.506500003859401 ], [ 136374.821200001053512, 3217280.681500002741814 ], [ 136319.433600000105798, 3217241.118800001218915 ], [ 135156.292900000698864, 3216252.053699998185039 ], [ 134618.241500000469387, 3215745.652300000190735 ], [ 134072.277600000612438, 3215286.726100003346801 ], [ 132244.485200000926852, 3213648.83420000039041 ], [ 129269.377199999988079, 3212849.669600002467632 ], [ 128571.097200000658631, 3212718.1239 ], [ 127947.986200001090765, 3212546.026600003242493 ], [ 127336.743900001980364, 3212367.994900001212955 ], [ 126897.599000000394881, 3212255.241499999538064 ], [ 126666.157800000160933, 3212100.947300000116229 ], [ 125799.736700001172721, 3211406.623600002378225 ], [ 125081.675400000996888, 3210914.0691 ], [ 124553.514600000344217, 3210902.200300000607967 ], [ 123675.224799999967217, 3210902.200300000607967 ], [ 122927.491500000469387, 3210937.806700000539422 ], [ 122559.559299999848008, 3210943.741100003942847 ], [ 121722.810200000181794, 3210979.34740000218153 ], [ 120998.814500001259148, 3211009.01940000243485 ], [ 120838.585900000296533, 3211020.8882 ], [ 119711.051700000651181, 3210563.940099999308586 ], [ 119598.298300000838935, 3210522.399300003424287 ], [ 118340.207399999722838, 3210023.910499999299645 ], [ 117325.426599998958409, 3209614.4375 ], [ 116043.59810000192374, 3209068.473599998280406 ] ] ] } }
]
}
